stock_code,description,revenue,sold_units,orders,return_value,return_units,cancelled_orders,return_unit_rate
DOT,DOTCOM POSTAGE,206248.77,706,706,3.29,1.0,1.0,0.0014144271570014145
22423,REGENCY CAKESTAND 3 TIER,174484.74,13879,1988,9722.55,857.0,180.0,0.05815689467969598
23843,"PAPER CRAFT , LITTLE BIRDIE",168469.6,80995,1,168469.6,80995.0,1.0,0.5
85123A,WHITE HANGING HEART T-LIGHT HOLDER,104340.29000000001,37599,2189,6624.3,2578.0,42.0,0.06416606516165965
47566,PARTY BUNTING,99504.33,18295,1685,1201.3500000000001,277.0,20.0,0.014914925694594013
85099B,JUMBO BAG RED RETROSPOT,94340.05,48474,2089,1984.02,1115.0,43.0,0.022484825263667345
23166,MEDIUM CERAMIC TOP STORAGE JAR,81700.92000000001,78033,247,77479.64,74494.0,10.0,0.48839877529879955
M,Manual,78110.27,7224,289,146784.46,4066.0,223.0,0.36014171833480957
POST,POSTAGE,78101.88,3150,1126,11871.24,147.0,124.0,0.044585987261146494
23084,RABBIT NIGHT LIGHT,66964.99,30788,994,208.4,108.0,15.0,0.003495598135680994
22086,PAPER CHAIN KIT 50'S CHRISTMAS,64952.29,19355,1160,1160.35,453.0,10.0,0.022869547657512115
84879,ASSORTED COLOUR BIRD ORNAMENT,59094.93,36461,1455,135.2,80.0,12.0,0.002189321583974166
79321,CHILLI LIGHTS,54117.76,10306,661,349.7,80.0,6.0,0.007702676680146351
23298,SPOTTY BUNTING,42548.130000000005,8327,1140,482.81,110.0,12.0,0.01303780964797914
22386,JUMBO BAG PINK POLKADOT,42436.24,21465,1218,816.58,456.0,13.0,0.020801970713014917
21137,BLACK RECORD COVER FRAME,40652.13,11656,375,55.17,15.0,5.0,0.0012852369120041128
22502,PICNIC BASKET WICKER 60 PIECES,39619.5,61,2,385.25,75.0,9.0,0.5514705882352942
23284,DOORMAT KEEP CALM AND COME IN,38166.64,5491,728,1601.25,225.0,7.0,0.03936319104268719
22720,SET OF 3 CAKE TINS PANTRY DESIGN,38158.39,7493,1385,744.95,157.0,73.0,0.020522875816993465
22960,JAM MAKING SET WITH JARS,37128.88,8706,1132,1012.79,247.0,87.0,0.027588517815257455
82484,WOOD BLACK BOARD ANT WHITE FINISH,36030.22,6020,685,170.95000000000002,24.0,11.0,0.003970880211780278
20725,LUNCH BAG RED RETROSPOT,35752.01,19353,1564,854.7,574.0,43.0,0.028805138756461082
22197,POPCORN HOLDER,34298.87,36761,803,366.55,471.0,50.0,0.01265040825096691
22178,VICTORIAN GLASS HANGING T-LIGHT,33187.97,24304,1037,638.4,450.0,25.0,0.018178880180980853
22114,HOT WATER BOTTLE TEA AND SYMPATHY,33002.590000000004,5747,643,310.1,82.0,5.0,0.014067593069137073
22910,PAPER CHAIN KIT VINTAGE CHRISTMAS,32873.340000000004,10604,820,931.45,351.0,12.0,0.032040164308534916
22112,CHOCOLATE HOT WATER BOTTLE,32866.18,6025,858,548.88,128.0,8.0,0.02080286039330408
85099F,JUMBO BAG STRAWBERRY,32570.47,17273,812,448.49,250.0,13.0,0.014266963419505792
22469,HEART OF WICKER SMALL,32107.8,17971,1201,207.95,135.0,11.0,0.007456091903236496
23245,SET OF 3 REGENCY CAKE TINS,31177.95,6357,873,421.5,90.0,37.0,0.013959981386691484
21931,JUMBO STORAGE BAG SUKI,30770.12,13654,1184,602.33,334.0,17.0,0.023877609379468114
22727,ALARM CLOCK BAKELIKE RED,30701.12,7815,1051,277.5,74.0,30.0,0.009380149575358094
23199,JUMBO BAG APPLES,30475.65,14920,978,1309.25,723.0,21.0,0.04621875599309595
22470,HEART OF WICKER LARGE,30139.41,9901,925,189.5,68.0,16.0,0.006821145551208747
22355,CHARLOTTE BAG SUKI DESIGN,29277.95,18152,882,113.59,150.0,12.0,0.008195825592831385
22699,ROSES REGENCY TEACUP AND SAUCER,29095.27,9877,1065,1150.35,437.0,54.0,0.04236959472561567
23355,HOT WATER BOTTLE KEEP CALM,28842.550000000003,5841,782,417.6,96.0,8.0,0.01616978271854472
22411,JUMBO SHOPPER VINTAGE RED PAISLEY,28634.95,12602,1175,622.47,354.0,12.0,0.027323247916023464
22457,NATURAL SLATE HEART CHALKBOARD,28147.960000000003,9172,1249,152.60000000000002,52.0,17.0,0.005637467476149176
85099C,JUMBO  BAG BAROQUE BLACK WHITE,28092.2,13922,933,510.88000000000005,281.0,14.0,0.019784552559318453
20685,DOORMAT RED RETROSPOT,28082.54,4092,696,461.22,66.0,7.0,0.015873015873015872
23201,JUMBO BAG ALPHABET,27890.170000000002,13379,906,1076.02,594.0,14.0,0.04251055607242539
22726,ALARM CLOCK BAKELIKE GREEN,27196.53,6430,980,157.5,42.0,21.0,0.0064894932014833125
84347,ROTATING SILVER ANGELS T-LIGHT HLDR,26463.829999999998,9476,449,321.6,9376.0,4.0,0.497347761510715
21915,RED  HARMONICA IN BOX,26331.58,21933,661,83.75,67.0,9.0,0.0030454545454545456
22666,RECIPE BOX PANTRY YELLOW DESIGN,26240.600000000002,8276,1111,421.05,151.0,47.0,0.017918594992286697
21175,GIN + TONIC DIET METAL SIGN,25836.57,11727,759,3775.33,2030.0,7.0,0.1475612415497565
22629,SPACEBOY LUNCH BOX,25740.469999999998,14260,900,92.7,54.0,8.0,0.0037725303898281403
22961,JAM MAKING SET PRINTED,25660.98,16412,1162,425.75,331.0,12.0,0.01976945589201457
48138,DOORMAT UNION FLAG,25609.6,3762,616,97.5,12.0,7.0,0.003179650238473768
21181,PLEASE ONE PERSON METAL SIGN,25290.58,12305,845,169.70000000000002,87.0,10.0,0.007020658489347967
23173,REGENCY TEAPOT ROSES,24918.93,2770,416,436.40000000000003,52.0,13.0,0.01842664776754075
21621,VINTAGE UNION JACK BUNTING,24542.83,2789,475,238.0,28.0,4.0,0.009939652112176074
23203,JUMBO BAG VINTAGE DOILY,24522.36,11464,711,1076.4,590.0,17.0,0.04894640783142525
22111,SCOTTIE DOG HOT WATER BOTTLE,24509.84,4666,771,544.45,129.0,7.0,0.026903023983315955
22722,SET OF 6 SPICE TINS PANTRY DESIGN,24483.66,5978,834,118.0,30.0,12.0,0.004993342210386152
22326,ROUND SNACK BOXES SET OF4 WOODLAND,24438.620000000003,8560,732,120.95000000000002,41.0,17.0,0.004766887571212649
48187,DOORMAT NEW ENGLAND,24292.84,3830,600,31.8,4.0,2.0,0.0010432968179447052
22138,BAKING SET 9 PIECE RETROSPOT,24239.72,4948,934,311.1,68.0,27.0,0.013556618819776715
21731,RED TOADSTOOL LED NIGHT LIGHT,23932.98,14009,849,281.29999999999995,186.0,12.0,0.013103205353997886
48185,DOORMAT FAIRY CAKE,23888.81,3617,365,4554.9,674.0,3.0,0.15707294336984387
23344,JUMBO BAG 50'S CHRISTMAS,23815.75,10306,716,486.96000000000004,262.0,7.0,0.024791824375473125
23243,SET OF TEA COFFEE SUGAR TINS PANTRY,23514.170000000002,4805,470,545.5500000000001,117.0,35.0,0.023770824867939862
22189,CREAM HEART CARD HOLDER,23463.47,8291,524,31.6,8.0,5.0,0.0009639715628388962
21733,RED HANGING HEART T-LIGHT HOLDER,23228.74,7882,741,152.95000000000002,57.0,13.0,0.007179745559894193
21929,JUMBO BAG PINK VINTAGE PAISLEY,23181.14,11007,865,387.07,222.0,12.0,0.019770237777184077
82482,WOODEN PICTURE FRAME WHITE FINISH,23113.260000000002,9006,1100,581.55,233.0,18.0,0.025219179564887974
20713,JUMBO BAG OWLS,23030.96,11444,657,431.43,243.0,6.0,0.020792333361855053
21623,VINTAGE UNION JACK MEMOBOARD,23010.09,3272,221,39.8,4.0,4.0,0.001221001221001221
22139,RETROSPOT TEA SET CERAMIC 11 PC,22912.81,4527,962,195.3,42.0,16.0,0.009192383453709783
22697,GREEN REGENCY TEACUP AND SAUCER,22826.3,7302,1013,393.05,143.0,42.0,0.01920752182672935
22090,PAPER BUNTING RETROSPOT,22790.960000000003,7564,798,196.4,72.0,7.0,0.009429020429544265
85066,CREAM SWEETHEART MINI CHEST,22708.95,1793,519,460.8,42.0,25.0,0.022888283378746595
20727,LUNCH BAG  BLACK SKULL.,22421.21,12240,1273,202.2,128.0,22.0,0.01034928848641656
15056N,EDWARDIAN PARASOL NATURAL,22176.49,3954,456,337.45000000000005,57.0,7.0,0.014210919970082274
84029E,RED WOOLLY HOTTIE WHITE HEART.,22144.98,4765,429,256.45,67.0,6.0,0.013865894039735099
48194,DOORMAT HEARTS,22138.57,3419,592,23.85,3.0,2.0,0.0008766803039158387
20712,JUMBO BAG WOODLAND ANIMALS,22092.42,9773,863,426.46000000000004,240.0,9.0,0.023968840507340456
23202,JUMBO BAG VINTAGE LEAF,21852.81,10962,879,442.46000000000004,242.0,6.0,0.021599428775437343
20724,RED RETROSPOT CHARLOTTE BAG,21776.79,17765,1032,170.31,223.0,16.0,0.01239715365799422
20728,LUNCH BAG CARS BLUE,21750.63,11817,1150,327.5,214.0,23.0,0.017787382594963014
22630,DOLLY GIRL LUNCH BOX,21635.14,11793,850,478.6499999999999,275.0,10.0,0.022787537288697382
21523,DOORMAT FANCY FONT HOME SWEET HOME,21601.69,3246,502,40.05,5.0,3.0,0.0015379883112888342
21843,RED RETROSPOT CAKE STAND,21365.25,2013,539,2480.5,322.0,42.0,0.13790149892933617
21212,PACK OF 72 RETROSPOT CAKE CASES,21259.100000000002,36419,1320,199.38,380.0,14.0,0.010326367564335987
21166,COOK WITH WINE METAL SIGN,20957.64,10364,723,161.1,87.0,11.0,0.008324562242847574
23206,LUNCH BAG APPLE DESIGN,20911.98,12183,1036,97.15,59.0,13.0,0.004819473942166312
22659,LUNCH BOX I LOVE LONDON,20818.7,11523,707,545.9999999999999,322.0,18.0,0.027184466019417475
22728,ALARM CLOCK BAKELIKE PINK,20702.15,5364,783,153.75,41.0,16.0,0.0075855689176688255
21479,WHITE SKULL HOT WATER BOTTLE,20594.45,3918,499,635.9300000000001,185.0,4.0,0.04508895929807458
82494L,WOODEN FRAME ANTIQUE WHITE,19640.79,6749,910,910.9499999999999,353.0,16.0,0.049704308645451986
84946,ANTIQUE SILVER T-LIGHT GLASS,19411.62,14688,689,372.96000000000004,335.0,27.0,0.022299141316647807
22501,PICNIC BASKET WICKER LARGE,19322.16,1604,445,873.1999999999999,100.0,17.0,0.05868544600938967
22328,ROUND SNACK BOXES SET OF 4 FRUITS,19130.37,6847,581,1691.4999999999998,658.0,16.0,0.08767488341105929
22467,GUMBALL COAT RACK,18890.47,7962,681,337.5,147.0,30.0,0.01812800591934887
22969,HOMEMADE JAM SCENTED CANDLES,18788.55,12532,646,185.79999999999998,140.0,8.0,0.011047979797979798
22383,LUNCH BAG SUKI DESIGN,18750.579999999998,10332,1084,223.8,148.0,21.0,0.014122137404580152
15036,ASSORTED COLOURS SILK FAN,18569.84,23826,518,505.68,744.0,4.0,0.03028083028083028
20726,LUNCH BAG WOODLAND,18323.38,9933,1017,134.9,82.0,19.0,0.008187718422366451
22382,LUNCH BAG SPACEBOY DESIGN,18092.36,10464,1157,242.35,159.0,13.0,0.014967523298503248
21108,FAIRY CAKE FLANNEL ASSORTED COLOUR,18069.280000000002,10253,262,6591.420000000001,3150.0,3.0,0.23502200999776168
22835,HOT WATER BOTTLE I AM SO POORLY,18055.11,3474,657,1679.6999999999998,394.0,6.0,0.10186142709410548
22693,GROW A FLYTRAP OR SUNFLOWER IN TIN,17927.45,16244,305,90.0,72.0,2.0,0.004412846285854376
22865,HAND WARMER OWL DESIGN,17910.030000000002,8498,654,258.05,123.0,11.0,0.014267486370490662
21485,RETROSPOT HEART HOT WATER BOTTLE,17708.53,3533,623,99.00000000000001,20.0,8.0,0.005629045876723895
20914,SET/5 RED RETROSPOT LID GLASS BOWLS,17655.8,6084,879,300.85,107.0,34.0,0.017283152963979972
22698,PINK REGENCY TEACUP AND SAUCER,17551.760000000002,5824,765,387.50000000000006,138.0,35.0,0.02314659510231466
22384,LUNCH BAG PINK POLKADOT,17435.19,10515,1090,236.2,152.0,20.0,0.014249554701415581
23203,JUMBO BAG DOILEY PATTERNS,17272.85,8895,514,1076.4,590.0,17.0,0.06220347917764892
21928,JUMBO BAG SCANDINAVIAN BLUE PAISLEY,17245.93,8414,662,484.53000000000003,268.0,10.0,0.030868463487675652
22077,6 RIBBONS RUSTIC CHARM,17205.37,9183,955,56.099999999999994,34.0,6.0,0.0036888358468048174
22385,JUMBO BAG SPACEBOY DESIGN,17081.86,8671,686,215.14,118.0,4.0,0.013425873250654226
71477,COLOUR GLASS. STAR T-LIGHT HOLDER,17073.65,5737,264,3443.62,1228.0,31.0,0.17631012203876525
22197,SMALL POPCORN HOLDER,17055.149999999998,20160,589,366.55,471.0,50.0,0.022829722262614514
21754,HOME BUILDING BLOCK WORD,17049.920000000002,2780,777,118.60000000000001,20.0,10.0,0.007142857142857143
82583,HOT BATHS METAL SIGN,17047.06,7306,609,133.46,72.0,8.0,0.009758742206560044
22492,MINI PAINT SET VINTAGE,16937.82,26633,380,127.4,196.0,10.0,0.007305527600730553
20719,WOODLAND CHARLOTTE BAG,16759.75,13308,833,87.39999999999999,112.0,8.0,0.00834575260804769
22624,IVORY KITCHEN SCALES,16528.31,1901,711,168.3,21.0,9.0,0.010926118626430802
22993,SET OF 4 PANTRY JELLY MOULDS,16507.23,12672,1073,85.0,68.0,9.0,0.005337519623233909
84978,HANGING HEART JAR T-LIGHT HOLDER,16477.53,12512,728,206.59,175.0,30.0,0.013793647040277449
84078A,SET/4 WHITE RETRO STORAGE CUBES,16363.300000000001,415,155,1248.25,35.0,8.0,0.07777777777777778
23301,GARDENERS KNEELING PAD KEEP CALM,16357.05,8825,913,168.89999999999998,114.0,11.0,0.012753104374091061
84029G,KNITTED UNION FLAG HOT WATER BOTTLE,16164.04,3323,459,58.0,14.0,4.0,0.004195385076415942
85152,HAND OVER THE CHOCOLATE   SIGN,15983.330000000002,8272,677,135.22,74.0,3.0,0.008866522885214475
23313,VINTAGE CHRISTMAS BUNTING,15833.310000000001,2997,401,64.35,13.0,2.0,0.004318936877076412
15056BL,EDWARDIAN PARASOL BLACK,15828.84,2844,321,652.5,130.0,5.0,0.04371217215870881
22379,RECYCLING BAG RETROSPOT,15636.99,6910,748,122.65,64.0,5.0,0.009176942930886148
82483,WOOD 2 DRAWER CABINET WHITE FINISH,15240.07,2403,543,1240.7,206.0,40.0,0.07895745496358758
22084,PAPER CHAIN KIT EMPIRE,15122.970000000001,5189,436,120.95,41.0,2.0,0.007839388145315488
22900,SET 2 TEA TOWELS I LOVE LONDON,14975.93,4919,533,552.5999999999999,216.0,11.0,0.042064264849074974
84997D,CHILDRENS CUTLERY POLKADOT PINK,14501.94,3668,358,108.75,29.0,3.0,0.007844197998377062
22752,SET 7 BABUSHKA NESTING BOXES,14453.470000000001,1790,380,952.0000000000001,124.0,5.0,0.06478578892371996
22866,HAND WARMER SCOTTY DOG DESIGN,14410.62,6632,548,209.10000000000002,111.0,5.0,0.01646151564585496
22847,BREAD BIN DINER STYLE IVORY,14329.539999999999,901,375,711.8,44.0,31.0,0.04656084656084656
48184,DOORMAT ENGLISH ROSE,14324.0,2038,407,47.7,6.0,3.0,0.0029354207436399216
23200,JUMBO BAG PEARS,14197.28,7071,595,243.63000000000002,134.0,6.0,0.01859819569743234
22507,MEMO BOARD RETROSPOT  DESIGN,14193.35,2960,459,33.95,7.0,5.0,0.0023592854735422987
22083,PAPER CHAIN KIT RETROSPOT,14159.54,4658,610,165.20000000000002,56.0,5.0,0.011879507848960543
22625,RED KITCHEN SCALES,14141.7,1627,546,198.05,24.0,18.0,0.014536644457904301
21232,STRAWBERRY CERAMIC TRINKET BOX,14130.08,10483,706,443.25,385.0,57.0,0.0354251012145749
22867,HAND WARMER BIRD DESIGN,14078.69,6441,554,111.30000000000001,53.0,6.0,0.00816137973514013
21930,JUMBO STORAGE BAG SKULLS,14031.16,6450,705,6.24,3.0,3.0,0.00046490004649000463
23343,JUMBO BAG VINTAGE CHRISTMAS,13978.95,6081,476,505.68,271.0,7.0,0.042663727959697736
22622,BOX OF VINTAGE ALPHABET BLOCKS,13931.31,1342,267,151.34999999999997,13.0,5.0,0.00959409594095941
84077,WORLD WAR 2 GLIDERS ASSTD DESIGNS,13841.849999999999,55047,535,253.92,1200.0,5.0,0.021334471171795828
20971,PINK BLUE FELT CRAFT TRINKET BOX,13838.1,11001,522,2778.77,2617.0,4.0,0.1921721251285064
22941,CHRISTMAS LIGHTS 10 REINDEER,13812.92,1672,311,429.25,51.0,20.0,0.02959953569355775
AMAZONFEE,AMAZON FEE,13761.09,2,2,235281.59,32.0,32.0,0.9411764705882353
22171,3 HOOK PHOTO SHELF ANTIQUE WHITE,13746.11,1811,382,876.35,112.0,16.0,0.058242329693187725
23077,DOUGHNUT LIP GLOSS,13720.77,10415,344,75.0,60.0,3.0,0.005727923627684964
22551,PLASTERS IN TIN SPACEBOY,13615.31,8082,673,47.849999999999994,29.0,8.0,0.0035753914437184073
21524,DOORMAT SPOTTY HOME SWEET HOME,13612.41,1757,480,48.9,6.0,3.0,0.003403289846851957
23356,LOVE HOT WATER BOTTLE,13494.970000000001,2386,476,53.55,9.0,2.0,0.0037578288100208767
23207,LUNCH BAG ALPHABET DESIGN,13360.2,7851,740,659.6,448.0,13.0,0.05398240751897819
22558,CLOTHES PEGS RETROSPOT PACK 24,13346.039999999999,8689,772,66.58,42.0,11.0,0.0048104455388844345
22554,PLASTERS IN TIN WOODLAND ANIMALS,13344.769999999999,7813,704,47.849999999999994,29.0,5.0,0.0036980362152512114
23108,SET OF 10 LED DOLLY LIGHTS,13303.019999999999,2221,372,317.6,64.0,18.0,0.02800875273522976
23328,SET 6 SCHOOL MILK BOTTLES IN CRATE,13284.49,2845,405,29.64,8.0,5.0,0.0028040658955485456
22113,GREY HEART HOT WATER BOTTLE,12805.33,3231,561,104.25,27.0,4.0,0.008287292817679558
22499,WOODEN UNION JACK BUNTING,12792.25,2091,407,23.8,4.0,2.0,0.0019093078758949881
22427,ENAMEL FLOWER JUG CREAM,12671.060000000001,2110,506,243.90000000000003,42.0,13.0,0.019516728624535316
20750,RED RETROSPOT MINI CASES,12642.93,1748,385,47.7,6.0,4.0,0.0034207525655644243
20749,ASSORTED COLOUR MINI CASES,12614.17,1770,383,63.6,8.0,6.0,0.0044994375703037125
21755,LOVE BUILDING BLOCK WORD,12572.710000000001,2034,629,23.8,4.0,2.0,0.001962708537782139
22607,WOODEN ROUNDERS GARDEN SET,12571.369999999999,1331,358,36.9,4.0,4.0,0.00299625468164794
20723,STRAWBERRY CHARLOTTE BAG,12552.4,9798,722,62.709999999999994,75.0,12.0,0.007596475235490732
21790,VINTAGE SNAP CARDS,12515.96,14528,926,72.24999999999999,85.0,3.0,0.005816738520495449
22188,BLACK HEART CARD HOLDER,12487.17,4871,189,3.95,1.0,1.0,0.00020525451559934318
22568,FELTCRAFT CUSHION OWL,12440.14,3380,470,1028.8200000000002,302.0,7.0,0.08202064095600217
22424,ENAMEL BREAD BIN CREAM,12383.83,875,454,342.6,28.0,17.0,0.031007751937984496
22149,FELTCRAFT 6 FLOWER FRIENDS,12373.880000000001,6078,547,1158.3,623.0,9.0,0.09297119832860767
23174,REGENCY SUGAR BOWL GREEN,12350.73,3057,322,345.2,88.0,17.0,0.027980922098569158
21977,PACK OF 60 PINK PAISLEY CAKE CASES,12245.02,24854,869,55.550000000000004,101.0,6.0,0.004047285113203767
48188,DOORMAT WELCOME PUPPIES,12114.97,2065,287,40.05,5.0,3.0,0.0024154589371980675
47590B,PINK HAPPY BIRTHDAY BUNTING,12071.92,2327,393,124.1,26.0,4.0,0.011049723756906077
22273,FELTCRAFT DOLL MOLLY,12016.34,4514,331,3512.6499999999996,1447.0,5.0,0.2427445059553766
22191,IVORY DINER WALL CLOCK,11971.15,1452,415,2653.7000000000003,344.0,16.0,0.1915367483296214
22158,3 HEARTS HANGING DECORATION RUSTIC,11944.880000000001,3463,303,71.75,25.0,8.0,0.007167431192660551
82486,WOOD S/3 CABINET ANT WHITE FINISH,11937.68,1408,403,585.9,70.0,21.0,0.04736129905277402
21430,SET/3 RED GINGHAM ROSE STORAGE BOX,11928.45,3040,477,144.03,41.0,12.0,0.013307367737747485
22087,PAPER BUNTING WHITE LACE,11893.230000000001,4089,326,223.8,76.0,8.0,0.018247298919567827
22193,RED DINER WALL CLOCK,11882.57,1403,460,192.95000000000002,24.0,9.0,0.016818500350385426
23300,GARDENERS KNEELING PAD CUP OF TEA,11815.689999999999,6827,758,231.59999999999997,152.0,7.0,0.021779624588049863
22502,PICNIC BASKET WICKER SMALL,11807.12,1879,461,385.25,75.0,9.0,0.0383828045035824
21936,RED RETROSPOT PICNIC BAG,11671.09,3987,531,157.10000000000002,56.0,12.0,0.013851100667820925
23581,JUMBO BAG PAISLEY PARK,11613.03,5035,338,224.76,122.0,4.0,0.023657165018421564
22692,DOORMAT WELCOME TO OUR HOME,11555.56,1524,443,23.85,3.0,2.0,0.0019646365422396855
21217,RED RETROSPOT ROUND CAKE TINS,11532.39,1089,344,89.55,9.0,7.0,0.00819672131147541
22730,ALARM CLOCK BAKELIKE IVORY,11479.65,2892,570,195.0,52.0,13.0,0.017663043478260868
21481,FAWN BLUE HOT WATER BOTTLE,11466.37,3313,490,239.6,88.0,7.0,0.02587474272272861
22356,CHARLOTTE BAG PINK POLKADOT,11420.289999999999,9719,742,201.53,266.0,17.0,0.026639959939909866
21216,"SET 3 RETROSPOT TEA,COFFEE,SUGAR",11407.56,2133,430,78.5,16.0,10.0,0.007445323406235459
22041,"RECORD FRAME 7"" SINGLE SIZE",11354.56,4374,361,93.75,38.0,4.0,0.008612873980054397
21340,CLASSIC METAL BIRDCAGE PLANT HOLDER,11338.27,978,290,298.2,28.0,7.0,0.027833001988071572
21080,SET/20 RED RETROSPOT PAPER NAPKINS,11319.36,13210,986,14.45,17.0,2.0,0.0012852498676948665
47566B,TEA TIME PARTY BUNTING,11290.12,2382,365,3692.9499999999994,1424.0,7.0,0.3741460851287441
22605,WOODEN CROQUET GARDEN SET,11276.21,782,299,97.0,8.0,7.0,0.010126582278481013
22570,FELTCRAFT CUSHION RABBIT,11227.47,3092,386,832.35,245.0,3.0,0.073419238837279
23170,REGENCY TEA PLATE ROSES,11117.05,6869,445,1046.3,718.0,12.0,0.09463556082773164
22413,METAL SIGN TAKE IT OR LEAVE IT,11104.79,3777,412,53.10000000000001,18.0,3.0,0.0047430830039525695
22662,LUNCH BAG DOLLY GIRL DESIGN,11090.58,6724,682,28.049999999999997,17.0,8.0,0.0025218810265539237
B,Adjust bad debt,11062.06,1,1,0.0,0.0,0.0,0.0
20711,JUMBO BAG TOYS,11014.62,5007,522,40.31,22.0,7.0,0.004374627162457745
85014B,RED RETROSPOT UMBRELLA,10981.95,1915,350,11.9,2.0,2.0,0.0010432968179447052
22988,SOLDIERS EGG CUP,10938.31,9137,418,132.78,112.0,8.0,0.0121094172342956
85048,15CM CHRISTMAS GLASS BALL 20 LIGHTS,10910.61,1359,261,307.95,41.0,22.0,0.029285714285714286
23209,LUNCH BAG VINTAGE DOILY,10820.1,6562,601,65.80000000000001,40.0,11.0,0.006058770069675856
22617,BAKING SET SPACEBOY DESIGN,10745.050000000001,2209,464,142.15,29.0,15.0,0.012957998212689902
22846,BREAD BIN DINER STYLE RED,10676.619999999999,665,278,416.7,26.0,18.0,0.03762662807525326
22734,SET OF 6 RIBBONS VINTAGE CHRISTMAS,10621.6,3265,422,86.7,30.0,4.0,0.009104704097116844
21791,VINTAGE HEADS AND TAILS CARD GAME,10535.65,7889,607,45.0,36.0,3.0,0.004542586750788643
21891,TRADITIONAL WOODEN SKIPPING ROPE,10526.0,8145,425,59.31999999999999,46.0,6.0,0.0056159199120986445
84755,COLOUR GLASS T-LIGHT HOLDER HANGING,10518.25,16449,621,44.85,69.0,12.0,0.004177261169633128
23209,LUNCH BAG DOILEY PATTERN,10510.44,6556,492,65.80000000000001,40.0,11.0,0.006064281382656155
47590A,BLUE HAPPY BIRTHDAY BUNTING,10502.650000000001,1992,390,114.80000000000001,24.0,3.0,0.011904761904761904
23208,LUNCH BAG VINTAGE LEAF DESIGN,10498.01,6342,668,109.85,73.0,4.0,0.011379579111457521
22992,REVOLVER WOODEN RULER,10379.84,5236,348,1193.4,716.0,8.0,0.12029569892473119
22169,FAMILY ALBUM WHITE PICTURE FRAME,10354.26,1198,372,257.55,32.0,17.0,0.026016260162601626
21914,BLUE HARMONICA IN BOX,10343.56,7879,603,45.0,36.0,2.0,0.004548325963360708
84997B,CHILDRENS CUTLERY RETROSPOT RED,10316.86,2634,262,127.5,34.0,3.0,0.012743628185907047
84947,ANTIQUE SILVER TEA GLASS ENGRAVED,10297.27,8706,347,38.29,32.0,10.0,0.0036621652552071412
23582,VINTAGE DOILY JUMBO BAG RED,10233.45,4815,259,222.68,121.0,3.0,0.024513776337115073
22970,LONDON BUS COFFEE MUG,10224.75,4367,317,33.6,16.0,3.0,0.003650467716176135
82600,NO SINGING METAL SIGN,10195.86,4789,496,73.30000000000001,38.0,4.0,0.007872384503832609
84997C,CHILDRENS CUTLERY POLKADOT BLUE,10154.91,2583,233,22.9,6.0,2.0,0.002317497103128621
22569,FELTCRAFT CUSHION BUTTERFLY,10133.33,2765,348,658.38,194.0,3.0,0.06556269009800608
21218,RED SPOTTY BISCUIT TIN,10116.49,2433,394,165.25,49.0,11.0,0.01974214343271555
22556,PLASTERS IN TIN CIRCUS PARADE,10070.109999999999,6118,571,108.89999999999999,66.0,10.0,0.010672703751617076
22633,HAND WARMER UNION JACK,10057.320000000002,4867,479,54.6,26.0,7.0,0.005313713468219906
22621,TRADITIONAL KNITTING NANCY,10056.949999999999,6150,609,64.75,51.0,4.0,0.00822447992259313
23171,REGENCY TEA PLATE GREEN,10051.99,6247,381,146.25,97.0,5.0,0.015290037831021437
48173C,DOORMAT BLACK FLOCK,10025.11,1802,188,40.95,5.0,3.0,0.002767017155506364
20679,EDWARDIAN PARASOL RED,10021.42,1710,326,53.550000000000004,9.0,3.0,0.005235602094240838
23076,ICE CREAM SUNDAE LIP GLOSS,9965.76,8100,277,35.0,28.0,2.0,0.0034448818897637795
22791,T-LIGHT GLASS FLUTED ANTIQUE,9963.880000000001,8027,345,192.75,177.0,10.0,0.021574841540711848
22690,DOORMAT HOME SWEET HOME BLUE,9959.6,1621,285,48.3,6.0,4.0,0.0036877688998156115
22619,SET OF 6 SOLDIER SKITTLES,9921.29,2487,443,15.0,4.0,1.0,0.0016057808109193096
22654,DELUXE SEWING KIT,9898.95,1412,328,193.35000000000002,33.0,14.0,0.022837370242214532
22555,PLASTERS IN TIN STRONGMAN,9863.279999999999,6023,515,34.64999999999999,21.0,4.0,0.003474520185307743
22766,PHOTO FRAME CORNICE,9843.59,3297,504,156.35000000000002,53.0,16.0,0.01582089552238806
21314,SMALL GLASS HEART TRINKET POT,9811.58,4252,541,270.15000000000003,139.0,40.0,0.03165565930312002
22838,3 TIER CAKE TIN RED AND CREAM,9765.11,689,168,1671.6,128.0,14.0,0.15667074663402691
23240,SET OF 4 KNICK KNACK TINS DOILY,9759.68,2360,353,206.70000000000002,50.0,17.0,0.02074688796680498
22561,WOODEN SCHOOL COLOURING SET,9749.82,5888,433,405.0,276.0,3.0,0.04477611940298507
21559,STRAWBERRY LUNCH BOX WITH CUTLERY,9748.13,3938,573,35.25,14.0,10.0,0.00354251012145749
22776,SWEETHEART CAKESTAND 3 TIER,9697.25,959,377,863.0,93.0,40.0,0.08840304182509506
22844,VINTAGE CREAM DOG FOOD CONTAINER,9686.82,1006,416,227.8,28.0,8.0,0.027079303675048357
22144,CHRISTMAS CRAFT LITTLE FRIENDS,9681.18,4082,544,92.4,44.0,3.0,0.010664081434803683
22560,TRADITIONAL MODELLING CLAY,9602.32,8168,389,1.06,1.0,1.0,0.00012241400416207614
23175,REGENCY MILK JUG PINK,9600.15,3164,329,225.5,80.0,11.0,0.02466091245376079
22978,PANTRY ROLLING PIN,9568.73,2465,238,272.61,75.0,12.0,0.02952755905511811
22456,NATURAL SLATE CHALKBOARD LARGE,9554.470000000001,1731,476,326.8,68.0,32.0,0.03779877709838799
35970,ZINC FOLKART SLEIGH BELLS,9546.53,5070,456,121.16999999999999,73.0,6.0,0.014194050165273187
22952,60 CAKE CASES VINTAGE CHRISTMAS,9511.52,16055,618,140.4,312.0,4.0,0.019062748212867357
21174,POTTERING IN THE SHED METAL SIGN,9413.82,4179,538,0.0,0.0,0.0,0.0
84375,SET OF 20 KIDS COOKIE CUTTERS,9404.150000000001,4321,517,27.300000000000004,13.0,2.0,0.0029995385325334565
85150,LADIES & GENTLEMEN METAL SIGN,9388.53,4039,478,12.299999999999999,5.0,4.0,0.0012363996043521265
21155,RED RETROSPOT PEG BAG,9301.4,3157,485,510.59999999999997,238.0,13.0,0.07010309278350516
23319,BOX OF 6 MINI 50'S CRACKERS,9266.84,3739,403,244.97000000000003,116.0,6.0,0.030090791180285344
22749,FELTCRAFT PRINCESS CHARLOTTE DOLL,9264.91,2375,449,0.0,0.0,0.0,0.0
22966,GINGERBREAD MAN COOKIE CUTTER,9212.15,7448,670,6.25,5.0,2.0,0.000670870790285791
84991,60 TEATIME FAIRY CAKE CASES,9183.720000000001,18214,828,95.7,174.0,8.0,0.009462693060691755
23318,BOX OF 6 MINI VINTAGE CRACKERS,9167.390000000001,3811,376,368.71000000000004,168.0,7.0,0.04222166373460669
20972,PINK CREAM FELT CRAFT TRINKET BOX,9159.31,7362,616,30.0,24.0,2.0,0.003249390739236393
23080,RED METAL BOX TOP SECRET,9158.87,1079,257,90.75,11.0,7.0,0.010091743119266056
48116,DOORMAT MULTICOLOUR STRIPE,9088.63,1492,201,24.15,3.0,2.0,0.002006688963210702
22729,ALARM CLOCK BAKELIKE ORANGE,9080.2,2326,445,115.89,31.0,17.0,0.013152312261349173
22771,CLEAR DRAWER KNOB ACRYLIC EDWARDIAN,9050.44,6635,441,37.5,30.0,4.0,0.00450112528132033
22759,SET OF 3 NOTEBOOKS IN PARCEL,9043.939999999999,5445,422,39.599999999999994,24.0,2.0,0.004388370817334065
22989,SET 2 PANTRY DESIGN TEA TOWELS,9012.27,2815,372,78.0,24.0,4.0,0.008453680873547023
23439,HAND WARMER RED LOVE HEART,8941.61,4027,397,0.0,0.0,0.0,0.0
23322,LARGE WHITE HEART OF WICKER,8925.410000000002,3085,562,169.85000000000002,63.0,10.0,0.020012706480304957
82582,AREA PATROLLED METAL SIGN,8862.990000000002,4367,437,39.900000000000006,19.0,4.0,0.004331965344277246
21889,WOODEN BOX OF DOMINOES,8862.29,6402,587,32.5,26.0,2.0,0.004044803982576229
22632,HAND WARMER RED RETROSPOT,8770.43,4354,374,59.150000000000006,29.0,8.0,0.006616472735569244
84945,MULTI COLOUR SILVER T-LIGHT HOLDER,8754.63,10557,347,97.46,103.0,19.0,0.009662288930581613
22947,WOODEN ADVENT CALENDAR RED,8714.24,746,137,72.92,6.0,4.0,0.007978723404255319
22147,FELTCRAFT BUTTERFLY HEARTS,8626.939999999999,6230,481,1103.65,877.0,8.0,0.12339946531588575
22652,TRAVEL SEWING KIT,8620.32,5096,467,24.75,15.0,5.0,0.002934846409704559
22795,SWEETHEART RECIPE BOOK STAND,8578.0,1212,368,78.45,17.0,3.0,0.013832384052074858
23082,SET 6 PAPER TABLE LANTERN HEARTS,8577.51,2333,297,103.16,28.0,6.0,0.011859381617958492
71459,HANGING JAM JAR T-LIGHT HOLDER,8560.84,10792,348,105.88,129.0,11.0,0.011812105118578884
23078,ICE CREAM PEN LIP GLOSS,8553.34,6831,257,60.0,48.0,2.0,0.006977758395115569
21035,SET/2 RED RETROSPOT TEA TOWELS,8549.85,2603,394,550.0,200.0,2.0,0.07135212272565108
84378,SET OF 3 HEART COOKIE CUTTERS,8540.9,6350,685,90.0,72.0,4.0,0.011211460604173155
21484,CHICK GREY HOT WATER BOTTLE,8535.52,1881,402,147.60000000000002,48.0,2.0,0.024883359253499222
23256,CHILDRENS CUTLERY SPACEBOY,8525.970000000001,2079,360,338.0,88.0,8.0,0.04060913705583756
23493,VINTAGE DOILY TRAVEL SEWING KIT,8509.68,3970,415,11.399999999999999,6.0,3.0,0.0015090543259557343
23321,SMALL WHITE HEART OF WICKER,8473.269999999999,4737,629,64.35,39.0,4.0,0.008165829145728644
21213,PACK OF 72 SKULL CAKE CASES,8418.44,15176,663,26.400000000000002,48.0,1.0,0.0031529164477141357
21210,SET OF 72 RETROSPOT PAPER  DOILIES,8374.189999999999,5812,453,173.65,133.0,5.0,0.022371740958788897
22768,FAMILY PHOTO FRAME CORNICE,8268.539999999999,868,260,355.29999999999995,36.0,25.0,0.03982300884955752
72741,GRAND CHOCOLATECANDLE,8225.0,5978,292,36.25,25.0,8.0,0.004164584374479427
22192,BLUE DINER WALL CLOCK,8189.29,954,365,168.3,21.0,7.0,0.021538461538461538
22725,ALARM CLOCK BAKELIKE CHOCOLATE,8168.6,1984,428,187.5,50.0,13.0,0.024582104228121928
84380,SET OF 3 BUTTERFLY COOKIE CUTTERS,8161.46,5805,688,98.75,75.0,8.0,0.012755102040816327
22655,VINTAGE RED KITCHEN CABINET,8125.0,60,38,1730.5,10.0,8.0,0.14285714285714285
22667,RECIPE BOX RETROSPOT,8101.150000000001,2901,464,260.75,93.0,21.0,0.031062124248496994
71053,WHITE METAL LANTERN,8056.5199999999995,1880,307,139.77,39.0,9.0,0.020323084940072955
22909,SET OF 20 VINTAGE CHRISTMAS NAPKINS,8050.53,8987,610,195.19,259.0,7.0,0.02801211334631192
21121,SET/10 RED POLKADOT PARTY CANDLES,8033.85,6634,379,120.0,96.0,3.0,0.01426448736998514
22616,PACK OF 12 LONDON TISSUES,7980.92,26135,512,8.16,24.0,2.0,0.0009174662640009175
22940,FELTCRAFT CHRISTMAS FAIRY,7954.0,1930,321,99.5,34.0,5.0,0.017311608961303463
21770,OPEN CLOSED METAL SIGN,7938.780000000001,1641,388,29.700000000000003,6.0,1.0,0.0036429872495446266
22487,WHITE WOOD GARDEN PLANT LADDER,7919.23,785,429,232.79999999999998,25.0,17.0,0.030864197530864196
22352,LUNCH BOX WITH CUTLERY RETROSPOT,7873.719999999999,3093,482,40.8,16.0,9.0,0.005146349308459312
22968,ROSE COTTAGE KEEPSAKE BOX,7861.93,795,189,188.85,20.0,10.0,0.024539877300613498
21136,PAINTED METAL PEARS ASSORTED,7830.32,4709,370,15.209999999999999,9.0,2.0,0.0019075879610004239
23238,SET OF 4 KNICK KNACK TINS LONDON,7825.56,1862,274,65.60000000000001,16.0,8.0,0.008519701810436636
22557,PLASTERS IN TIN VINTAGE PAISLEY,7777.089999999999,4721,566,44.55,27.0,4.0,0.0056866048862679024
22173,METAL 4 HOOK HANGER FRENCH CHATEAU,7773.7,2446,493,279.77,101.0,6.0,0.03965449548488418
23007,SPACEBOY BABY GIFT SET,7758.699999999999,499,184,101.69999999999999,6.0,3.0,0.011881188118811881
21908,CHOCOLATE THIS WAY METAL SIGN,7756.420000000001,3773,468,54.60000000000001,26.0,3.0,0.006843906291129244
23204,CHARLOTTE BAG APPLES DESIGN,7741.94,7976,583,138.34,186.0,8.0,0.02278853222249449
48111,DOORMAT 3 SMILEY CATS,7732.929999999999,1175,233,15.9,2.0,1.0,0.0016992353440951572
21258,VICTORIAN SEWING BOX LARGE,7674.799999999999,532,163,679.75,61.0,18.0,0.10286677908937605
84970S,HANGING HEART ZINC T-LIGHT HOLDER,7672.41,8905,537,20.2,25.0,6.0,0.002799552071668533
84406B,CREAM CUPID HEARTS COAT HANGER,7657.320000000001,2016,284,162.5,42.0,6.0,0.02040816326530612
84949,SILVER HANGING T-LIGHT HOLDER,7642.44,4801,290,412.34999999999997,263.0,35.0,0.05193522906793049
21231,SWEETHEART CERAMIC TRINKET BOX,7628.530000000001,6063,509,188.08,157.0,27.0,0.025241157556270096
22991,GIRAFFE WOODEN RULER,7608.79,3889,274,1185.8999999999999,714.0,6.0,0.15511622854660004
21955,DOORMAT UNION JACK GUNS AND ROSES,7597.02,1230,206,0.0,0.0,0.0,0.0
22750,FELTCRAFT PRINCESS LOLA DOLL,7563.08,2020,413,22.5,6.0,2.0,0.0029615004935834156
22585,PACK OF 6 BIRDY GIFT TAGS,7561.64,6232,395,56.25,45.0,3.0,0.007169029791301578
22627,MINT KITCHEN SCALES,7547.39,855,357,117.21000000000001,15.0,13.0,0.017241379310344827
21668,RED STRIPE CERAMIC DRAWER KNOB,7527.66,5528,437,102.67,84.0,10.0,0.01496792587312901
22367,CHILDRENS APRON SPACEBOY DESIGN,7520.28,3755,550,70.2,36.0,11.0,0.00949617515167502
22381,TOY TIDY PINK POLKADOT,7437.9400000000005,3441,469,56.45,27.0,7.0,0.007785467128027681
84836,ZINC METAL HEART DECORATION,7426.82,5944,535,43.75,35.0,2.0,0.005853821709315939
22741,FUNKY DIVA PEN,7363.86,8547,233,43.349999999999994,51.0,3.0,0.005931612002791347
23382,BOX OF 6 CHRISTMAS CAKE DECORATIONS,7356.18,1875,220,63.75,17.0,3.0,0.008985200845665961
21169,YOU'RE CONFUSING ME METAL SIGN,7320.36,4424,450,29.220000000000002,18.0,5.0,0.00405222872579919
23083,SET 6 PAPER TABLE LANTERN STARS,7254.650000000001,1933,246,214.17000000000002,63.0,3.0,0.03156312625250501
23240,SET OF 4 KNICK KNACK TINS DOILEY,7252.9400000000005,1820,182,206.70000000000002,50.0,17.0,0.026737967914438502
20969,RED FLORAL FELTCRAFT SHOULDER BAG,7236.93,1962,305,980.07,289.0,2.0,0.12838738338516215
22631,CIRCUS PARADE LUNCH BOX,7207.37,3681,396,64.35,33.0,5.0,0.008885298869143781
22634,CHILDS BREAKFAST SET SPACEBOY,7191.15,766,222,381.84999999999997,41.0,23.0,0.05080545229244114
22485,SET OF 2 WOODEN MARKET CRATES,7190.349999999999,526,208,76.5,6.0,4.0,0.011278195488721804
22553,PLASTERS IN TIN SKULLS,7176.669999999999,4269,560,138.59999999999997,84.0,7.0,0.019297036526533425
22767,TRIPLE PHOTO FRAME CORNICE,7173.549999999999,774,218,348.25,35.0,17.0,0.04326328800988875
21787,RAIN PONCHO RETROSPOT,7163.65,8878,243,420.0,528.0,3.0,0.056134382309164364
22834,HAND WARMER BABUSHKA DESIGN,7136.2300000000005,4970,368,306.05,203.0,7.0,0.03924221921515562
21669,BLUE STRIPE CERAMIC DRAWER KNOB,7136.0,5285,425,115.00999999999999,80.0,10.0,0.014911463187325256
22637,PIGGY BANK RETROSPOT,7121.38,2764,329,136.2,55.0,23.0,0.019510464703795673
21259,VICTORIAN SEWING BOX SMALL,7106.950000000001,1184,285,92.2,16.0,8.0,0.013333333333333334
22505,MEMO BOARD COTTAGE DESIGN,7104.22,1461,311,24.75,5.0,5.0,0.0034106412005457027
23320,GIANT 50'S CHRISTMAS CRACKER,7072.16,2668,333,37.57,13.0,2.0,0.00484893696381947
21912,VINTAGE SNAKES & LADDERS,7062.7,1790,396,0.0,0.0,0.0,0.0
22950,36 DOILIES VINTAGE CHRISTMAS,7061.73,5172,177,413.65,325.0,4.0,0.05912315808622885
22663,JUMBO BAG DOLLY GIRL DESIGN,7053.28,3420,450,21.45,11.0,2.0,0.0032060623724861556
C2,CARRIAGE,7051.0,142,141,65.0,2.0,2.0,0.013888888888888888
22333,RETROSPOT PARTY BAG + STICKER SET,7047.24,4494,317,135.3,82.0,12.0,0.01791958041958042
22946,WOODEN ADVENT CALENDAR CREAM,7047.17,454,137,237.75,17.0,7.0,0.036093418259023353
23215,JINGLE BELL HEART ANTIQUE SILVER,7044.64,3567,210,214.8,120.0,1.0,0.03254678600488202
22839,3 TIER CAKE TIN GREEN AND CREAM,7011.57,447,201,209.29999999999998,14.0,10.0,0.03036876355748373
23293,SET OF 12 FAIRY CAKE BAKING CASES,7001.99,8486,552,26.56,32.0,5.0,0.0037567504108945763
22170,PICTURE FRAME WOOD TRIPLE PORTRAIT,6977.6,1068,265,118.65,19.0,5.0,0.017479300827966882
21922,UNION STRIPE WITH FRINGE  HAMMOCK,6952.31,899,208,0.0,0.0,0.0,0.0
21877,HOME SWEET HOME MUG,6942.33,5418,349,1134.32,1052.0,15.0,0.162596599690881
21165,BEWARE OF THE CAT METAL SIGN,6939.08,4156,449,20.28,12.0,1.0,0.0028790786948176585
21094,SET/6 RED SPOTTY PAPER PLATES,6933.259999999999,8758,527,0.0,0.0,0.0,0.0
22109,FULL ENGLISH BREAKFAST PLATE,6928.65,1642,296,114.39,33.0,5.0,0.019701492537313434
22840,ROUND CAKE TIN VINTAGE RED,6927.64,916,271,158.0,20.0,15.0,0.021367521367521368
21257,VICTORIAN SEWING BOX MEDIUM,6909.37,689,261,88.4,12.0,5.0,0.017118402282453638
22294,HEART FILIGREE DOVE  SMALL,6901.33,5534,299,42.5,34.0,3.0,0.00610632183908046
21326,AGED GLASS SILVER T-LIGHT HOLDER,6890.47,10583,340,13.65,21.0,5.0,0.001980384760467748
84997A,CHILDRENS CUTLERY POLKADOT GREEN,6864.42,1728,186,49.95,13.0,3.0,0.007466973004020678
22580,ADVENT CALENDAR GINGHAM SACK,6860.09,1313,246,314.95000000000005,61.0,4.0,0.04439592430858806
75049L,LARGE CIRCULAR MIRROR MOBILE,6827.98,7114,205,204.2,228.0,20.0,0.031054208662489785
21672,WHITE SPOT RED CERAMIC DRAWER KNOB,6815.9,5022,409,77.55,59.0,7.0,0.011611887423735485
23297,SET 40 HEART SHAPE PETIT FOUR CASES,6792.23,4303,161,42.9,26.0,4.0,0.006006006006006006
22620,4 TRADITIONAL SPINNING TOPS,6789.46,4894,483,12.9,10.0,2.0,0.0020391517128874386
22943,CHRISTMAS LIGHTS 10 VINTAGE BAUBLES,6785.17,1361,209,165.5,34.0,11.0,0.024372759856630826
23254,CHILDRENS CUTLERY DOLLY GIRL,6782.76,1674,291,83.0,20.0,8.0,0.011806375442739079
23541,WALL ART CLASSIC PUDDINGS,6762.71,864,150,16.5,2.0,1.0,0.0023094688221709007
23008,DOLLY GIRL BABY GIFT SET,6753.509999999999,435,133,118.65,7.0,4.0,0.01583710407239819
23480,MINI LIGHTS WOODLAND MUSHROOMS,6726.64,1800,215,68.1,20.0,2.0,0.01098901098901099
23247,BISCUIT TIN 50'S CHRISTMAS,6715.93,2206,309,118.54000000000002,46.0,5.0,0.020426287744227355
22668,PINK BABY BUNTING,6710.42,2190,345,157.0,60.0,3.0,0.02666666666666667
21533,RETROSPOT LARGE MILK JUG,6701.22,1361,339,147.9,32.0,11.0,0.02297200287150036
85014A,BLACK/BLUE POLKADOT UMBRELLA,6684.67,1164,278,35.7,6.0,1.0,0.005128205128205128
21871,SAVE THE PLANET MUG,6681.21,5454,357,740.94,685.0,12.0,0.11158169082912527
84988,SET OF 72 PINK HEART PAPER DOILIES,6672.7,4312,510,18.849999999999998,13.0,2.0,0.003005780346820809
21888,BINGO SET,6667.04,1690,378,56.25,15.0,5.0,0.008797653958944282
20718,RED RETROSPOT SHOPPER BAG,6613.04,4776,575,42.99,35.0,5.0,0.00727499480357514
84992,72 SWEETHEART FAIRY CAKE CASES,6555.33,13360,615,62.14,130.0,4.0,0.009636767976278725
23229,VINTAGE DONKEY TAIL GAME,6550.17,1815,252,40.89,11.0,5.0,0.006024096385542169
22508,DOORSTOP RETROSPOT HEART,6544.63,1599,296,82.5,22.0,4.0,0.013571869216533004
82486,3 DRAWER ANTIQUE WHITE WOOD CABINET,6529.54,742,202,585.9,70.0,21.0,0.08620689655172414
21122,SET/10 PINK POLKADOT PARTY CANDLES,6496.04,5331,344,61.25,49.0,3.0,0.009107806691449814
23311,VINTAGE CHRISTMAS STOCKING,6488.2,2390,344,38.25,15.0,4.0,0.006237006237006237
84946,ANTIQUE SILVER TEA GLASS ETCHED,6478.01,4558,216,372.96000000000004,335.0,27.0,0.06846515430206418
22141,CHRISTMAS CRAFT TREE TOP ANGEL,6474.290000000001,2796,457,33.6,16.0,4.0,0.005689900426742532
23103,JINGLE BELL HEART DECORATION,6472.36,3828,356,46.199999999999996,28.0,3.0,0.007261410788381743
22804,CANDLEHOLDER PINK HANGING HEART,6471.240000000001,2262,398,455.2,176.0,8.0,0.07219031993437244
23553,LANDMARK FRAME CAMDEN TOWN,6457.15,569,68,0.0,0.0,0.0,0.0
84030E,ENGLISH ROSE HOT WATER BOTTLE,6452.94,1506,334,12.75,3.0,2.0,0.0019880715705765406
20676,RED RETROSPOT BOWL,6441.06,5076,448,27.5,22.0,3.0,0.004315417810906237
23571,TRADITIONAL NAUGHTS & CROSSES,6436.61,2859,257,0.0,0.0,0.0,0.0
23134,LARGE ZINC HEART WALL ORGANISER,6431.110000000001,1065,38,0.0,0.0,0.0,0.0
22635,CHILDS BREAKFAST SET DOLLY GIRL,6422.28,682,194,727.05,84.0,7.0,0.10966057441253264
84970L,SINGLE HEART ZINC T-LIGHT HOLDER,6412.7699999999995,6065,457,11.399999999999999,12.0,1.0,0.001974658548625967
22784,LANTERN CREAM GAZEBO,6405.54,1281,299,200.85000000000002,41.0,27.0,0.031013615733736764
22979,PANTRY WASHING UP BRUSH,6401.969999999999,4097,381,117.55000000000001,91.0,5.0,0.021728748806112703
23307,SET OF 60 PANTRY DESIGN CAKE CASES,6379.59,12063,629,48.400000000000006,88.0,5.0,0.007242202287877541
23172,REGENCY TEA PLATE PINK,6360.909999999999,3871,305,154.29999999999998,102.0,9.0,0.025673294739491568
22303,COFFEE MUG APPLES DESIGN,6353.55,2822,261,171.15,74.0,10.0,0.025552486187845305
22895,SET OF 2 TEA TOWELS APPLE AND PEARS,6349.95,2063,284,17.700000000000003,6.0,1.0,0.0028999516674722086
22151,PLACE SETTING WHITE HEART,6332.29,15150,332,321.96,890.0,5.0,0.05548628428927681
21154,RED RETROSPOT OVEN GLOVE,6321.76,4035,451,227.0,212.0,4.0,0.049917588886272665
21380,WOODEN HAPPY BIRTHDAY GARLAND,6316.360000000001,2168,290,2.95,1.0,1.0,0.0004610419548178884
21935,SUKI  SHOULDER BAG,6298.61,3393,530,1.65,1.0,1.0,0.0002946375957572186
22826,LOVE SEAT ANTIQUE WHITE METAL,6210.0,58,41,517.5,4.0,4.0,0.06451612903225806
23169,CLASSIC GLASS COOKIE JAR,6191.6900000000005,1439,300,379.15000000000003,93.0,34.0,0.060704960835509136
23192,BUNDLE OF 3 ALPHABET EXERCISE BOOKS,6142.289999999999,3533,345,4.949999999999999,3.0,2.0,0.0008484162895927602
21670,BLUE SPOT CERAMIC DRAWER KNOB,6141.29,4370,374,96.25,69.0,7.0,0.015544041450777202
21975,PACK OF 60 DINOSAUR CAKE CASES,6117.910000000001,12340,601,36.06,71.0,3.0,0.005720731609056482
23118,PARISIENNE JEWELLERY DRAWER,6102.18,813,258,180.0,24.0,17.0,0.02867383512544803
21156,RETROSPOT CHILDRENS APRON,6093.05,3171,358,76.05,39.0,8.0,0.012149532710280374
21671,RED SPOT CERAMIC DRAWER KNOB,6078.54,4421,369,214.81,152.0,14.0,0.033238574240104964
21673,WHITE SPOT BLUE CERAMIC DRAWER KNOB,6071.75,4395,365,143.95,103.0,8.0,0.02289906625166741
47591D,PINK FAIRY CAKE CHILDRENS APRON,6060.25,3211,439,3.9,2.0,2.0,0.0006224712107065049
47556B,TEA TIME TEA TOWELS,6045.0,2600,2,0.0,0.0,0.0,0.0
23534,WALL ART STOP FOR TEA,6042.150000000001,870,219,41.650000000000006,7.0,1.0,0.00798175598631699
17003,BROCADE RING PURSE,6036.39,23056,239,172.8,3.0,3.0,0.00013010104514506266
22366,DOORMAT AIRMAIL,6034.9,800,220,194.07000000000002,27.0,3.0,0.032648125755743655
22174,PHOTO CUBE,6013.429999999999,3239,321,0.0,0.0,0.0,0.0
21535,RED RETROSPOT SMALL MILK JUG,6011.51,2497,343,80.69999999999999,32.0,16.0,0.01265322261763543
48129,DOORMAT TOPIARY,6009.84,904,205,159.15,23.0,4.0,0.02481121898597627
23296,SET OF 6 TEA TIME BAKING CASES,5988.05,4981,378,33.75,27.0,6.0,0.005391373801916933
23535,WALL ART BICYCLE SAFETY,5983.9,850,173,5.95,1.0,1.0,0.0011750881316098707
23312,VINTAGE CHRISTMAS GIFT SACK,5968.3,1424,214,4.15,1.0,1.0,0.0007017543859649122
22783,SET 3 WICKER OVAL BASKETS W LIDS,5961.25,463,33,0.0,0.0,0.0,0.0
23052,RECYCLED ACAPULCO MAT TURQUOISE,5949.34,654,278,8.25,1.0,1.0,0.0015267175572519084
22150,3 STRIPEY MICE FELTCRAFT,5925.389999999999,3030,468,21.45,11.0,4.0,0.0036172311739559354
23154,SET OF 4 JAM JAR MAGNETS,5907.360000000001,2732,235,126.88,61.0,3.0,0.02184031507339778
23113,PANTRY CHOPPING BOARD,5868.5,1154,57,4803.0599999999995,946.0,6.0,0.4504761904761905
22971,QUEENS GUARD COFFEE MUG,5849.29,2431,272,37.65,16.0,5.0,0.006538618716796077
23485,BOTANICAL GARDENS WALL CLOCK,5843.92,262,83,407.4,18.0,13.0,0.06428571428571428
22207,FRYING PAN UNION FLAG,5837.84,1334,208,282.25,75.0,4.0,0.053229240596167494
22751,FELTCRAFT PRINCESS OLIVIA DOLL,5812.72,1566,290,7.5,2.0,1.0,0.0012755102040816326
22796,PHOTO FRAME 3 CLASSIC HANGING,5807.349999999999,584,232,524.05,55.0,22.0,0.08607198748043818
22779,WOODEN OWLS LIGHT GARLAND,5802.6,1540,149,106.25,25.0,6.0,0.01597444089456869
22740,POLKADOT PEN,5793.62,6842,170,0.0,0.0,0.0,0.0
22365,DOORMAT RESPECTABLE HOUSE,5762.28,790,179,15.9,2.0,1.0,0.0025252525252525255
84997B,RED 3 PIECE RETROSPOT CUTLERY SET,5729.110000000001,1580,108,127.5,34.0,3.0,0.021065675340768277
62018,SOMBRERO,5716.85,4415,61,0.0,0.0,0.0,0.0
21242,RED RETROSPOT PLATE,5704.78,3376,304,59.15,35.0,4.0,0.010260920551158018
22646,CERAMIC STRAWBERRY CAKE MONEY BANK,5695.7699999999995,4168,390,41.9,31.0,9.0,0.007382710169087878
22907,PACK OF 20 NAPKINS PANTRY DESIGN,5681.9,6587,670,44.199999999999996,52.0,6.0,0.00783250489531556
22088,PAPER BUNTING COLOURED LACE,5661.05,1893,238,149.2,56.0,3.0,0.028732683427398667
22837,HOT WATER BOTTLE BABUSHKA,5625.38,1166,177,157.65,37.0,2.0,0.030756442227763924
22418,10 COLOUR SPACEBOY PEN,5585.45,6564,318,146.2,172.0,8.0,0.02553444180522565
22488,NATURAL SLATE RECTANGLE CHALKBOARD,5575.33,3196,415,57.74999999999999,35.0,9.0,0.010832559579077685
21558,SKULL LUNCH BOX WITH CUTLERY,5568.07,2138,412,10.2,4.0,4.0,0.0018674136321195146
22798,ANTIQUE GLASS DRESSING TABLE POT,5564.25,1799,267,132.75000000000003,45.0,17.0,0.02440347071583514
23531,WALL ART BIG LOVE,5559.11,979,112,0.0,0.0,0.0,0.0
22429,ENAMEL MEASURING JUG CREAM,5549.68,1272,376,140.25,33.0,16.0,0.02528735632183908
23177,TREASURE ISLAND BOOK BOX,5528.04,2535,267,45.0,20.0,5.0,0.007827788649706457
23133,LARGE IVORY HEART WALL ORGANISER,5525.4,782,155,8.25,1.0,1.0,0.001277139208173691
22464,HANGING METAL HEART LANTERN,5519.419999999999,3423,351,186.89999999999998,122.0,11.0,0.03441466854724965
23158,SET OF 5 LUCKY CAT MAGNETS,5517.99,2635,255,124.8,60.0,3.0,0.022263450834879406
23583,LUNCH BAG PAISLEY PARK,5513.83,3395,325,16.5,10.0,1.0,0.002936857562408223
22964,3 PIECE SPACEBOY COOKIE CUTTER SET,5481.09,2628,378,29.400000000000002,14.0,7.0,0.005299015897047691
22904,CALENDAR PAPER CUT DESIGN,5479.06,1838,271,5.9,2.0,1.0,0.0010869565217391304
22297,HEART IVORY TRELLIS SMALL,5468.66,4171,378,0.0,0.0,0.0,0.0
23135,SMALL ZINC HEART WALL ORGANISER,5416.18,1541,45,0.0,0.0,0.0,0.0
22827,RUSTIC  SEVENTEEN DRAWER SIDEBOARD,5415.0,35,26,415.0,3.0,3.0,0.07894736842105263
23205,CHARLOTTE BAG VINTAGE ALPHABET,5407.58,5459,445,140.25,191.0,8.0,0.033805309734513275
22584,PACK OF 6 PANNETONE GIFT BOXES,5405.98,2100,178,38.24999999999999,15.0,2.0,0.0070921985815602835
22845,VINTAGE CREAM CAT FOOD CONTAINER,5403.28,803,316,88.1,14.0,9.0,0.017135862913096694
22349,DOG BOWL CHASING BALL DESIGN,5389.0199999999995,1368,131,48.75,13.0,2.0,0.00941346850108617
23494,VINTAGE DOILY DELUXE SEWING KIT,5377.81,813,205,386.75,65.0,11.0,0.07403189066059225
21172,PARTY METAL SIGN,5345.88,3490,467,18.849999999999998,13.0,2.0,0.003711104767342278
22998,TRAVEL CARD WALLET KEEP CALM,5314.9,12490,534,74.34,177.0,11.0,0.013973316491671273
22120,WELCOME  WOODEN BLOCK LETTERS,5276.94,526,188,119.39999999999999,12.0,2.0,0.022304832713754646
22296,HEART IVORY TRELLIS LARGE,5274.119999999999,3156,318,1.65,1.0,1.0,0.0003167564143173899
22623,BOX OF VINTAGE JIGSAW BLOCKS,5248.21,939,235,85.2,16.0,5.0,0.016753926701570682
84997D,PINK 3 PIECE POLKADOT CUTLERY SET,5234.56,1437,115,108.75,29.0,3.0,0.019781718963165076
22848,BREAD BIN DINER STYLE PINK,5225.4,324,128,176.45,11.0,8.0,0.03283582089552239
23132,SMALL IVORY HEART WALL ORGANISER,5219.1,1034,152,23.0,4.0,3.0,0.0038535645472061657
22772,PINK DRAWER KNOB ACRYLIC EDWARDIAN,5211.7,3869,254,3.75,3.0,2.0,0.0007747933884297521
22781,GUMBALL MAGAZINE RACK,5198.66,622,232,352.35,49.0,13.0,0.07302533532041729
22665,RECIPE BOX BLUE SKETCHBOOK DESIGN,5195.030000000001,1517,356,62.10000000000001,22.0,9.0,0.014294996751137101
23263,SET OF 3 WOODEN HEART DECORATIONS,5184.69,3893,445,58.75,47.0,5.0,0.011928934010152284
22689,DOORMAT MERRY CHRISTMAS RED,5176.25,673,146,354.0,52.0,2.0,0.07172413793103448
22898,CHILDRENS APRON APPLES DESIGN,5174.32,2426,365,0.0,0.0,0.0,0.0
21844,RED RETROSPOT MUG,5170.64,1848,156,58.60000000000001,20.0,11.0,0.010706638115631691
23157,SET OF 6 NATIVITY MAGNETS,5170.1,2570,163,444.0,240.0,1.0,0.08540925266903915
21428,SET3 BOOK BOX GREEN GINGHAM FLOWER,5167.88,1208,262,136.25,35.0,6.0,0.02815768302493966
21164,HOME SWEET HOME METAL SIGN,5161.88,1768,282,17.700000000000003,6.0,1.0,0.0033821871476888386
23165,LARGE CERAMIC TOP STORAGE JAR,5147.66,3118,280,154.5,102.0,18.0,0.031677018633540374
23162,REGENCY TEA STRAINER,5143.6900000000005,1412,176,0.0,0.0,0.0,0.0
22302,COFFEE MUG PEARS  DESIGN,5136.84,2330,212,30.6,12.0,3.0,0.005123825789923143
37449,CERAMIC CAKE STAND + HANGING CAKES,5127.24,564,154,446.7,50.0,25.0,0.08143322475570032
22595,GINGHAM HEART DECORATION,5125.46,6152,413,103.67999999999999,144.0,1.0,0.022871664548919948
23397,FOOT STOOL HOME SWEET HOME,5097.65,489,217,59.699999999999996,6.0,5.0,0.012121212121212121
21098,CHRISTMAS TOILET ROLL,5093.76,3731,248,41.910000000000004,39.0,2.0,0.010344827586206896
22371,AIRLINE BAG VINTAGE TOKYO 78,5093.57,1091,392,57.78,14.0,10.0,0.012669683257918552
21756,BATH BUILDING BLOCK WORD,5089.56,823,270,11.9,2.0,1.0,0.0024242424242424242
23234,BISCUIT TIN VINTAGE CHRISTMAS,5088.45,1725,277,46.24,16.0,5.0,0.009190120620333142
23126,FELTCRAFT GIRL AMELIE KIT,5083.89,1012,275,79.2,16.0,6.0,0.01556420233463035
23295,SET OF 12 MINI LOAF BAKING CASES,5078.429999999999,6140,444,10.79,13.0,5.0,0.0021127905086949453
23198,PANTRY MAGNETIC  SHOPPING LIST,5068.4,3346,475,92.8,64.0,14.0,0.0187683284457478
23109,PACK OF SIX LED TEA LIGHTS,5048.72,1766,203,239.04000000000002,96.0,1.0,0.05155746509129968
22780,LIGHT GARLAND BUTTERFILES PINK,5044.34,1346,132,106.25,25.0,8.0,0.01823486506199854
23314,VINTAGE CHRISTMAS TABLECLOTH,5037.96,409,117,62.5,5.0,2.0,0.012077294685990338
22301,COFFEE MUG CAT + BIRD DESIGN,5031.83,2225,252,59.4,24.0,11.0,0.01067140951534015
21907,I'M ON HOLIDAY METAL SIGN,5031.38,2373,367,27.300000000000004,13.0,2.0,0.005448449287510477
22957,SET 3 PAPER VINTAGE CHICK PAPER EGG,5023.5,1778,214,71.9,26.0,4.0,0.014412416851441241
22271,FELTCRAFT DOLL ROSIE,5022.1,1706,301,23.6,8.0,2.0,0.004667444574095682
22636,CHILDS BREAKFAST SET CIRCUS PARADE,5009.56,595,198,239.7,29.0,14.0,0.046474358974358976
23543,WALL ART KEEP CALM,5003.040000000001,968,83,0.0,0.0,0.0,0.0
21932,SCANDINAVIAN PAISLEY PICNIC BAG,5001.98,2724,446,55.349999999999994,33.0,3.0,0.011969532100108813
22849,BREAD BIN DINER STYLE MINT,5001.83,321,128,234.25,15.0,8.0,0.044642857142857144
23310,BUBBLEGUM RING ASSORTED,4997.28,12050,245,0.0,0.0,0.0,0.0
23556,LANDMARK FRAME COVENT GARDEN,4974.51,439,53,12.5,1.0,1.0,0.0022727272727272726
21933,PINK VINTAGE PAISLEY PICNIC BAG,4964.03,2676,410,34.45,13.0,4.0,0.004834510970621049
22142,CHRISTMAS CRAFT WHITE FAIRY,4950.54,3250,377,15.95,11.0,2.0,0.0033731984053971173
23570,TRADITIONAL PICK UP STICKS GAME,4944.37,2782,276,0.0,0.0,0.0,0.0
84212,"ASSORTED FLOWER COLOUR ""LEIS""",4934.87,10315,111,0.0,0.0,0.0,0.0
22110,BIRD HOUSE HOT WATER BOTTLE,4914.69,1173,279,5.1,2.0,1.0,0.001702127659574468
21937,STRAWBERRY   PICNIC BAG,4901.8,1708,251,47.2,16.0,6.0,0.009280742459396751
22748,POPPY'S PLAYHOUSE KITCHEN,4897.63,2125,436,35.7,17.0,4.0,0.007936507936507936
23010,CIRCUS PARADE BABY GIFT SET,4896.549999999999,316,111,50.849999999999994,3.0,2.0,0.009404388714733543
23351,ROLL WRAP 50'S CHRISTMAS,4880.65,3539,354,104.88,96.0,3.0,0.02640990371389271
21124,SET/10 BLUE POLKADOT PARTY CANDLES,4868.05,4015,240,61.25,49.0,3.0,0.012057086614173228
23503,PLAYING CARDS KEEP CALM & CARRY ON,4864.3,3646,335,2.5,2.0,2.0,0.0005482456140350877
21086,SET/6 RED SPOTTY PAPER CUPS,4861.900000000001,7137,428,0.0,0.0,0.0,0.0
21033,JUMBO BAG CHARLIE AND LOLA TOYS,4853.81,1933,300,1.79,1.0,1.0,0.000517063081695967
21390,FILIGRIS HEART WITH BUTTERFLY,4851.88,3906,212,3.75,3.0,1.0,0.0007674597083653108
21876,POTTERING MUG,4834.51,3796,333,58.9,42.0,8.0,0.010943199583116207
23554,LANDMARK FRAME OXFORD STREET,4830.53,424,57,0.0,0.0,0.0,0.0
23555,LANDMARK FRAME NOTTING HILL,4818.07,424,50,0.0,0.0,0.0,0.0
22549,PICTURE DOMINOES,4799.83,3189,356,0.0,0.0,0.0,0.0
23159,SET OF 5 PANCAKE DAY MAGNETS,4771.76,2321,223,52.0,25.0,3.0,0.010656436487638534
23184,BULL DOG BOTTLE OPENER,4764.5,874,264,64.35,13.0,4.0,0.014656144306651634
84050,PINK HEART SHAPE EGG FRYING PAN,4761.78,3234,256,22.699999999999996,14.0,3.0,0.004310344827586207
21539,RED RETROSPOT BUTTER DISH,4758.75,972,238,108.95,23.0,16.0,0.023115577889447236
22243,5 HOOK HANGER RED MAGIC TOADSTOOL,4753.29,3099,131,18.15,11.0,3.0,0.003536977491961415
23569,TRADTIONAL ALPHABET STAMP SET,4752.31,961,192,9.9,2.0,1.0,0.0020768431983385254
20677,PINK POLKADOT BOWL,4749.84,3676,333,6.25,5.0,1.0,0.0013583265417006249
23286,BLUE VINTAGE SPOT BEAKER,4747.62,5048,222,41.65,49.0,3.0,0.009613498136158525
23558,LANDMARK FRAME LONDON BRIDGE,4741.37,418,52,0.0,0.0,0.0,0.0
20979,36 PENCILS TUBE RED RETROSPOT,4729.9800000000005,3739,325,200.0,160.0,16.0,0.041036163118748394
23389,SPACEBOY MINI BACKPACK,4726.59,1109,233,8.3,2.0,1.0,0.0018001800180018
22645,CERAMIC HEART FAIRY CAKE MONEY BANK,4721.73,2363,351,24.449999999999996,17.0,4.0,0.007142857142857143
22082,RIBBON REEL STRIPES DESIGN,4716.33,2713,409,33.0,20.0,2.0,0.007317965605561654
23241,TREASURE TIN GYMKHANA DESIGN,4709.07,2184,363,14.56,7.0,5.0,0.003194888178913738
23176,ABC TREASURE BOOK BOX,4697.58,2167,226,101.25,45.0,10.0,0.02034358047016275
82001S,VINYL RECORD FRAME SILVER,4682.45,1295,101,25.53,7.0,4.0,0.005376344086021506
82552,WASHROOM METAL SIGN,4680.63,3016,364,0.0,0.0,0.0,0.0
22721,SET OF 3 CAKE TINS SKETCHBOOK,4678.71,1022,297,0.0,0.0,0.0,0.0
22745,POPPY'S PLAYHOUSE BEDROOM,4678.59,2029,423,27.300000000000004,13.0,3.0,0.006366307541625857
22504,CABIN BAG VINTAGE RETROSPOT,4674.62,247,68,132.55,5.0,4.0,0.01984126984126984
22606,WOODEN SKITTLES GARDEN SET,4670.36,315,142,118.25,11.0,8.0,0.03374233128834356
47599A,PINK PARTY BAGS,4649.5,2456,165,12.600000000000001,6.0,1.0,0.002437043054427295
22295,HEART FILIGREE DOVE LARGE,4643.669999999999,2807,250,19.799999999999997,12.0,1.0,0.004256828662646328
22628,PICNIC BOXES SET OF 3 RETROSPOT,4625.860000000001,966,190,103.95,21.0,11.0,0.02127659574468085
22775,PURPLE DRAWERKNOB ACRYLIC EDWARDIAN,4621.87,3227,237,35.0,28.0,2.0,0.008602150537634409
21833,CAMOUFLAGE LED TORCH,4594.43,2726,168,50.7,30.0,3.0,0.01088534107402032
23285,PINK VINTAGE SPOT BEAKER,4572.41,4807,191,1.7,2.0,1.0,0.0004158868787689748
22417,PACK OF 60 SPACEBOY CAKE CASES,4566.54,8426,520,25.300000000000004,46.0,2.0,0.005429650613786591
23404,HOME SWEET HOME BLACKBOARD,4561.76,1011,169,143.55,29.0,14.0,0.027884615384615386
23275,SET OF 3 HANGING OWLS OLLIE BEAK,4557.97,3749,325,95.41,77.0,4.0,0.020125457396759017
82551,LAUNDRY 15C METAL SIGN,4542.889999999999,2918,351,5.2,4.0,3.0,0.0013689253935660506
20974,12 PENCILS SMALL TUBE SKULL,4531.9800000000005,6983,355,367.9,566.0,3.0,0.0749768181216055
23309,SET OF 60 I LOVE LONDON CAKE CASES,4527.2,8332,407,48.400000000000006,88.0,4.0,0.010451306413301662
23163,REGENCY SUGAR TONGS,4515.22,1832,209,114.4,55.0,2.0,0.029146793852676205
23112,PARISIENNE CURIO CABINET,4514.58,547,241,239.85000000000002,33.0,19.0,0.056896551724137934
22938,CUPCAKE LACE PAPER SET 6,4488.63,2367,186,117.0,60.0,4.0,0.024721878862793572
21934,SKULL SHOULDER BAG,4480.28,2421,411,16.5,10.0,1.0,0.004113533525298231
23167,SMALL CERAMIC TOP STORAGE JAR,4476.009999999999,5847,231,365.19,525.0,9.0,0.08239171374764595
84987,SET OF 36 TEATIME PAPER DOILIES,4474.07,3053,334,21.75,15.0,3.0,0.0048891786179921775
21906,PHARMACIE FIRST AID TIN,4470.8099999999995,581,173,114.75,17.0,6.0,0.028428093645484948
22942,CHRISTMAS LIGHTS 10 SANTAS,4469.04,609,152,604.35,76.0,12.0,0.11094890510948906
22089,PAPER BUNTING VINTAGE PAISLEY,4460.38,1424,272,0.0,0.0,0.0,0.0
23288,GREEN VINTAGE SPOT BEAKER,4444.2300000000005,4625,185,15.17,18.0,4.0,0.0038768037906525953
23530,WALL ART ONLY ONE PERSON,4436.27,1056,86,0.0,0.0,0.0,0.0
22626,BLACK KITCHEN SCALES,4427.36,520,199,76.5,9.0,4.0,0.017013232514177693
20975,12 PENCILS SMALL TUBE RED RETROSPOT,4387.820000000001,6640,362,78.0,120.0,4.0,0.01775147928994083
15056P,EDWARDIAN PARASOL PINK,4366.820000000001,778,144,58.2,10.0,4.0,0.012690355329949238
23349,ROLL WRAP VINTAGE CHRISTMAS,4355.1,3231,337,30.0,24.0,2.0,0.007373271889400922
84997C,BLUE 3 PIECE POLKADOT CUTLERY SET,4346.27,1201,102,22.9,6.0,2.0,0.004971002485501243
22327,ROUND SNACK BOXES SET OF 4 SKULLS,4336.7,1178,287,44.25,15.0,6.0,0.012573344509639563
16014,SMALL CHINESE STYLE SCISSOR,4335.76,13328,54,0.0,0.0,0.0,0.0
84692,BOX OF 24 COCKTAIL PARASOLS,4329.48,7908,583,13.02,31.0,3.0,0.0039047739009950874
22899,CHILDREN'S APRON DOLLY GIRL,4328.530000000001,2070,313,10.5,5.0,3.0,0.0024096385542168677
21498,RED RETROSPOT WRAP,4322.42,10551,336,21.0,50.0,2.0,0.004716536175832469
21892,TRADITIONAL WOODEN CATCH CUP GAME,4322.16,3196,412,16.25,13.0,2.0,0.0040511062636335304
23168,CLASSIC CAFE SUGAR DISPENSER,4312.6,3076,325,65.61,54.0,18.0,0.017252396166134186
23050,RECYCLED ACAPULCO MAT GREEN,4286.55,497,205,8.25,1.0,1.0,0.002008032128514056
22723,SET OF 6 HERB TINS SKETCHBOOK,4282.570000000001,1169,295,7.9,2.0,2.0,0.0017079419299743809
22694,WICKER STAR,4260.12,1846,405,109.2,52.0,4.0,0.0273972602739726
20970,PINK FLORAL FELTCRAFT SHOULDER BAG,4235.88,1117,262,11.25,3.0,2.0,0.0026785714285714286
22661,CHARLOTTE BAG DOLLY GIRL DESIGN,4231.95,5214,415,10.79,13.0,4.0,0.002487086282762579
22061,LARGE CAKE STAND  HANGING STRAWBERY,4228.01,583,146,149.04999999999998,16.0,15.0,0.02671118530884808
23089,GLASS BON BON JAR,4217.73,2355,225,25.65,15.0,7.0,0.006329113924050633
22801,ANTIQUE GLASS PEDESTAL BOWL,4215.14,1030,220,70.89,19.0,11.0,0.01811248808388942
23012,GLASS APOTHECARY BOTTLE PERFUME,4208.96,1074,246,31.6,8.0,5.0,0.0073937153419593345
23144,ZINC T-LIGHT HOLDER STARS SMALL,4197.83,5089,274,36.519999999999996,44.0,3.0,0.008571985193843756
22550,HOLIDAY FUN LUDO,4194.89,1162,217,30.0,8.0,2.0,0.006837606837606838
20682,RED RETROSPOT CHILDRENS UMBRELLA,4190.83,1241,237,65.0,20.0,6.0,0.01586042823156225
22813,PACK 3 BOXES BIRD PANNETONE,4188.94,2168,187,0.0,0.0,0.0,0.0
23110,PARISIENNE KEY CABINET,4158.68,702,255,293.25,51.0,28.0,0.06772908366533864
72760B,VINTAGE CREAM 3 BASKET CAKE STAND,4155.34,410,153,14.6,2.0,2.0,0.0048543689320388345
21874,GIN AND TONIC MUG,4149.929999999999,2981,295,27.71,22.0,7.0,0.007326007326007326
22649,STRAWBERRY FAIRY CAKE TEAPOT,4147.7300000000005,798,200,195.20000000000002,40.0,20.0,0.0477326968973747
23486,ANTIQUE HEART SHELF UNIT,4145.47,275,74,199.65,13.0,6.0,0.04513888888888889
22596,CHRISTMAS STAR WISH LIST CHALKBOARD,4142.92,3502,262,30.72,25.0,6.0,0.007088176920895945
23283,DOORMAT VINTAGE LEAF,4122.2,564,142,57.45,7.0,2.0,0.012259194395796848
22841,ROUND CAKE TIN VINTAGE GREEN,4109.72,530,213,103.35000000000001,13.0,9.0,0.02394106813996317
23255,CHILDRENS CUTLERY CIRCUS PARADE,4101.37,1015,158,37.35,9.0,3.0,0.0087890625
23193,BUFFALO BILL TREASURE BOOK BOX,4097.28,1930,175,45.0,20.0,6.0,0.010256410256410256
23009,I LOVE LONDON BABY GIFT SET,4082.5199999999995,263,103,0.0,0.0,0.0,0.0
22577,WOODEN HEART CHRISTMAS SCANDINAVIAN,4075.9399999999996,10610,538,83.05,101.0,2.0,0.009429558397908691
22489,PACK OF 12 TRADITIONAL CRAYONS,4072.97,9721,443,0.84,2.0,2.0,0.00020569782988789467
23340,VINTAGE CHRISTMAS CAKE FRILL,4053.8799999999997,2512,151,0.0,0.0,0.0,0.0
21116,OWL DOORSTOP,4051.79,695,251,0.0,0.0,0.0,0.0
21704,BAG 250g SWIRLY MARBLES,4039.2799999999997,5144,248,3.86,5.0,3.0,0.0009710623422023694
22219,LOVEBIRD HANGING DECORATION WHITE,4037.9799999999996,4138,544,22.099999999999998,26.0,3.0,0.006243996157540826
72351B,SET/6 PINK  BUTTERFLY T-LIGHTS,4012.05,2098,186,6.300000000000001,3.0,3.0,0.0014278914802475012
22951,60 CAKE CASES DOLLY GIRL DESIGN,4010.55,7518,437,66.0,120.0,5.0,0.015710919088766692
22431,WATERING CAN BLUE ELEPHANT,4002.6099999999997,2060,334,15.6,8.0,3.0,0.0038684719535783366
22890,NOVELTY BISCUITS CAKE STAND 3 TIER,3999.5699999999997,391,165,268.25,29.0,12.0,0.06904761904761905
23129,HEART SHAPED HOLLY WREATH,3999.5000000000005,950,172,4.15,1.0,1.0,0.0010515247108307045
22956,36 FOIL HEART CAKE CASES,3992.5800000000004,2055,198,283.20000000000005,152.0,3.0,0.06887177163570457
22493,PAINT YOUR OWN CANVAS SET,3989.9399999999996,2463,220,396.45,273.0,4.0,0.09978070175438597
20675,BLUE POLKADOT BOWL,3984.37,3121,322,15.0,12.0,2.0,0.003830194701563996
23306,SET OF 36 DOILIES PANTRY DESIGN,3983.6,2741,244,10.149999999999999,7.0,2.0,0.002547307132459971
84792,ENCHANTED BIRD COATHANGER 5 HOOK,3978.9700000000003,834,241,114.69,29.0,4.0,0.03360370799536501
22274,FELTCRAFT DOLL EMILY,3974.1300000000006,1347,267,20.650000000000002,7.0,2.0,0.0051698670605613
22131,FOOD CONTAINER SET 3 LOVE HEART,3952.19,2039,291,1.95,1.0,1.0,0.0004901960784313725
23526,WALL ART DOG LICENCE,3939.76,604,114,95.2,16.0,2.0,0.025806451612903226
23557,LANDMARK FRAME BAKER STREET,3930.27,350,32,0.0,0.0,0.0,0.0
22148,EASTER CRAFT 4 CHICKS,3929.15,1939,186,29.25,15.0,2.0,0.007676560900716479
22179,SET 10 NIGHT OWL LIGHTS,3915.48,506,170,178.95,29.0,6.0,0.05420560747663551
22980,PANTRY SCRUBBING BRUSH,3914.9599999999996,2366,291,124.04999999999998,81.0,6.0,0.03310175725378014
23081,GREEN METAL BOX ARMY SUPPLIES,3914.5,468,135,49.5,6.0,3.0,0.012658227848101266
21716,BOYS VINTAGE TIN SEASIDE BUCKET,3913.72,1441,244,20.4,8.0,1.0,0.005521048999309869
21041,RED RETROSPOT OVEN GLOVE DOUBLE,3909.63,921,255,8.850000000000001,3.0,3.0,0.003246753246753247
21928,JUMBO BAG SCANDINAVIAN PAISLEY,3908.62,2059,144,484.53000000000003,268.0,10.0,0.11516974645466266
23049,RECYCLED ACAPULCO MAT RED,3896.84,456,186,24.75,3.0,2.0,0.006535947712418301
22117,METAL SIGN HER DINNER IS SERVED,3896.4500000000003,1320,95,0.0,0.0,0.0,0.0
23552,BICYCLE PUNCTURE REPAIR KIT,3883.99,1864,116,0.0,0.0,0.0,0.0
22222,CAKE PLATE LOVEBIRD WHITE,3880.2,1057,222,0.0,0.0,0.0,0.0
22578,WOODEN STAR CHRISTMAS SCANDINAVIAN,3877.68,10462,512,112.49,133.0,3.0,0.012553091080698443
21749,LARGE RED RETROSPOT WINDMILL,3877.09,1963,140,16.8,8.0,3.0,0.004058853373921867
22738,RIBBON REEL SNOWY VILLAGE,3856.07,2189,275,190.5,130.0,2.0,0.056058645968089696
22896,PEG BAG APPLES DESIGN,3853.7599999999998,1492,287,45.9,18.0,2.0,0.011920529801324504
85049A,TRADITIONAL CHRISTMAS RIBBONS,3847.36,3005,323,15.0,12.0,1.0,0.003977461054027179
37370,RETRO COFFEE MUGS ASSORTED,3844.81,2571,159,27.8,23.0,5.0,0.008866615265998457
23111,PARISIENNE SEWING BOX,3839.2400000000002,312,138,283.2,24.0,16.0,0.07142857142857142
23194,GYMKHANA TREASURE BOOK BOX,3824.5299999999997,1719,200,83.25,37.0,8.0,0.021070615034168565
22842,BISCUIT TIN VINTAGE RED,3823.21,589,162,127.45,19.0,14.0,0.03125
22809,SET OF 6 T-LIGHTS SANTA,3822.5000000000005,1254,204,83.7,30.0,3.0,0.02336448598130841
21110,LARGE CAKE TOWEL PINK SPOTS,3822.45,1106,134,13.5,2.0,1.0,0.0018050541516245488
22350,ILLUSTRATED CAT BOWL,3822.1199999999994,1410,120,2.55,1.0,1.0,0.0007087172218284905
22383,LUNCH BAG SUKI  DESIGN,3791.86,2220,200,223.8,148.0,21.0,0.0625
85049E,SCANDINAVIAN REDS RIBBONS,3791.11,2866,409,18.75,15.0,2.0,0.0052065255119750084
21244,BLUE POLKADOT PLATE,3789.3199999999997,2282,196,25.349999999999998,15.0,3.0,0.006530256856769699
23253,16 PIECE CUTLERY SET PANTRY DESIGN,3785.06,254,69,31.9,2.0,2.0,0.0078125
23092,LARGE ANTIQUE WHITE PHOTO FRAME,3773.5800000000004,525,135,77.75,10.0,9.0,0.018691588785046728
23299,FOOD COVER WITH BEADS SET 2,3772.88,1012,145,30.0,8.0,2.0,0.00784313725490196
21746,SMALL RED RETROSPOT WINDMILL,3766.93,3075,226,18.75,15.0,3.0,0.0048543689320388345
21527,RED RETROSPOT TRADITIONAL TEAPOT,3756.79,481,144,260.3,34.0,21.0,0.06601941747572816
23236,STORAGE TIN VINTAGE DOILY,3751.02,1288,190,95.37,33.0,17.0,0.02498107494322483
22195,LARGE HEART MEASURING SPOONS,3725.6099999999997,1979,373,1.65,1.0,1.0,0.000505050505050505
21260,FIRST AID TIN,3722.23,1161,166,139.75,43.0,2.0,0.03571428571428571
21658,GLASS  BEURRE DISH,3721.63,881,212,124.58,32.0,24.0,0.03504928806133625
23182,TOILET SIGN OCCUPIED OR VACANT,3718.0899999999997,3777,433,11.62,14.0,6.0,0.0036929570034291742
23064,CINDERELLA CHANDELIER,3717.56,221,23,1514.05,71.0,10.0,0.24315068493150685
22212,FOUR HOOK  WHITE LOVEBIRDS,3713.54,1615,399,50.400000000000006,24.0,8.0,0.01464307504575961
22854,CREAM SWEETHEART EGG HOLDER,3708.52,767,161,14.850000000000001,3.0,3.0,0.003896103896103896
21531,RED RETROSPOT SUGAR JAM BOWL,3692.37,1520,246,36.449999999999996,15.0,11.0,0.009771986970684038
21890,S/6 WOODEN SKITTLES IN COTTON BAG,3689.46,1152,231,18.4,6.0,5.0,0.0051813471502590676
22656,VINTAGE BLUE KITCHEN CABINET,3685.0,26,20,800.0,6.0,6.0,0.1875
23013,GLASS APOTHECARY BOTTLE TONIC,3678.11,925,223,23.7,6.0,3.0,0.00644468313641246
23130,MISTLETOE HEART WREATH GREEN,3676.1800000000003,882,179,37.35,9.0,2.0,0.010101010101010102
22926,IVORY GIANT GARDEN THERMOMETER,3674.7000000000003,597,195,89.25,15.0,6.0,0.024509803921568627
85053,FRENCH ENAMEL CANDLEHOLDER,3666.2900000000004,1701,317,57.160000000000004,28.0,14.0,0.016194331983805668
22378,WALL TIDY RETROSPOT,3649.0699999999997,2288,293,2.1,1.0,1.0,0.00043687199650502403
23085,ANTIQUE SILVER BAUBLE LAMP,3635.23,381,78,128.75,13.0,5.0,0.03299492385786802
22468,BABUSHKA LIGHTS STRING OF 10,3633.17,517,153,19.45,3.0,2.0,0.0057692307692307696
23294,SET OF 6 SNACK LOAF BAKING CASES,3631.0499999999997,4420,354,10.79,13.0,4.0,0.002932551319648094
22466,FAIRY TALE COTTAGE NIGHTLIGHT,3626.45,2093,94,35.849999999999994,21.0,3.0,0.009933774834437087
22236,CAKE STAND 3 TIER MAGIC GARDEN,3624.5999999999995,308,88,508.94999999999993,45.0,11.0,0.1274787535410765
23210,WHITE ROCKING HORSE HAND PAINTED,3617.78,2902,192,219.76,200.0,4.0,0.06447453255963895
23032,DRAWER KNOB CRACKLE GLAZE IVORY,3608.5799999999995,2162,194,75.89999999999999,46.0,11.0,0.020833333333333332
22053,EMPIRE DESIGN ROSETTE,3606.4199999999996,4244,28,1.25,1.0,1.0,0.00023557126030624264
84968C,SET OF 16 VINTAGE PISTACHIO CUTLERY,3585.99,317,104,51.0,4.0,2.0,0.012461059190031152
23091,ZINC HERB GARDEN CONTAINER,3585.39,567,204,43.75,7.0,4.0,0.012195121951219513
22739,RIBBON REEL CHRISTMAS SOCK BAUBLE,3585.02,1835,318,16.5,10.0,1.0,0.005420054200542005
22348,TEA BAG PLATE RED RETROSPOT,3584.99,4086,358,10.2,12.0,1.0,0.0029282576866764276
71477,COLOURED GLASS STAR T-LIGHT HOLDER,3584.9100000000003,1013,52,3443.62,1228.0,31.0,0.5479696564033913
23497,CLASSIC CHROME BICYCLE BELL,3582.97,2501,193,17.4,12.0,1.0,0.00477516912057302
21494,ROTATING LEAVES T-LIGHT HOLDER,3578.83,1934,313,2.5,2.0,1.0,0.0010330578512396695
22908,PACK OF 20 NAPKINS RED APPLES,3573.83,4385,375,2.55,3.0,2.0,0.0006836827711941659
23332,IVORY WICKER HEART LARGE,3570.7599999999998,2076,287,3.3,2.0,1.0,0.0009624639076034649
22800,ANTIQUE TALL SWIRLGLASS TRINKET POT,3564.49,871,203,37.5,10.0,6.0,0.011350737797956867
20717,STRAWBERRY SHOPPER BAG,3564.48,2857,412,27.5,22.0,2.0,0.007641542202153525
85132C,CHARLIE AND LOLA FIGURES TINS,3562.3199999999997,1520,211,9.75,5.0,4.0,0.003278688524590164
22180,RETROSPOT LAMP,3561.3399999999997,334,155,194.64999999999998,20.0,12.0,0.05649717514124294
22669,RED BABY BUNTING,3559.0,1128,234,127.49999999999999,50.0,1.0,0.042444821731748725
23191,BUNDLE OF 3 RETRO NOTE BOOKS,3557.9399999999996,2158,276,4.949999999999999,3.0,2.0,0.0013882461823229986
21974,SET OF 36 PAISLEY FLOWER DOILIES,3545.6,2219,360,88.44999999999999,61.0,6.0,0.02675438596491228
21992,VINTAGE PAISLEY STATIONERY SET,3529.12,1913,436,0.0,0.0,0.0,0.0
21703,BAG 125g SWIRLY MARBLES,3528.89,9390,294,36.54,87.0,6.0,0.009180120291231402
22688,DOORMAT PEACE ON EARTH BLUE,3519.6600000000003,705,32,0.0,0.0,0.0,0.0
23353,6 GIFT TAGS VINTAGE CHRISTMAS,3517.5199999999995,4016,327,19.919999999999998,24.0,2.0,0.005940594059405941
23189,SET OF 12 FORK CANDLES,3507.51,1249,141,2.89,1.0,1.0,0.0008
21715,GIRLS VINTAGE TIN SEASIDE BUCKET,3507.17,1330,231,0.0,0.0,0.0,0.0
22760,"TRAY, BREAKFAST IN BED",3491.8599999999997,275,80,74.7,6.0,6.0,0.021352313167259787
21238,RED RETROSPOT CUP,3488.44,3969,387,43.22,51.0,9.0,0.012686567164179104
21745,GAOLERS KEYS DECORATIVE GARDEN,3486.98,938,214,15.0,4.0,1.0,0.004246284501061571
82580,BATHROOM METAL SIGN,3474.31,5883,631,127.0,290.0,5.0,0.04697877855175765
22065,CHRISTMAS PUDDING TRINKET POT,3470.83,6751,241,22.02,22.0,8.0,0.0032481913479994093
22435,SET OF 9 HEART SHAPED BALLOONS,3456.75,2766,266,15.0,12.0,1.0,0.004319654427645789
23350,ROLL WRAP VINTAGE SPOT,3456.33,2721,305,30.0,24.0,2.0,0.008743169398907104
47567B,TEA TIME KITCHEN APRON,3456.15,609,133,46.3,8.0,5.0,0.012965964343598054
23426,METAL SIGN DROP YOUR PANTS,3450.21,1277,206,17.34,6.0,1.0,0.004676539360872954
21588,RETROSPOT GIANT TUBE MATCHES,3450.15,1497,132,2.55,1.0,1.0,0.0006675567423230974
21243,PINK  POLKADOT PLATE,3449.6,2065,185,13.52,8.0,1.0,0.003859141341051616
84508A,CAMOUFLAGE DESIGN TEDDY,3448.05,1631,36,2.55,1.0,1.0,0.0006127450980392157
21385,IVORY HANGING DECORATION  HEART,3447.5499999999997,3889,317,1.7,2.0,1.0,0.0005140066820868671
21463,MIRRORED DISCO BALL,3446.9500000000003,651,134,216.9,42.0,8.0,0.06060606060606061
22300,COFFEE MUG DOG + BALL DESIGN,3444.91,1542,196,33.15,13.0,5.0,0.008360128617363344
23156,SET OF 5 MINI GROCERY MAGNETS,3437.85,1672,205,49.92,24.0,2.0,0.014150943396226415
23354,6 GIFT TAGS 50'S CHRISTMAS,3431.89,3743,322,49.8,60.0,3.0,0.015777018143570864
21497,FANCY FONTS BIRTHDAY WRAP,3430.0,8600,230,0.0,0.0,0.0,0.0
23388,WOODLAND MINI BACKPACK,3427.94,820,152,0.0,0.0,0.0,0.0
23014,GLASS APOTHECARY BOTTLE ELIXIR,3427.4800000000005,858,209,35.55,9.0,3.0,0.010380622837370242
23127,FELTCRAFT GIRL NICOLE KIT,3427.3500000000004,669,182,64.35000000000001,13.0,3.0,0.01906158357771261
22311,OFFICE MUG WARMER BLACK+SILVER,3418.51,1137,142,20.650000000000002,7.0,2.0,0.006118881118881119
84509A,SET OF 4 ENGLISH ROSE PLACEMATS,3417.28,896,230,33.75,9.0,3.0,0.009944751381215469
22782,SET 3 WICKER STORAGE BASKETS,3399.95,241,74,0.0,0.0,0.0,0.0
23239,SET OF 4 KNICK KNACK TINS POPPIES,3399.4900000000002,853,178,115.80000000000001,28.0,9.0,0.03178206583427923
21429,RED GINGHAM ROSE JEWELLERY BOX,3398.95,1744,286,74.1,42.0,9.0,0.023516237402015677
22029,SPACEBOY BIRTHDAY CARD,3397.65,8185,527,5.04,12.0,1.0,0.0014639502256923265
84032A,CHARLIE+LOLA PINK HOT WATER BOTTLE,3390.88,1005,313,82.60000000000001,28.0,2.0,0.027105517909002903
22653,BUTTON BOX,3380.45,1877,250,58.5,30.0,2.0,0.015731515469323543
79000,MOROCCAN TEA GLASS,3377.74,4186,125,6.050000000000001,9.0,4.0,0.0021454112038140644
23188,VINTAGE  2 METRE FOLDING RULER,3375.7,1628,152,23.099999999999994,14.0,3.0,0.008526187576126675
22776,SWEETHEART 3 TIER CAKE STAND,3371.58,284,158,863.0,93.0,40.0,0.246684350132626
21993,FLORAL FOLK STATIONERY SET,3363.34,1943,425,15.0,12.0,1.0,0.006138107416879796
22812,PACK 3 BOXES CHRISTMAS PANNETONE,3361.77,1650,161,40.949999999999996,21.0,3.0,0.012567324955116697
22563,HAPPY STENCIL CRAFT,3358.1800000000003,2831,281,1.25,1.0,1.0,0.00035310734463276836
22687,DOORMAT CHRISTMAS VILLAGE,3354.22,590,52,0.0,0.0,0.0,0.0
22432,WATERING CAN PINK BUNNY,3350.62,1720,277,27.299999999999997,14.0,3.0,0.008073817762399077
22079,RIBBON REEL HEARTS DESIGN,3348.39,1911,323,49.5,30.0,3.0,0.015455950540958269
22165,"DIAMANTE HEART SHAPED WALL MIRROR,",3328.2,415,146,12.75,1.0,1.0,0.002403846153846154
22179,SET 10 LIGHTS NIGHT OWL,3317.4700000000003,461,119,178.95,29.0,6.0,0.05918367346938776
23065,LARGE DECO JEWELLERY STAND,3314.94,264,95,12.5,1.0,1.0,0.0037735849056603774
23395,BELLE JARDINIERE CUSHION COVER,3305.83,761,210,26.25,7.0,5.0,0.009114583333333334
22855,FINE WICKER HEART,3304.23,2644,237,15.0,12.0,1.0,0.004518072289156626
22962,JAM JAR WITH PINK LID,3294.91,3904,342,72.97,86.0,21.0,0.02155388471177945
22460,EMBOSSED GLASS TEALIGHT HOLDER,3289.75,2559,211,23.75,19.0,6.0,0.007370054305663305
22567,20 DOLLY PEGS RETROSPOT,3282.3,2470,222,32.7,26.0,5.0,0.010416666666666666
22244,3 HOOK HANGER MAGIC GARDEN,3280.1099999999997,1705,159,31.2,16.0,8.0,0.009296920395119116
23308,SET OF 60 VINTAGE LEAF CAKE CASES,3279.21,6151,382,0.0,0.0,0.0,0.0
22967,SET 3 SONG BIRD PAPER EGGS ASSORTED,3277.3100000000004,1173,138,64.9,22.0,4.0,0.018410041841004185
22430,ENAMEL WATERING CAN CREAM,3266.09,622,195,99.0,20.0,7.0,0.03115264797507788
23053,RECYCLED ACAPULCO MAT PINK,3262.57,365,164,8.25,1.0,1.0,0.00273224043715847
21868,POTTING SHED TEA MUG,3262.25,2479,302,99.41,85.0,10.0,0.03315132605304212
22187,GREEN CHRISTMAS TREE CARD HOLDER,3245.68,1266,192,14.7,4.0,3.0,0.0031496062992125984
22746,POPPY'S PLAYHOUSE LIVINGROOM,3244.94,1451,328,25.200000000000003,12.0,2.0,0.008202323991797676
23393,HOME SWEET HOME CUSHION COVER,3230.41,807,229,78.75,21.0,6.0,0.025362318840579712
23230,WRAP ALPHABET DESIGN,3228.42,8001,235,31.5,75.0,3.0,0.009286775631500743
23051,RECYCLED ACAPULCO MAT BLUE,3223.49,365,162,16.5,2.0,2.0,0.005449591280653951
20973,12 PENCIL SMALL TUBE WOODLAND,3216.1200000000003,4506,355,2.6,4.0,2.0,0.0008869179600886918
22360,GLASS JAR ENGLISH CONFECTIONERY,3210.52,1016,214,284.95,105.0,16.0,0.0936663693131133
21135,VICTORIAN  METAL POSTCARD SPRING,3207.69,2870,177,128.72,296.0,3.0,0.09349336702463676
22491,PACK OF 12 COLOURED PENCILS,3193.83,3959,219,10.2,12.0,1.0,0.0030219088390833542
23342,MINT DINER WALL CLOCK,3176.41,373,162,8.5,1.0,1.0,0.00267379679144385
21115,ROSE CARAVAN DOORSTOP,3174.84,566,162,0.0,0.0,0.0,0.0
23035,DRAWER KNOB CERAMIC IVORY,3173.89,2173,190,13.049999999999999,9.0,2.0,0.004124656278643446
23323,WHITE WICKER STAR,3155.1800000000003,1473,294,6.300000000000001,3.0,3.0,0.0020325203252032522
22465,HANGING METAL STAR LANTERN,3153.0899999999997,2060,198,42.15,27.0,7.0,0.012937230474365118
72807C,SET/3 VANILLA SCENTED CANDLE IN BOX,3145.05,721,157,516.7,134.0,10.0,0.1567251461988304
84968A,SET OF 16 VINTAGE ROSE CUTLERY,3139.2999999999997,267,98,127.5,10.0,3.0,0.036101083032490974
21381,MINI WOODEN HAPPY BIRTHDAY GARLAND,3138.0,1815,224,42.25,25.0,2.0,0.01358695652173913
22778,GLASS CLOCHE SMALL,3131.02,804,142,223.12,64.0,18.0,0.07373271889400922
21561,DINOSAUR LUNCH BOX WITH CUTLERY,3127.38,1281,213,5.1,2.0,2.0,0.001558846453624318
23346,SPACEBOY BEAKER,3117.34,2632,184,7.5,6.0,1.0,0.002274450341167551
21240,BLUE POLKADOT CUP,3112.81,3573,325,30.34,36.0,5.0,0.00997506234413965
20754,RETROSPOT RED WASHING UP GLOVES,3090.96,1458,304,2.1,1.0,1.0,0.0006854009595613434
23461,SWEETHEART BIRD HOUSE,3082.71,857,94,16.6,4.0,1.0,0.004645760743321719
20828,GLITTER BUTTERFLY CLIPS,3079.88,1130,241,0.0,0.0,0.0,0.0
23188,VINTAGE  2 METER FOLDING RULER,3075.3699999999994,1845,181,23.099999999999994,14.0,3.0,0.007530930607853685
84997A,GREEN 3 PIECE POLKADOT CUTLERY SET,3069.46,845,74,49.95,13.0,3.0,0.015151515151515152
22564,ALPHABET STENCIL CRAFT,3063.52,2702,186,464.17,437.0,2.0,0.13921631092704684
23329,DECORATIVE WICKER HEART LARGE,3056.3399999999997,1778,233,4.949999999999999,3.0,1.0,0.0016844469399213925
22810,SET OF 6 T-LIGHTS SNOWMEN,3045.6800000000003,952,165,140.1,54.0,2.0,0.0536779324055666
22604,SET OF 4 NAPKIN CHARMS CUTLERY,3044.76,1253,125,0.0,0.0,0.0,0.0
23242,TREASURE TIN BUFFALO BILL,3037.11,1476,214,56.160000000000004,27.0,3.0,0.017964071856287425
22972,CHILDREN'S SPACEBOY MUG,3032.99,1774,227,56.099999999999994,34.0,8.0,0.018805309734513276
22892,SET OF SALT AND PEPPER TOADSTOOLS,3029.1,2478,199,115.19,96.0,17.0,0.037296037296037296
22894,TABLECLOTH RED APPLES DESIGN,3027.3799999999997,305,122,0.0,0.0,0.0,0.0
23237,SET OF 4 KNICK KNACK TINS LEAF,3024.76,748,123,69.35000000000001,17.0,10.0,0.022222222222222223
21810,CHRISTMAS HANGING STAR WITH BELL,3022.79,5945,252,73.75,59.0,2.0,0.00982678214523651
22592,CARDHOLDER HOLLY WREATH METAL,3021.12,658,135,7.5,2.0,2.0,0.0030303030303030303
22945,CHRISTMAS METAL TAGS ASSORTED,3019.12,3003,172,200.57999999999998,258.0,5.0,0.07911683532658693
21714,CITRONELLA CANDLE GARDEN POT,3018.15,1657,225,25.0,20.0,5.0,0.011926058437686345
23390,DOLLY GIRL MINI BACKPACK,3008.9900000000002,743,161,4.15,1.0,1.0,0.0013440860215053765
23236,DOILEY STORAGE TIN,3004.46,1094,122,95.37,33.0,17.0,0.029281277728482696
22644,CERAMIC CHERRY CAKE MONEY BANK,3000.02,2223,276,13.05,9.0,4.0,0.004032258064516129
16161P,WRAP ENGLISH ROSE,2990.92,7226,248,10.5,25.0,1.0,0.0034478003034064267
21201,TROPICAL  HONEYCOMB PAPER GARLAND,2987.82,1240,101,2.55,1.0,1.0,0.0008058017727639
21411,GINGHAM HEART  DOORSTOP RED,2982.0299999999997,793,241,25.5,6.0,1.0,0.007509386733416771
22331,WOODLAND PARTY BAG + STICKER SET,2975.14,1840,183,3.3,2.0,2.0,0.0010857763300760044
21625,VINTAGE UNION JACK APRON,2967.31,411,169,0.0,0.0,0.0,0.0
22906,12 MESSAGE CARDS WITH ENVELOPES,2959.4199999999996,1740,251,1.65,1.0,1.0,0.0005743825387708214
21918,SET 12 KIDS COLOUR  CHALK STICKS,2950.67,7200,369,6.72,16.0,3.0,0.0022172949002217295
22078,RIBBON REEL LACE DESIGN,2948.41,1381,192,0.0,0.0,0.0,0.0
85174,S/4 CACTI CANDLES,2946.88,617,157,14.15,3.0,3.0,0.004838709677419355
22990,COTTON APRON PANTRY DESIGN,2942.1800000000003,638,164,553.6999999999999,126.0,11.0,0.1649214659685864
35004B,SET OF 3 BLACK FLYING DUCKS,2934.8100000000004,577,111,136.8,30.0,8.0,0.04942339373970346
22777,GLASS CLOCHE LARGE,2934.53,350,57,41.65,5.0,4.0,0.014084507042253521
23211,RED ROCKING HORSE HAND PAINTED,2933.07,2331,160,30.0,24.0,1.0,0.01019108280254777
84568,GIRLS ALPHABET IRON ON PATCHES,2923.13,13882,147,0.0,0.0,0.0,0.0
22843,BISCUIT TIN VINTAGE GREEN,2911.27,451,126,67.5,10.0,8.0,0.021691973969631236
21313,GLASS HEART T-LIGHT HOLDER,2906.52,3336,214,23.62,31.0,10.0,0.009207009207009207
22774,RED DRAWER KNOB ACRYLIC EDWARDIAN,2901.75,2278,140,19.81,16.0,3.0,0.006974716652136007
23290,SPACEBOY CHILDRENS BOWL,2899.1000000000004,2437,214,12.5,10.0,2.0,0.004086636697997548
23056,FLOWERS CHANDELIER T-LIGHT HOLDER,2898.12,963,38,1859.07,579.0,7.0,0.3754863813229572
23345,DOLLY GIRL BEAKER,2891.25,2455,174,8.75,7.0,2.0,0.002843216896831844
21976,PACK OF 60 MUSHROOM CAKE CASES,2886.9500000000003,5230,393,15.950000000000001,29.0,2.0,0.0055143563415097924
23283,DOORMAT VINTAGE LEAVES DESIGN,2881.18,430,91,57.45,7.0,2.0,0.016018306636155607
21990,MODERN FLORAL STATIONERY SET,2880.45,1679,366,15.0,12.0,1.0,0.007096392667060911
23427,STOOL HOME SWEET HOME,2873.08,238,114,22.9,2.0,2.0,0.008333333333333333
22354,RETROSPOT PADDED SEAT CUSHION,2860.98,750,83,3.39,1.0,1.0,0.0013315579227696406
22426,ENAMEL WASH BOWL CREAM,2858.96,743,208,45.0,12.0,4.0,0.015894039735099338
23504,PLAYING CARDS JUBILEE UNION JACK,2857.64,1934,208,0.0,0.0,0.0,0.0
22797,CHEST OF DRAWERS GINGHAM HEART,2851.3599999999997,163,91,237.3,14.0,10.0,0.07909604519774012
23212,HEART WREATH DECORATION WITH BELL,2850.89,2288,185,75.0,60.0,3.0,0.02555366269165247
22930,BAKING MOULD HEART MILK CHOCOLATE,2849.35,1109,189,201.60000000000002,96.0,1.0,0.07966804979253111
22476,EMPIRE UNION JACK TV DINNER TRAY,2844.16,881,125,39.6,8.0,1.0,0.008998875140607425
22072,RED RETROSPOT TEA CUP AND SAUCER,2831.17,854,162,71.25,19.0,9.0,0.021764032073310423
22380,TOY TIDY SPACEBOY,2823.86,1316,285,77.7,37.0,6.0,0.027346637102734665
85178,VICTORIAN SEWING KIT,2823.83,2519,140,322.85,289.0,5.0,0.10292022792022792
47599B,BLUE PARTY BAGS,2822.32,1480,118,109.2,52.0,2.0,0.033942558746736295
21499,BLUE POLKADOT WRAP,2819.84,6952,217,82.5,225.0,2.0,0.03135014630068274
21563,RED HEART SHAPE LOVE BUCKET,2803.13,1395,159,0.0,0.0,0.0,0.0
22762,CUPBOARD 3 DRAWER MA CAMPAGNE,2786.0299999999997,171,112,244.9,18.0,7.0,0.09523809523809523
22794,SWEETHEART WIRE MAGAZINE RACK,2784.9,326,182,39.75,5.0,4.0,0.015105740181268883
22224,WHITE LOVEBIRD LANTERN,2767.01,835,164,11.8,4.0,2.0,0.004767580452920143
22925,BLUE GIANT GARDEN THERMOMETER,2763.42,450,182,47.6,8.0,5.0,0.017467248908296942
23190,BUNDLE OF 3 SCHOOL EXERCISE BOOKS,2761.8999999999996,1702,202,3.3,2.0,2.0,0.0011737089201877935
22963,JAM JAR WITH GREEN LID,2761.56,3267,306,90.86,115.0,12.0,0.03400354819633353
22196,SMALL HEART MEASURING SPOONS,2759.2599999999998,2853,472,24.13,29.0,4.0,0.010062456627342124
23266,SET OF 3 WOODEN STOCKING DECORATION,2757.57,2064,319,15.0,12.0,1.0,0.005780346820809248
23542,WALL ART 70'S ALPHABET,2757.06,356,74,48.7,6.0,3.0,0.016574585635359115
23147,SINGLE ANTIQUE ROSE HOOK IVORY,2755.1,1870,261,21.75,15.0,6.0,0.007957559681697613
22773,GREEN DRAWER KNOB ACRYLIC EDWARDIAN,2754.4,2087,191,0.0,0.0,0.0,0.0
23341,PINK DINER WALL CLOCK,2749.85,308,121,0.0,0.0,0.0,0.0
22823,CHEST NATURAL WOOD 20 DRAWERS,2745.0,24,13,0.0,0.0,0.0,0.0
22974,CHILDRENS DOLLY GIRL MUG,2744.5399999999995,1607,204,33.0,20.0,7.0,0.012292562999385371
23100,SILVER BELLS TABLE DECORATION,2743.13,2169,257,1.25,1.0,1.0,0.0004608294930875576
22283,6 EGG HOUSE PAINTED WOOD,2742.33,301,155,31.8,4.0,2.0,0.013114754098360656
21985,PACK OF 12 HEARTS DESIGN TISSUES,2737.6299999999997,8803,427,0.0,0.0,0.0,0.0
23407,SET OF 2 TRAYS HOME SWEET HOME,2729.33,267,133,59.699999999999996,6.0,4.0,0.02197802197802198
20829,GLITTER HANGING BUTTERFLY STRING,2725.05,1315,194,205.26,120.0,6.0,0.08362369337979095
23333,IVORY WICKER HEART MEDIUM,2721.7,2110,233,15.0,12.0,1.0,0.005655042412818096
23164,REGENCY CAKE SLICE,2718.65,578,92,4.95,1.0,1.0,0.0017271157167530224
84832,ZINC WILLIE WINKIE  CANDLE STICK,2713.5499999999997,2934,268,10.2,12.0,1.0,0.004073319755600814
22278,OVERNIGHT BAG VINTAGE ROSE PAISLEY,2709.3,406,178,29.700000000000003,6.0,3.0,0.014563106796116505
21239,PINK  POLKADOT CUP,2709.04,3018,307,17.85,21.0,2.0,0.006910167818361303
22927,GREEN GIANT GARDEN THERMOMETER,2704.71,430,148,83.3,14.0,7.0,0.03153153153153153
22737,RIBBON REEL CHRISTMAS PRESENT,2695.8,1389,259,66.0,40.0,2.0,0.02799160251924423
23264,SET OF 3 WOODEN SLEIGH DECORATIONS,2694.56,1966,299,1.25,1.0,1.0,0.0005083884087442806
72802C,VANILLA SCENT CANDLE JEWELLED BOX,2692.44,1396,105,579.81,505.0,4.0,0.26564965807469754
22691,DOORMAT WELCOME SUNRISE,2686.7200000000003,372,120,24.15,3.0,2.0,0.008
22702,BLACK AND WHITE CAT BOWL,2684.6499999999996,1363,49,0.0,0.0,0.0,0.0
22045,SPACEBOY GIFT WRAP,2683.84,6552,208,31.5,75.0,3.0,0.011317338162064282
22660,DOORMAT I LOVE LONDON,2678.96,364,102,0.0,0.0,0.0,0.0
21781,MA CAMPAGNE CUTLERY BOX,2676.75,169,101,283.15,21.0,8.0,0.11052631578947368
22433,WATERING CAN GREEN DINOSAUR,2667.5,1394,227,5.85,3.0,3.0,0.0021474588403722263
22130,PARTY CONE CHRISTMAS DECORATION,2664.6299999999997,2277,110,104.52999999999999,145.0,2.0,0.05986787778695293
21109,LARGE CAKE TOWEL CHOCOLATE SPOTS,2663.62,926,104,0.0,0.0,0.0,0.0
22329,ROUND CONTAINER SET OF 5 RETROSPOT,2663.5399999999995,1604,238,28.049999999999997,17.0,3.0,0.010487353485502776
23146,TRIPLE HOOK ANTIQUE IVORY ROSE,2655.13,801,227,164.1,50.0,22.0,0.05875440658049354
22902,TOTE BAG I LOVE LONDON,2650.08,1296,136,50.400000000000006,24.0,2.0,0.01818181818181818
22582,PACK OF 6 SWEETIE GIFT BOXES,2649.35,1061,102,30.599999999999998,12.0,1.0,0.011183597390493943
22792,FLUTED ANTIQUE CANDLE HOLDER,2643.33,2809,206,10.2,12.0,1.0,0.004253810705423609
22241,GARLAND WOODEN HAPPY EASTER,2641.93,1978,239,4.8100000000000005,4.0,3.0,0.0020181634712411706
35961,FOLKART ZINC HEART CHRISTMAS DEC,2640.8599999999997,2999,244,0.85,1.0,1.0,0.0003333333333333333
82600,N0 SINGING METAL SIGN,2639.42,1225,49,73.30000000000001,38.0,4.0,0.030087094220110848
23054,RECYCLED ACAPULCO MAT LAVENDER,2621.43,297,130,8.25,1.0,1.0,0.003355704697986577
21012,ANTIQUE ALL GLASS CANDLESTICK,2618.25,1171,199,6.300000000000001,3.0,1.0,0.002555366269165247
22965,3 TRADITIONAl BISCUIT CUTTERS  SET,2610.61,1211,232,79.80000000000001,38.0,5.0,0.03042433947157726
22830,UTILTY CABINET WITH HOOKS,2610.29,131,6,0.0,0.0,0.0,0.0
22700,BLACK AND WHITE DOG BOWL,2608.08,1198,52,31.300000000000004,22.0,4.0,0.018032786885245903
23196,VINTAGE LEAF MAGNETIC NOTEPAD,2605.5,1710,274,18.849999999999998,13.0,3.0,0.0075449796865931515
22833,HALL CABINET WITH 3 DRAWERS,2603.5299999999997,76,5,0.0,0.0,0.0,0.0
22175,PINK OWL SOFT TOY,2600.13,879,171,5.9,2.0,2.0,0.0022701475595913734
22361,GLASS JAR DAISY FRESH COTTON WOOL,2598.23,729,268,35.0,12.0,6.0,0.016194331983805668
22805,BLUE DRAWER KNOB ACRYLIC EDWARDIAN,2593.53,1904,195,16.25,13.0,2.0,0.006781429316640584
21500,PINK POLKADOT WRAP,2593.0,6350,213,0.0,0.0,0.0,0.0
22822,CREAM WALL PLANTER HEART SHAPED,2588.7000000000003,434,158,11.9,2.0,2.0,0.0045871559633027525
47559B,TEA TIME OVEN GLOVE,2588.65,2080,287,37.5,30.0,2.0,0.014218009478672985
22933,BAKING MOULD EASTER EGG MILK CHOC,2585.92,940,122,337.80000000000007,156.0,2.0,0.14233576642335766
22610,PENS ASSORTED FUNNY FACE,2578.24,9608,216,0.0,0.0,0.0,0.0
21735,TWO DOOR CURIO CABINET,2577.45,212,83,382.95,33.0,13.0,0.1346938775510204
23534,STOP FOR TEA WALL ART,2572.7,518,41,41.650000000000006,7.0,1.0,0.013333333333333334
84596B,SMALL DOLLY MIX DESIGN ORANGE BOWL,2570.52,5078,522,6.72,16.0,1.0,0.0031409501374165686
23292,SPACEBOY CHILDRENS CUP,2558.82,2051,216,26.25,21.0,6.0,0.010135135135135136
22358,KINGS CHOICE TEA CADDY,2557.1200000000003,700,255,23.6,8.0,4.0,0.011299435028248588
22064,PINK DOUGHNUT TRINKET POT,2556.2,1734,241,57.599999999999994,36.0,14.0,0.020338983050847456
21452,TOADSTOOL MONEY BOX,2549.11,817,184,83.15,29.0,12.0,0.034278959810874705
21078,SET/20 STRAWBERRY PAPER NAPKINS,2540.39,2780,313,0.0,0.0,0.0,0.0
23131,MISTLETOE HEART WREATH CREAM,2539.63,625,110,24.9,6.0,2.0,0.009508716323296355
23424,GINGHAM RECIPE BOOK BOX,2529.42,466,135,4.95,1.0,1.0,0.0021413276231263384
72351A,SET/6 TURQUOISE BUTTERFLY T-LIGHTS,2528.15,1278,153,0.0,0.0,0.0,0.0
23681,LUNCH BAG RED VINTAGE DOILY,2526.69,1577,132,0.0,0.0,0.0,0.0
21730,GLASS STAR FROSTED T-LIGHT HOLDER,2519.38,518,131,68.60000000000001,14.0,8.0,0.02631578947368421
22670,FRENCH WC SIGN BLUE METAL,2518.0,1883,301,6.25,5.0,2.0,0.0026483050847457626
21556,CERAMIC STRAWBERRY MONEY BOX,2515.52,977,114,2.55,1.0,1.0,0.0010224948875255625
23316,RED REFECTORY CLOCK,2511.59,251,110,9.95,1.0,1.0,0.003968253968253968
22672,FRENCH BATHROOM SIGN BLUE METAL,2511.22,1476,219,26.4,16.0,3.0,0.010723860589812333
22937,BAKING MOULD CHOCOLATE CUPCAKES,2507.14,950,157,33.15,13.0,2.0,0.013499480789200415
22075,6 RIBBONS ELEGANT CHRISTMAS,2503.3399999999997,1800,200,19.799999999999997,12.0,1.0,0.006622516556291391
21107,CREAM SLICE FLANNEL PINK SPOT,2501.56,904,97,0.0,0.0,0.0,0.0
23367,SET 12 COLOUR PENCILS SPACEBOY,2495.75,3285,282,10.4,16.0,1.0,0.004847016055740685
21903,MAN FLU METAL SIGN,2494.3300000000004,1162,180,27.300000000000004,13.0,2.0,0.011063829787234043
22215,CAKE STAND WHITE TWO TIER LACE,2471.39,343,101,17.0,2.0,2.0,0.005797101449275362
23352,ROLL WRAP 50'S RED CHRISTMAS,2462.95,1803,212,15.0,12.0,1.0,0.006611570247933884
85062,PEARL CRYSTAL PUMPKIN T-LIGHT HLDR,2449.2999999999997,1474,159,6.6,4.0,2.0,0.0027063599458728013
23489,VINTAGE BELLS GARLAND,2443.35,821,149,0.0,0.0,0.0,0.0
85184C,S/4 VALENTINE DECOUPAGE HEART BOX,2443.04,1484,131,0.0,0.0,0.0,0.0
22374,AIRLINE BAG VINTAGE JET SET RED,2440.27,549,223,17.0,4.0,3.0,0.007233273056057866
84032B,CHARLIE + LOLA RED HOT WATER BOTTLE,2430.44,939,255,133.5,66.0,4.0,0.06567164179104477
21875,KINGS CHOICE MUG,2429.38,2055,148,35.0,28.0,5.0,0.01344215074411906
23406,HOME SWEET HOME KEY HOLDER,2428.9100000000003,457,111,18.75,3.0,2.0,0.006521739130434782
22807,SET OF 6 T-LIGHTS TOADSTOOLS,2428.1800000000003,825,195,0.0,0.0,0.0,0.0
22573,STAR WOODEN CHRISTMAS DECORATION,2427.25,2689,221,0.0,0.0,0.0,0.0
23265,SET OF 3 WOODEN TREE DECORATIONS,2423.54,1784,293,18.75,15.0,2.0,0.008337965536409116
22743,MAKE YOUR OWN FLOWERPOWER CARD KIT,2420.34,934,206,17.700000000000003,6.0,1.0,0.006382978723404255
22811,SET OF 6 T-LIGHTS CACTI,2419.29,881,108,2.95,1.0,1.0,0.0011337868480725624
22437,SET OF 9 BLACK SKULL BALLOONS,2418.94,2830,226,8.5,10.0,1.0,0.0035211267605633804
21328,BALLOONS  WRITING SET,2418.68,1342,346,0.0,0.0,0.0,0.0
23400,SHELF WITH 4 HOOKS HOME SWEET HOME,2409.34,461,107,12.5,2.0,1.0,0.004319654427645789
22167,OVAL WALL MIRROR DIAMANTE,2401.0699999999997,237,156,49.75,5.0,3.0,0.02066115702479339
20978,36 PENCILS TUBE SKULLS,2400.05,1799,263,20.0,16.0,1.0,0.008815426997245178
84796B,BLUE SAVANNAH PICNIC HAMPER FOR 2,2393.5899999999997,256,124,0.0,0.0,0.0,0.0
84969,BOX OF 6 ASSORTED COLOUR TEASPOONS,2389.52,558,210,8.5,2.0,2.0,0.0035714285714285713
11001,ASSTD DESIGN RACING CAR PEN,2389.44,1615,113,237.04999999999998,185.0,5.0,0.10277777777777777
22440,BALLOON WATER BOMB PACK OF 35,2385.12,6034,154,4.2,10.0,1.0,0.0016545334215751159
23048,SET OF 10 LANTERNS FAIRY LIGHT STAR,2384.9700000000003,581,99,136.95000000000002,33.0,5.0,0.05374592833876222
20983,12 PENCILS TALL TUBE RED RETROSPOT,2382.46,2746,268,5.95,7.0,3.0,0.0025426807119505995
22282,12 EGG HOUSE PAINTED WOOD,2378.52,149,99,12.75,1.0,1.0,0.006666666666666667
23498,CLASSIC BICYCLE CLIPS,2378.4799999999996,1644,99,0.0,0.0,0.0,0.0
21811,HANGING HEART WITH BELL,2376.0499999999997,4620,219,18.72,48.0,1.0,0.010282776349614395
22851,SET 20 NAPKINS FAIRY CAKES DESIGN,2375.44,2749,350,11.049999999999999,13.0,2.0,0.004706734250543085
84997d,CHILDRENS CUTLERY POLKADOT PINK,2372.33,285,65,0.0,0.0,0.0,0.0
23535,BICYCLE SAFTEY WALL ART,2371.94,458,39,5.95,1.0,1.0,0.002178649237472767
23396,LE JARDIN BOTANIQUE CUSHION COVER,2371.25,566,166,15.0,4.0,1.0,0.007017543859649123
37500,TEA TIME TEAPOT IN GIFT BOX,2360.68,380,113,24.849999999999998,3.0,3.0,0.007832898172323759
22070,SMALL RED RETROSPOT MUG IN BOX,2358.15,949,116,336.54,296.0,5.0,0.23775100401606425
21495,SKULLS AND CROSSBONES WRAP,2356.0,5800,165,10.5,25.0,1.0,0.004291845493562232
23401,RUSTIC MIRROR WITH LACE HEART,2354.87,459,83,18.75,3.0,3.0,0.006493506493506494
23412,HEART MIRROR ANTIQUE WHITE,2354.8,358,76,15.0,2.0,1.0,0.005555555555555556
22548,HEADS AND TAILS SPORTING FUN,2351.44,1977,209,0.0,0.0,0.0,0.0
22425,ENAMEL COLANDER CREAM,2346.1200000000003,460,166,29.700000000000003,6.0,3.0,0.012875536480686695
23437,50'S CHRISTMAS GIFT BAG LARGE,2343.63,1915,129,2.5,2.0,1.0,0.0010432968179447052
21700,BIG DOUGHNUT FRIDGE MAGNETS,2334.94,1726,198,30.599999999999998,36.0,1.0,0.02043132803632236
20977,36 PENCILS TUBE WOODLAND,2331.14,1741,185,93.75,75.0,4.0,0.04129955947136564
16156S,WRAP PINK FAIRY CAKES,2331.0,5800,167,0.0,0.0,0.0,0.0
22829,SWEETHEART WIRE WALL TIDY,2315.33,229,109,87.9,10.0,2.0,0.04184100418410042
22736,RIBBON REEL MAKING SNOWMEN,2315.25,1233,223,21.45,13.0,2.0,0.01043338683788122
22483,RED GINGHAM TEDDY BEAR,2314.7400000000002,774,169,2.95,1.0,1.0,0.0012903225806451613
23371,SET 36 COLOUR PENCILS SPACEBOY,2313.53,1712,185,0.0,0.0,0.0,0.0
84950,ASSORTED COLOUR T-LIGHT HOLDER,2304.8300000000004,3631,120,6.1000000000000005,10.0,4.0,0.0027464982147761604
21982,PACK OF 12 SUKI TISSUES,2304.14,7612,359,0.39,1.0,1.0,0.00013135426244581636
22441,GROW YOUR OWN BASIL IN ENAMEL MUG,2301.31,1051,219,6.300000000000001,3.0,3.0,0.0028462998102466793
23330,DECORATIVE WICKER HEART MEDIUM,2299.47,1804,216,7.5,6.0,1.0,0.0033149171270718232
71459,HANGING JAM JAR T-LIGHT HOLDERS,2298.0499999999997,2813,92,105.88,129.0,11.0,0.04384772263766146
85175,CACTI T-LIGHT CANDLES,2292.34,5353,143,41.160000000000004,98.0,4.0,0.017978352595853973
22185,SLATE TILE NATURAL HANGING,2291.4399999999996,1510,162,0.0,0.0,0.0,0.0
84997b,CHILDRENS CUTLERY RETROSPOT RED,2287.37,273,55,0.0,0.0,0.0,0.0
23029,DRAWER KNOB CRACKLE GLAZE GREEN,2284.12,1340,154,46.199999999999996,28.0,8.0,0.02046783625730994
21813,GARLAND WITH STARS AND BELLS,2280.4700000000003,549,112,34.650000000000006,7.0,2.0,0.012589928057553957
21896,POTTING SHED TWINE,2279.09,983,110,9.75,5.0,3.0,0.005060728744939271
23197,SKETCHBOOK MAGNETIC SHOPPING LIST,2274.0,1456,246,36.25,25.0,7.0,0.01688048615800135
22914,BLUE COAT RACK PARIS FASHION,2266.1600000000003,468,154,24.75,5.0,4.0,0.010570824524312896
22983,CARD BILLBOARD FONT,2261.6,5302,443,68.75999999999999,181.0,3.0,0.0330111252963706
46000S,POLYESTER FILLER PAD 40x40cm,2256.2,1556,185,63.8,44.0,3.0,0.0275
21069,VINTAGE BILLBOARD TEA MUG,2251.77,1950,86,743.0600000000001,701.0,1.0,0.26442851754055074
22030,SWALLOWS GREETING CARD,2247.97,5551,274,0.0,0.0,0.0,0.0
23252,VINTAGE RED ENAMEL TRIM JUG,2246.61,599,136,123.75,33.0,7.0,0.05221518987341772
23093,SMALL PARISIENNE HEART PHOTO FRAME,2244.2200000000003,941,142,7.470000000000001,3.0,2.0,0.0031779661016949155
23079,TOADSTOOL BEDSIDE LIGHT,2243.35,253,106,125.3,14.0,7.0,0.052434456928838954
23326,HANGING MINI COLOURED BOTTLES,2237.71,3443,76,0.0,0.0,0.0,0.0
21989,PACK OF 20 SKULL PAPER NAPKINS,2235.65,2412,335,0.0,0.0,0.0,0.0
21471,STRAWBERRY RAFFIA FOOD COVER,2228.09,641,163,15.0,4.0,3.0,0.006201550387596899
22601,CHRISTMAS RETROSPOT ANGEL WOOD,2222.3799999999997,2482,200,3.4,4.0,3.0,0.0016090104585679806
23501,KEY RING BASEBALL BOOT UNION JACK,2220.37,1823,112,0.0,0.0,0.0,0.0
22478,BIRDHOUSE GARDEN MARKER,2218.12,1543,140,0.0,0.0,0.0,0.0
84997c,CHILDRENS CUTLERY POLKADOT BLUE,2216.2099999999996,265,56,0.0,0.0,0.0,0.0
37448,CERAMIC CAKE DESIGN SPOTTED MUG,2214.08,1456,187,67.05,45.0,12.0,0.029980013324450366
21794,CLASSIC FRENCH STYLE BASKET NATURAL,2213.42,522,106,11.850000000000001,3.0,2.0,0.005714285714285714
82494l,WOODEN FRAME ANTIQUE WHITE,2211.6,264,61,0.0,0.0,0.0,0.0
23403,LETTER HOLDER HOME SWEET HOME,2207.86,626,134,11.25,3.0,3.0,0.0047694753577106515
10135,COLOURING PENCILS BROWN TUBE,2207.39,2231,175,1.25,1.0,1.0,0.00044802867383512545
21042,RED RETROSPOT APRON,2205.4700000000003,335,131,34.4,6.0,5.0,0.017595307917888565
22574,HEART WOODEN CHRISTMAS DECORATION,2202.14,2336,222,138.24,192.0,1.0,0.0759493670886076
21900,"KEY FOB , SHED",2201.07,3234,372,3.25,5.0,2.0,0.0015436863229391787
23302,KNEELING MAT HOUSEWORK  DESIGN,2194.62,1544,230,54.239999999999995,36.0,5.0,0.02278481012658228
22571,ROCKING HORSE RED CHRISTMAS,2191.43,2441,254,80.17,109.0,3.0,0.04274509803921569
22763,KEY CABINET MA CAMPAGNE,2186.27,207,108,49.75,5.0,3.0,0.02358490566037736
23436,VINTAGE CHRISTMAS GIFT BAG LARGE,2182.39,1831,105,18.75,15.0,2.0,0.008125677139761646
85038,6 CHOCOLATE LOVE HEART T-LIGHTS,2179.6600000000003,1065,142,0.0,0.0,0.0,0.0
23445,ICE CREAM BUBBLES,2177.8399999999997,2688,101,16.599999999999998,20.0,1.0,0.007385524372230428
22357,KINGS CHOICE BISCUIT TIN,2175.04,468,180,76.5,18.0,8.0,0.037037037037037035
21878,PACK OF 6 SANDCASTLE FLAGS ASSORTED,2173.0499999999997,2524,224,11.049999999999999,13.0,2.0,0.005124162396531336
22377,BOTTLE BAG RETROSPOT,2171.53,1330,207,18.45,9.0,2.0,0.006721433905899925
22704,WRAP RED APPLES,2168.76,5278,174,21.0,50.0,2.0,0.009384384384384385
22121,NOEL WOODEN BLOCK LETTERS,2165.65,353,133,5.95,1.0,1.0,0.002824858757062147
21592,RETROSPOT CIGAR BOX MATCHES,2164.46,2162,216,0.0,0.0,0.0,0.0
22732,3D VINTAGE CHRISTMAS STICKERS,2162.75,1645,188,0.0,0.0,0.0,0.0
23031,DRAWER KNOB CRACKLE GLAZE PINK,2162.2,1284,153,33.0,20.0,9.0,0.015337423312883436
21249,WOODLAND  HEIGHT CHART STICKERS,2160.0,724,119,0.0,0.0,0.0,0.0
22107,PIZZA PLATE IN BOX,2158.06,594,179,76.25,21.0,4.0,0.03414634146341464
22920,HERB MARKER BASIL,2155.94,3427,242,841.0500000000001,1527.0,2.0,0.30823576907549455
82581,TOILET METAL SIGN,2155.8900000000003,3883,405,11.16,21.0,5.0,0.005379098360655738
22588,CARD HOLDER GINGHAM HEART,2149.31,687,175,411.87000000000006,195.0,3.0,0.22108843537414966
23028,DRAWER KNOB CRACKLE GLAZE BLUE,2148.5299999999997,1213,134,11.55,7.0,3.0,0.005737704918032787
23005,TRAVEL CARD WALLET I LOVE LONDON,2147.55,4783,241,0.42,1.0,1.0,0.00020903010033444816
22973,CHILDREN'S CIRCUS PARADE MUG,2145.91,1261,144,36.3,22.0,5.0,0.0171473109898675
23161,REGENCY CAKE FORK,2145.3,1715,98,15.0,12.0,1.0,0.006948465547191662
23232,WRAP VINTAGE LEAF DESIGN,2140.92,5326,134,21.42,51.0,3.0,0.009484842849172401
23213,STAR WREATH DECORATION WITH BELL,2139.67,1683,152,15.0,12.0,1.0,0.007079646017699115
40016,CHINESE DRAGON PAPER LANTERNS,2136.34,5556,97,0.0,0.0,0.0,0.0
21232,STRAWBERRY CERAMIC TRINKET POT,2133.7200000000003,1371,125,443.25,385.0,57.0,0.219248291571754
22509,SEWING BOX RETROSPOT DESIGN,2132.44,211,86,239.2,16.0,2.0,0.07048458149779736
22128,PARTY CONES CANDY ASSORTED,2127.53,1762,76,70.0,56.0,3.0,0.030803080308030802
37450,CERAMIC CAKE BOWL + HANGING CAKES,2126.3900000000003,717,134,96.2,36.0,12.0,0.04780876494023904
22891,TEA FOR ONE POLKADOT,2125.18,424,168,127.5,30.0,18.0,0.06607929515418502
84356,POMPOM CURTAIN,2124.15,424,82,0.0,0.0,0.0,0.0
22498,WOODEN REGATTA BUNTING,2121.9900000000002,334,150,0.0,0.0,0.0,0.0
21980,PACK OF 12 RED RETROSPOT TISSUES,2121.7599999999998,6687,297,38.28,132.0,3.0,0.01935767707875055
22156,HEART DECORATION WITH PEARLS,2114.83,2198,256,88.21,105.0,13.0,0.04559270516717325
21718,RED METAL BEACH SPADE,2114.64,1494,229,1.25,1.0,1.0,0.0006688963210702341
23046,PAPER LANTERN 9 POINT DELUXE STAR,2111.4900000000002,349,36,0.0,0.0,0.0,0.0
20751,FUNKY WASHING UP GLOVES ASSORTED,2108.7200000000003,1003,198,2.1,1.0,1.0,0.00099601593625498
23438,RED SPOT GIFT BAG LARGE,2107.42,1727,103,0.0,0.0,0.0,0.0
23233,WRAP POPPIES  DESIGN,2105.5,5175,158,10.5,25.0,1.0,0.004807692307692308
21506,"FANCY FONT BIRTHDAY CARD,",2101.0099999999998,4958,323,5.04,12.0,1.0,0.002414486921529175
22996,TRAVEL CARD WALLET VINTAGE TICKET,2099.97,4813,408,10.92,26.0,4.0,0.0053730109526761724
23152,IVORY SWEETHEART WIRE LETTER RACK,2095.65,558,159,26.25,7.0,3.0,0.012389380530973451
22733,3D TRADITIONAL CHRISTMAS STICKERS,2095.08,1583,197,0.0,0.0,0.0,0.0
23315,IVORY REFECTORY CLOCK,2094.24,213,86,97.80000000000001,12.0,1.0,0.05333333333333334
22059,CERAMIC STRAWBERRY DESIGN MUG,2094.24,1790,173,35.76,24.0,8.0,0.013230429988974642
23251,VINTAGE RED ENAMEL TRIM MUG,2092.0,1701,119,72.5,58.0,5.0,0.03297328027288232
22744,MAKE YOUR OWN MONSOON CARD KIT,2091.5400000000004,870,172,23.6,8.0,2.0,0.009111617312072893
21609,SET 12 LAVENDER  BOTANICAL T-LIGHTS,2089.64,764,76,0.0,0.0,0.0,0.0
22593,CHRISTMAS GINGHAM STAR,2087.3399999999997,2265,198,103.67999999999999,144.0,1.0,0.05977584059775841
22747,POPPY'S PLAYHOUSE BATHROOM,2087.15,957,227,12.600000000000001,6.0,1.0,0.006230529595015576
22055,MINI CAKE STAND  HANGING STRAWBERY,2086.49,1377,220,37.75,23.0,7.0,0.016428571428571428
23526,DOG LICENCE WALL ART,2081.64,408,29,95.2,16.0,2.0,0.03773584905660377
23360,SET 8 CANDLES VINTAGE DOILY,2079.85,1065,107,0.0,0.0,0.0,0.0
22863,SOAP DISH BROCANTE,2076.63,721,110,38.35000000000001,13.0,2.0,0.017711171662125342
23370,SET 36 COLOURING PENCILS DOILY,2076.6,1490,147,1.25,1.0,1.0,0.0006706908115358819
23536,VILLAGE SHOW WALL ART,2072.42,386,18,23.8,4.0,1.0,0.010256410256410256
22831,WHITE BROCANTE SOAP DISH,2070.9,706,121,0.0,0.0,0.0,0.0
22955,36 FOIL STAR CAKE CASES,2070.15,1048,134,0.0,0.0,0.0,0.0
23227,FILIGREE HEART BUTTERFLY WHITE,2070.06,1642,117,7.5,6.0,2.0,0.0036407766990291263
22935,BAKING MOULD ROSE MILK CHOCOLATE,2066.82,690,65,198.0,72.0,1.0,0.09448818897637795
23020,GLASS  SONGBIRD STORAGE JAR,2065.14,169,73,73.65,6.0,6.0,0.03428571428571429
23291,DOLLY GIRL CHILDRENS CUP,2060.28,1635,195,12.5,10.0,3.0,0.0060790273556231
23490,T-LIGHT HOLDER HANGING LOVE BIRD,2055.27,548,101,11.25,3.0,1.0,0.0054446460980036296
22101,MIRROR MOSAIC VOTIVE HOLDER,2053.17,1438,69,126.36,324.0,1.0,0.18388195232690124
47504K,ENGLISH ROSE GARDEN SECATEURS,2049.45,2019,212,9.48,12.0,1.0,0.005908419497784343
23500,KEY RING BASEBALL BOOT ASSORTED,2044.58,1631,98,0.0,0.0,0.0,0.0
21864,UNION JACK FLAG PASSPORT COVER,2043.79,829,184,42.0,20.0,1.0,0.023557126030624265
22414,DOORMAT NEIGHBOURHOOD WITCH,2038.39,279,95,16.2,2.0,2.0,0.0071174377224199285
22803,IVORY EMBROIDERED QUILT,2038.0900000000001,54,31,0.0,0.0,0.0,0.0
20674,GREEN POLKADOT BOWL,2032.48,1576,205,7.5,6.0,1.0,0.0037926675094816687
22080,RIBBON REEL POLKADOTS,2028.23,1221,155,16.5,10.0,1.0,0.008123476848090982
84880,WHITE WIRE EGG HOLDER,2027.74,314,76,55.1,9.0,2.0,0.02786377708978328
22788,BROCANTE COAT RACK,2025.96,220,60,56.8,6.0,4.0,0.02654867256637168
22115,METAL SIGN EMPIRE TEA,2020.91,1549,228,0.0,0.0,0.0,0.0
23268,SET OF 2 CERAMIC CHRISTMAS REINDEER,2019.59,1448,89,17.4,12.0,1.0,0.00821917808219178
51014A,"FEATHER PEN,HOT PINK",2018.78,3890,239,61.199999999999996,72.0,1.0,0.01817264008076729
22897,OVEN MITT APPLES DESIGN,2016.0,1352,211,60.9,42.0,5.0,0.03012912482065997
23543,KEEP CALM WALL ART,2015.97,269,20,0.0,0.0,0.0,0.0
22959,WRAP CHRISTMAS VILLAGE,2014.42,4901,142,126.0,300.0,3.0,0.05768121515093251
23289,DOLLY GIRL CHILDRENS BOWL,2013.7,1622,191,15.0,12.0,4.0,0.0073439412484700125
22859,EASTER TIN BUNNY BOUQUET,2012.9699999999998,1209,158,52.8,32.0,6.0,0.0257856567284448
21622,VINTAGE UNION JACK CUSHION COVER,2012.3400000000001,386,104,89.1,18.0,6.0,0.04455445544554455
23358,HOT STUFF HOT WATER BOTTLE,2012.13,595,89,125.94,38.0,2.0,0.06003159557661927
22364,GLASS JAR DIGESTIVE BISCUITS,2010.17,619,164,182.45,67.0,14.0,0.09766763848396501
22503,CABIN BAG VINTAGE PAISLEY,2010.12,99,34,461.84999999999997,19.0,3.0,0.16101694915254236
23274,STAR T-LIGHT HOLDER WILLIE WINKIE,2009.9499999999998,1183,119,4.949999999999999,3.0,3.0,0.002529510961214165
85049G,CHOCOLATE BOX RIBBONS,2007.94,1615,258,17.5,14.0,2.0,0.008594229588704727
23066,SMALL DECO JEWELLERY STAND,2005.81,243,79,8.25,1.0,1.0,0.004098360655737705
21591,COSY HOUR CIGAR BOX MATCHES,2001.1399999999999,1378,146,67.5,54.0,2.0,0.03770949720670391
22186,RED STAR CARD HOLDER,1997.48,848,149,132.14999999999998,53.0,4.0,0.058823529411764705
22928,YELLOW GIANT GARDEN THERMOMETER,1993.75,288,115,35.7,6.0,4.0,0.02040816326530612
23357,HOT WATER BOTTLE SEX BOMB,1993.6000000000001,453,102,0.0,0.0,0.0,0.0
72802B,OCEAN SCENT CANDLE IN JEWELLED BOX,1993.48,1028,82,662.24,454.0,6.0,0.30634278002699056
22579,WOODEN TREE CHRISTMAS SCANDINAVIAN,1988.8899999999999,5170,338,81.6,96.0,1.0,0.018230155715913406
37446,MINI CAKE STAND WITH HANGING CAKES,1986.24,1361,183,88.85,69.0,12.0,0.04825174825174825
22932,BAKING MOULD TOFFEE CUP CHOCOLATE,1985.5800000000002,878,71,262.8,120.0,2.0,0.12024048096192384
22466,FAIRY TALE COTTAGE NIGHT LIGHT,1981.29,977,115,35.849999999999994,21.0,3.0,0.021042084168336674
22477,WATERING CAN GARDEN MARKER,1980.4,1374,127,1.25,1.0,1.0,0.0007272727272727272
15039,SANDALWOOD FAN,1979.4899999999998,2091,145,22.099999999999998,26.0,3.0,0.01228153046764289
21916,SET 12 RETRO WHITE CHALK STICKS,1973.9099999999999,4600,359,10.08,24.0,1.0,0.005190311418685121
22931,BAKING MOULD HEART WHITE CHOCOLATE,1968.4,815,129,0.0,0.0,0.0,0.0
20992,JAZZ HEARTS PURSE NOTEBOOK,1965.81,4451,277,0.0,0.0,0.0,0.0
23374,RED SPOT PAPER GIFT BAG,1962.83,2456,131,13.12,16.0,3.0,0.006472491909385114
22312,OFFICE MUG WARMER POLKADOT,1962.2900000000002,649,131,76.70000000000002,26.0,2.0,0.03851851851851852
84031A,CHARLIE+LOLA RED HOT WATER BOTTLE,1961.16,431,165,39.0,20.0,1.0,0.04434589800443459
23228,FILIGREE HEART BIRD WHITE,1960.0,1492,125,149.76,144.0,1.0,0.08801955990220049
23145,ZINC T-LIGHT HOLDER STAR LARGE,1956.6799999999998,2060,167,10.45,11.0,2.0,0.005311443746982134
85123a,WHITE HANGING HEART T-LIGHT HOLDER,1952.4799999999998,292,67,0.0,0.0,0.0,0.0
84596F,SMALL MARSHMALLOWS PINK BOWL,1952.0,3748,435,6.72,16.0,1.0,0.004250797024442083
22291,HANGING CHICK CREAM DECORATION,1946.62,1317,120,34.8,24.0,1.0,0.017897091722595078
22824,3 TIER SWEETHEART GARDEN SHELF,1938.2500000000002,55,43,35.95,1.0,1.0,0.017857142857142856
22412,METAL SIGN NEIGHBOURHOOD WITCH,1938.15,914,147,4.2,2.0,1.0,0.002183406113537118
22639,SET OF 4 NAPKIN CHARMS HEARTS,1937.7099999999998,806,148,0.0,0.0,0.0,0.0
23231,WRAP DOILEY DESIGN,1927.26,4703,164,0.0,0.0,0.0,0.0
21192,WHITE BELL HONEYCOMB PAPER,1924.9399999999998,1093,88,0.0,0.0,0.0,0.0
23094,LE GRAND TRAY CHIC SET,1924.92,152,79,25.0,2.0,2.0,0.012987012987012988
22199,FRYING PAN RED RETROSPOT,1923.59,467,166,34.0,8.0,2.0,0.016842105263157894
22183,CAKE STAND VICTORIAN FILIGREE MED,1916.01,322,129,8.95,2.0,2.0,0.006172839506172839
23155,KNICKERBOCKERGLORY MAGNET ASSORTED,1914.7299999999998,2233,135,129.71,169.0,14.0,0.07035803497085762
21112,SWISS ROLL TOWEL PINK  SPOTS,1913.6899999999998,706,39,0.0,0.0,0.0,0.0
20963,APPLE BATH SPONGE,1913.67,1338,229,0.0,0.0,0.0,0.0
23128,FELTCRAFT BOY JEAN-PAUL KIT,1909.51,371,127,34.650000000000006,7.0,2.0,0.018518518518518517
21534,DAIRY MAID LARGE MILK JUG,1908.88,376,155,64.35,13.0,8.0,0.033419023136246784
22594,CHRISTMAS GINGHAM TREE,1905.7699999999998,2006,196,0.85,1.0,1.0,0.0004982561036372695
84968F,SET OF 16 VINTAGE SKY BLUE CUTLERY,1905.6799999999998,177,65,0.0,0.0,0.0,0.0
23068,ALUMINIUM STAMPED HEART,1902.19,783,130,0.0,0.0,0.0,0.0
23491,VINTAGE JINGLE BELLS HEART,1897.76,228,78,8.25,1.0,1.0,0.004366812227074236
85061W,WHITE JEWELLED HEART DECORATION,1897.4499999999998,2164,162,5.95,7.0,2.0,0.0032243205895900505
23235,STORAGE TIN VINTAGE LEAF,1893.13,715,102,40.46,14.0,7.0,0.019204389574759947
16169E,WRAP 50'S  CHRISTMAS,1892.46,4563,149,52.5,125.0,2.0,0.02666382252559727
23434,3 RAFFIA RIBBONS 50'S CHRISTMAS,1892.07,2105,199,7.9,10.0,1.0,0.004728132387706856
21068,VINTAGE BILLBOARD LOVE/HATE MUG,1890.33,1638,198,45.660000000000004,42.0,3.0,0.025
23075,PARLOUR CERAMIC WALL HOOK,1889.7500000000002,455,75,141.10000000000002,34.0,6.0,0.06952965235173825
23394,POSTE FRANCE CUSHION COVER,1888.9,438,150,0.0,0.0,0.0,0.0
35004C,SET OF 3 COLOURED  FLYING DUCKS,1888.1000000000001,394,39,170.6,36.0,8.0,0.08372093023255814
22602,RETROSPOT WOODEN HEART DECORATION,1887.9799999999998,2078,246,34.0,40.0,2.0,0.018885741265344664
15058B,PINK POLKADOT GARDEN PARASOL,1885.27,228,97,37.35,5.0,2.0,0.02145922746781116
20982,12 PENCILS TALL TUBE SKULLS,1884.9199999999998,2156,256,3.4,4.0,3.0,0.001851851851851852
22027,TEA PARTY BIRTHDAY CARD,1883.79,4392,362,61.919999999999995,168.0,3.0,0.03684210526315789
22534,MAGIC DRAWING SLATE SPACEBOY,1871.12,4496,261,0.84,2.0,1.0,0.00044464206313917296
22198,LARGE POPCORN HOLDER,1870.9099999999999,1025,86,69.35,43.0,15.0,0.040262172284644196
23090,VINTAGE GLASS T-LIGHT HOLDER,1870.86,2238,149,7.47,9.0,1.0,0.004005340453938585
22858,EASTER TIN KEEPSAKE,1865.7299999999998,1129,136,16.5,10.0,3.0,0.00877963125548727
70006,LOVE HEART POCKET WARMER,1865.6299999999999,2703,120,0.0,0.0,0.0,0.0
21988,PACK OF 6 SKULL PAPER PLATES,1862.75,2321,193,0.0,0.0,0.0,0.0
21870,I CAN ONLY PLEASE ONE PERSON MUG,1861.46,1415,163,32.5,26.0,3.0,0.018043025676613464
22220,CAKE STAND LOVEBIRD 2 TIER WHITE,1859.2,232,86,201.5,22.0,9.0,0.08661417322834646
22428,ENAMEL FIRE BUCKET CREAM,1854.76,246,114,20.85,3.0,2.0,0.012048192771084338
72807A,SET/3 ROSE CANDLE IN JEWELLED BOX,1849.82,394,107,38.25,9.0,5.0,0.022332506203473945
22944,CHRISTMAS METAL POSTCARD WITH BELLS,1843.64,3375,111,5.93,13.0,2.0,0.0038370720188902006
21557,SET OF 6 FUNKY BEAKERS,1843.6100000000001,551,162,0.0,0.0,0.0,0.0
23378,PACK OF 12 50'S CHRISTMAS TISSUES,1842.42,4003,176,0.0,0.0,0.0,0.0
22712,CARD DOLLY GIRL,1842.36,4483,312,10.5,25.0,3.0,0.005545696539485359
21034,REX CASH+CARRY JUMBO SHOPPER,1842.05,1939,871,19.95,21.0,3.0,0.010714285714285714
21873,IF YOU CAN'T STAND THE HEAT MUG,1838.05,1621,116,100.07000000000001,91.0,4.0,0.053154205607476634
22651,GENTLEMAN SHIRT REPAIR KIT,1837.4699999999998,2166,170,0.0,0.0,0.0,0.0
21713,CITRONELLA CANDLE FLOWERPOT,1836.64,795,157,32.35,16.0,5.0,0.01972872996300863
21564,PINK  HEART SHAPE LOVE BUCKET,1831.6200000000001,1042,123,8.05,3.0,3.0,0.0028708133971291866
22452,MEASURING TAPE BABUSHKA PINK,1831.1100000000001,746,144,2.95,1.0,1.0,0.0013386880856760374
72807B,SET/3 OCEAN SCENT CANDLE JEWEL BOX,1830.71,397,110,12.75,3.0,1.0,0.0075
23109,LED TEA LIGHTS,1829.65,635,65,239.04000000000002,96.0,1.0,0.13132694938440492
15044D,RED PAPER PARASOL,1822.71,645,84,5.5,2.0,2.0,0.0030911901081916537
22223,CAKE PLATE LOVEBIRD PINK,1821.6100000000001,441,78,0.0,0.0,0.0,0.0
23160,REGENCY TEA SPOON,1809.48,1462,76,7.5,6.0,2.0,0.004087193460490463
22200,FRYING PAN PINK POLKADOT,1809.48,398,140,15.0,4.0,1.0,0.009950248756218905
21114,LAVENDER SCENTED FABRIC HEART,1809.33,1366,138,12.5,10.0,1.0,0.007267441860465116
15060B,FAIRY CAKE DESIGN UMBRELLA,1807.55,451,131,3.75,1.0,1.0,0.0022123893805309734
22536,MAGIC DRAWING SLATE PURDEY,1805.21,4755,156,47.81999999999999,131.0,2.0,0.026811297584936552
85034C,3 ROSE MORRIS BOXED CANDLES,1805.0,1133,158,73.0,20.0,5.0,0.017346053772766695
21832,CHOCOLATE CALCULATOR,1799.9999999999998,960,198,41.25,25.0,1.0,0.025380710659898477
21245,GREEN POLKADOT PLATE,1792.27,1078,128,0.0,0.0,0.0,0.0
23317,BLUE REFECTORY CLOCK,1787.4099999999999,174,82,0.0,0.0,0.0,0.0
21055,TOOL BOX SOFT TOY,1782.54,180,105,53.699999999999996,6.0,1.0,0.03225806451612903
22832,BROCANTE SHELF WITH HOOKS,1781.82,162,76,75.25,7.0,5.0,0.04142011834319527
23148,MINIATURE ANTIQUE ROSE HOOK IVORY,1779.6599999999999,2096,243,10.79,13.0,7.0,0.006164058795637743
85035C,ROSE 3 WICK MORRIS BOX CANDLE,1779.41,1152,130,0.0,0.0,0.0,0.0
22710,WRAP I LOVE LONDON,1774.42,4501,104,21.0,50.0,2.0,0.010986596352450011
22562,MONSTERS STENCIL CRAFT,1773.3700000000001,1421,211,0.0,0.0,0.0,0.0
21439,BASKET OF TOADSTOOLS,1767.15,1430,130,432.48,408.0,1.0,0.2219804134929271
22119,PEACE WOODEN BLOCK LETTERS,1766.57,351,106,6.95,1.0,1.0,0.002840909090909091
21056,DOCTOR'S BAG SOFT TOY,1765.3999999999999,184,72,17.9,2.0,2.0,0.010752688172043012
22314,OFFICE MUG WARMER CHOC+BLUE,1762.0700000000002,571,133,5.9,2.0,1.0,0.0034904013961605585
23096,PETIT TRAY CHIC,1759.7899999999997,1047,146,0.0,0.0,0.0,0.0
22852,DOG BOWL VINTAGE CREAM,1757.8799999999999,390,125,21.25,5.0,2.0,0.012658227848101266
21584,RETROSPOT SMALL TUBE MATCHES,1754.8999999999999,1066,146,1.65,1.0,1.0,0.0009372071227741331
23359,SET OF 12 T-LIGHTS VINTAGE DOILY,1753.36,932,73,0.0,0.0,0.0,0.0
23372,SET 36 COLOUR PENCILS DOLLY GIRL,1752.79,1391,147,20.0,16.0,1.0,0.011371712864250177
23399,HOME SWEET HOME HANGING HEART,1752.35,1922,225,0.0,0.0,0.0,0.0
21812,GARLAND WITH HEARTS AND BELLS,1751.22,394,100,69.30000000000001,14.0,3.0,0.03431372549019608
20961,STRAWBERRY BATH SPONGE,1749.18,1235,228,62.5,50.0,1.0,0.038910505836575876
23101,SILVER STARS TABLE DECORATION,1744.61,2037,213,0.0,0.0,0.0,0.0
20981,12 PENCILS TALL TUBE WOODLAND,1742.27,1976,249,16.15,19.0,4.0,0.009523809523809525
23181,BULL DOG BOTTLE TOP WALL CLOCK,1733.57,201,82,33.0,4.0,4.0,0.01951219512195122
21329,DINOSAURS  WRITING SET,1728.6399999999999,944,287,0.0,0.0,0.0,0.0
23122,PARTY CHARMS 50 PIECES,1727.75,2253,133,2.4899999999999998,3.0,2.0,0.0013297872340425532
47570B,TEA TIME TABLE CLOTH,1727.23,185,31,0.0,0.0,0.0,0.0
21586,KINGS CHOICE GIANT TUBE MATCHES,1721.85,743,67,33.15,13.0,2.0,0.017195767195767195
21845,DAIRY MAID STRIPE MUG,1721.0900000000001,1907,82,75.64,52.0,8.0,0.026544155181214904
22526,WHEELBARROW FOR CHILDREN,1720.26,125,79,76.5,6.0,4.0,0.04580152671755725
85015,SET OF 12  VINTAGE POSTCARD SET,1719.8400000000001,2182,143,0.0,0.0,0.0,0.0
23073,GEORGIAN TRINKET BOX,1719.0,144,61,12.5,1.0,1.0,0.006896551724137931
22544,MINI JIGSAW SPACEBOY,1716.1799999999998,4521,175,18.06,43.0,1.0,0.009421560035056967
22037,ROBOT BIRTHDAY CARD,1715.48,3977,354,0.0,0.0,0.0,0.0
22227,HANGING HEART MIRROR DECORATION,1708.0700000000002,2341,289,1.3,2.0,2.0,0.0008536064874093043
22934,BAKING MOULD EASTER EGG WHITE CHOC,1707.47,589,78,8.850000000000001,3.0,1.0,0.005067567567567568
22816,CARD MOTORBIKE SANTA,1706.8799999999999,4023,266,0.0,0.0,0.0,0.0
21917,SET 12 KIDS  WHITE CHALK STICKS,1704.03,4156,225,5.46,13.0,2.0,0.0031182537778843846
22674,FRENCH TOILET SIGN BLUE METAL,1697.72,1350,187,16.25,13.0,2.0,0.009537784299339692
37340,MULTICOLOUR SPRING FLOWER MUG,1695.86,2544,135,1.17,3.0,2.0,0.001177856301531213
51008,AFGHAN SLIPPER SOCK PAIR,1690.5500000000002,519,22,6.9,2.0,1.0,0.003838771593090211
21544,SKULLS  WATER TRANSFER TATTOOS,1690.23,1975,174,0.0,0.0,0.0,0.0
22789,T-LIGHT HOLDER SWEETHEART HANGING,1688.22,860,138,1.95,1.0,1.0,0.0011614401858304297
16161U,WRAP SUKI AND FRIENDS,1687.5,4075,134,10.5,25.0,1.0,0.006097560975609756
21207,SKULL AND CROSSBONES  GARLAND,1686.4999999999998,1068,132,0.0,0.0,0.0,0.0
23368,SET 12 COLOUR PENCILS DOLLY GIRL,1681.5,2382,232,3.9000000000000004,6.0,2.0,0.002512562814070352
23214,JINGLE BELL HEART ANTIQUE GOLD,1680.48,782,102,0.0,0.0,0.0,0.0
22332,SKULLS PARTY BAG + STICKER SET,1679.6499999999999,1033,148,39.599999999999994,24.0,4.0,0.02270577105014191
22419,LIPSTICK PEN RED,1676.8799999999999,3347,272,2.52,6.0,1.0,0.001789442290486132
22913,RED COAT RACK PARIS FASHION,1673.15,352,112,19.8,4.0,2.0,0.011235955056179775
22335,HEART DECORATION PAINTED ZINC,1672.7900000000002,2386,225,0.0,0.0,0.0,0.0
22076,6 RIBBONS EMPIRE,1669.5299999999997,1260,225,0.0,0.0,0.0,0.0
15058A,BLUE POLKADOT GARDEN PARASOL,1668.49,200,89,37.35,5.0,4.0,0.024390243902439025
21577,SAVE THE PLANET COTTON TOTE BAG,1664.8999999999999,720,175,15.75,7.0,2.0,0.009628610729023384
21578,WOODLAND DESIGN  COTTON TOTE BAG,1664.51,749,127,4.5,2.0,1.0,0.002663115845539281
22804,PINK HANGING HEART T-LIGHT HOLDER,1664.16,880,76,455.2,176.0,8.0,0.16666666666666666
84968D,SET OF 16 VINTAGE RED CUTLERY,1661.47,157,55,12.75,1.0,1.0,0.006329113924050633
23505,PLAYING CARDS I LOVE LONDON,1660.04,1207,115,0.0,0.0,0.0,0.0
23270,SET OF 2 CERAMIC PAINTED HEARTS,1659.37,1183,125,8.7,6.0,1.0,0.005046257359125316
22479,DAISY GARDEN MARKER,1658.57,1139,98,0.0,0.0,0.0,0.0
22853,CAT BOWL VINTAGE CREAM,1655.96,472,116,19.5,6.0,1.0,0.012552301255230125
21981,PACK OF 12 WOODLAND TISSUES,1655.36,5482,271,2.73,7.0,1.0,0.0012752778283840408
21111,"SWISS ROLL TOWEL, CHOCOLATE  SPOTS",1652.27,901,94,0.0,0.0,0.0,0.0
23483,HANGING  BUTTERFLY T-LIGHT HOLDER,1651.36,1340,73,26.240000000000002,22.0,4.0,0.016152716593245228
47566b,TEA TIME PARTY BUNTING,1651.1499999999999,199,102,0.0,0.0,0.0,0.0
23273,HEART T-LIGHT HOLDER WILLIE WINKIE,1649.0499999999997,969,112,6.6,4.0,4.0,0.0041109969167523125
22161,HEART DECORATION RUSTIC HANGING,1647.16,5088,340,4.5600000000000005,24.0,1.0,0.004694835680751174
23348,CHILDRENS TOY COOKING UTENSIL SET,1642.13,750,168,47.260000000000005,23.0,8.0,0.029754204398447608
22284,HEN HOUSE DECORATION,1641.62,954,131,21.449999999999996,13.0,2.0,0.01344364012409514
22375,AIRLINE BAG VINTAGE JET SET BROWN,1639.29,349,167,0.0,0.0,0.0,0.0
23366,SET 12 COLOURING PENCILS DOILY,1638.7,2204,191,0.0,0.0,0.0,0.0
22154,ANGEL DECORATION 3 BUTTONS,1638.35,3749,162,2.94,7.0,3.0,0.001863684771033014
84510A,SET OF 4 ENGLISH ROSE COASTERS,1636.57,1201,239,1.25,1.0,1.0,0.0008319467554076539
22474,SPACEBOY TV DINNER TRAY,1636.27,303,132,136.0,32.0,1.0,0.0955223880597015
35953,FOLKART STAR CHRISTMAS DECORATIONS,1634.9199999999998,3582,131,30.0,24.0,1.0,0.0066555740432612314
85034B,3 WHITE CHOC MORRIS BOXED CANDLES,1633.78,949,120,0.0,0.0,0.0,0.0
22799,SWEETHEART WIRE FRUIT BOWL,1631.58,208,89,0.0,0.0,0.0,0.0
23391,I LOVE LONDON MINI BACKPACK,1628.17,389,86,0.0,0.0,0.0,0.0
22445,PENCIL CASE LIFE IS BEAUTIFUL,1624.7600000000002,537,130,0.0,0.0,0.0,0.0
22975,SPACEBOY CHILDRENS EGG CUP,1624.63,1204,186,1.25,1.0,1.0,0.0008298755186721991
22473,TV DINNER TRAY VINTAGE PAISLEY,1623.04,503,112,0.0,0.0,0.0,0.0
37495,FAIRY CAKE BIRTHDAY CANDLE SET,1622.24,440,92,183.75,49.0,12.0,0.10020449897750511
21706,FOLDING UMBRELLA RED/WHITE POLKADOT,1621.76,347,120,0.0,0.0,0.0,0.0
22166,WALL MIRROR RECTANGLE DIAMANTE PINK,1614.4,207,87,23.85,3.0,2.0,0.014285714285714285
23217,LAUREL HEART ANTIQUE SILVER,1613.82,1309,97,0.0,0.0,0.0,0.0
23287,RED VINTAGE SPOT BEAKER,1613.59,1891,198,43.349999999999994,51.0,2.0,0.026261585993820804
21206,STRAWBERRY HONEYCOMB  GARLAND,1610.9199999999998,1290,109,3.3,2.0,1.0,0.0015479876160990713
85040A,S/4 PINK FLOWER CANDLES IN BOWL,1610.62,890,164,28.049999999999997,17.0,8.0,0.018743109151047408
22095,LADS ONLY TISSUE BOX,1610.41,1650,143,11.06,9.0,2.0,0.0054249547920434
22671,FRENCH LAUNDRY SIGN BLUE METAL,1610.35,963,144,1.45,1.0,1.0,0.001037344398340249
22292,HANGING CHICK  YELLOW DECORATION,1608.86,1139,112,0.0,0.0,0.0,0.0
22475,SKULL DESIGN TV DINNER TRAY,1605.67,316,138,0.0,0.0,0.0,0.0
22948,METAL DECORATION NAUGHTY CHILDREN,1604.99,1601,136,10.2,12.0,2.0,0.007439553626782393
22305,COFFEE MUG PINK PAISLEY DESIGN,1604.58,693,51,2.55,1.0,1.0,0.001440922190201729
21394,RED POLKADOT BEAKER,1603.77,3865,131,8.58,22.0,4.0,0.005659891947517366
18097C,WHITE TALL PORCELAIN T-LIGHT HOLDER,1601.21,699,69,571.8000000000001,292.0,2.0,0.2946518668012109
23226,FILIGREE HEART DAISY WHITE,1596.67,1247,98,60.0,48.0,1.0,0.037065637065637064
23244,ROUND STORAGE TIN VINTAGE LEAF,1593.58,864,103,16.95,9.0,5.0,0.010309278350515464
22398,MAGNETS PACK OF 4 SWALLOWS,1589.51,2576,248,105.0,84.0,4.0,0.031578947368421054
22449,SILK PURSE BABUSHKA PINK,1587.3000000000002,492,143,20.1,6.0,1.0,0.012048192771084338
21626,VINTAGE UNION JACK PENNANT,1586.75,795,99,42.9,22.0,5.0,0.02692778457772338
15056n,EDWARDIAN PARASOL NATURAL,1585.2800000000002,127,84,0.0,0.0,0.0,0.0
21967,PACK OF 12 SKULL TISSUES,1583.4099999999999,5275,232,0.0,0.0,0.0,0.0
46000M,POLYESTER FILLER PAD 45x45cm,1582.55,1021,137,1.55,1.0,1.0,0.0009784735812133072
23369,SET 36 COLOUR PENCILS LOVE LONDON,1581.06,1105,126,0.0,0.0,0.0,0.0
22676,FRENCH BLUE METAL DOOR SIGN 1,1580.89,1157,199,13.75,11.0,2.0,0.009417808219178082
22434,BALLOON PUMP WITH 10 BALLOONS,1580.16,798,124,35.1,18.0,2.0,0.022058823529411766
21528,DAIRY MAID TRADITIONAL TEAPOT,1578.42,218,111,93.3,14.0,10.0,0.0603448275862069
84279P,CHERRY BLOSSOM  DECORATIVE FLASK,1576.96,380,126,60.0,16.0,7.0,0.04040404040404041
22208,WOOD STAMP SET THANK YOU,1576.4699999999998,1515,280,11.61,13.0,2.0,0.008507853403141362
22494,EMERGENCY FIRST AID TIN,1573.52,1089,245,50.0,40.0,7.0,0.0354295837023915
22583,PACK OF 6 HANDBAG GIFT BOXES,1572.9499999999998,574,111,5.1,2.0,2.0,0.003472222222222222
21509,COWBOYS AND INDIANS BIRTHDAY CARD,1572.28,3741,274,0.0,0.0,0.0,0.0
85206A,CREAM FELT EASTER EGG BASKET,1572.2299999999998,976,114,0.0,0.0,0.0,0.0
23462,ROCOCO WALL MIRROR WHITE,1567.1399999999999,78,45,350.09999999999997,18.0,12.0,0.1875
22085,PAPER CHAIN KIT SKULLS,1566.99,548,97,0.0,0.0,0.0,0.0
21913,VINTAGE SEASIDE JIGSAW PUZZLES,1565.83,398,148,11.25,3.0,2.0,0.007481296758104738
85132A,CHARLIE + LOLA BISCUITS TINS,1565.6699999999998,547,110,3.9,2.0,2.0,0.0036429872495446266
22313,OFFICE MUG WARMER PINK,1564.8300000000002,565,65,637.5,250.0,1.0,0.3067484662576687
21744,SNOWFLAKE PORTABLE TABLE LIGHT,1563.5500000000002,531,127,0.0,0.0,0.0,0.0
84971S,SMALL HEART FLOWERS HOOK,1561.6999999999998,1786,172,0.85,1.0,1.0,0.0005595970900951316
22818,CARD CHRISTMAS VILLAGE,1560.48,3657,244,40.32,96.0,3.0,0.025579536370903277
22675,FRENCH KITCHEN SIGN BLUE METAL,1558.91,1243,164,33.75,27.0,3.0,0.02125984251968504
20665,RED RETROSPOT PURSE,1546.2700000000002,461,156,0.0,0.0,0.0,0.0
20985,HEART CALCULATOR,1545.59,1183,131,19.43,16.0,3.0,0.013344453711426188
22982,PANTRY PASTRY BRUSH,1545.02,1155,212,30.0,24.0,2.0,0.020356234096692113
22600,CHRISTMAS RETROSPOT STAR WOOD,1544.9299999999998,1700,193,23.799999999999997,28.0,3.0,0.016203703703703703
10133,COLOURING PENCILS BROWN TUBE,1544.22,2867,196,4.2,10.0,1.0,0.003475842891901286
22318,FIVE HEART HANGING DECORATION,1541.6200000000001,462,142,20.650000000000002,7.0,2.0,0.014925373134328358
21898,POTTING SHED ROSE CANDLE,1541.11,493,25,0.0,0.0,0.0,0.0
22176,BLUE OWL SOFT TOY,1539.8300000000002,513,115,5.9,2.0,2.0,0.003883495145631068
22472,TV DINNER TRAY DOLLY GIRL,1536.91,322,107,9.9,2.0,2.0,0.006172839506172839
22731,3D CHRISTMAS STAMPS STICKERS,1536.24,1172,143,17.5,14.0,1.0,0.011804384485666104
23267,SET OF 4 SANTA PLACE SETTINGS,1531.95,1202,108,60.0,48.0,1.0,0.0384
21200,MULTICOLOUR HONEYCOMB PAPER GARLAND,1531.1399999999999,1119,75,0.0,0.0,0.0,0.0
22828,REGENCY MIRROR WITH SHUTTERS,1530.0,10,7,0.0,0.0,0.0,0.0
84968E,SET OF 16 VINTAGE BLACK CUTLERY,1522.53,132,44,0.0,0.0,0.0,0.0
85049C,ROMANTIC PINKS RIBBONS,1518.19,1217,224,0.0,0.0,0.0,0.0
22530,MAGIC DRAWING SLATE DOLLY GIRL,1517.72,3631,233,10.08,24.0,1.0,0.006566347469220246
22770,MIRROR CORNICE,1515.68,94,62,59.8,4.0,4.0,0.04081632653061224
20668,DISCO BALL CHRISTMAS DECORATION,1512.92,12979,215,0.0,0.0,0.0,0.0
21352,EUCALYPTUS & PINECONE  WREATH,1511.2600000000002,378,77,60.75,9.0,2.0,0.023255813953488372
22591,CARDHOLDER GINGHAM CHRISTMAS TREE,1509.41,413,86,156.04999999999998,59.0,6.0,0.125
22471,TV DINNER TRAY AIR HOSTESS,1506.97,420,105,1.95,1.0,1.0,0.0023752969121140144
21361,LOVE LARGE WOOD LETTERS,1505.96,106,69,51.0,4.0,2.0,0.03636363636363636
22905,CALENDAR IN SEASON DESIGN,1505.24,582,110,0.0,0.0,0.0,0.0
23250,VINTAGE RED TRIM ENAMEL BOWL,1501.03,1155,108,141.8,121.0,8.0,0.09482758620689655
21792,CLASSIC FRENCH STYLE BASKET GREEN,1497.72,344,76,57.95,9.0,2.0,0.025495750708215296
23280,FOLDING BUTTERFLY MIRROR HOT PINK,1496.07,1868,152,1.66,2.0,1.0,0.0010695187165775401
22802,FAUX FUR CHOCOLATE THROW,1494.69,88,49,0.0,0.0,0.0,0.0
23334,IVORY WICKER HEART SMALL,1491.75,2271,130,0.0,0.0,0.0,0.0
72349B,SET/6 PURPLE BUTTERFLY T-LIGHTS,1490.89,731,114,0.0,0.0,0.0,0.0
37342,POLKADOT COFFEE CUP & SAUCER PINK,1489.01,1570,109,45.68,56.0,3.0,0.03444034440344403
23559,WOODLAND BUNNIES LOLLY MAKERS,1488.65,652,124,0.0,0.0,0.0,0.0
84580,MOUSE TOY WITH PINK T-SHIRT,1486.18,390,165,0.0,0.0,0.0,0.0
23271,CHRISTMAS TABLE SILVER CANDLE SPIKE,1486.1,1718,103,0.0,0.0,0.0,0.0
23392,SPACEBOY ROCKET LOLLY MAKERS,1485.43,667,113,49.92,24.0,1.0,0.03473227206946455
35924,HANGING FAIRY CAKE DECORATION,1484.3,820,72,302.51,179.0,5.0,0.17917917917917917
21327,SKULLS WRITING SET,1484.1299999999999,864,252,0.0,0.0,0.0,0.0
21829,DINOSAUR KEYRINGS ASSORTED,1483.4199999999998,6873,177,22.68,108.0,1.0,0.015470562956596476
22203,MILK PAN RED RETROSPOT,1483.13,403,145,7.5,2.0,2.0,0.0049382716049382715
21619,4 VANILLA BOTANICAL CANDLES,1481.4,978,164,0.0,0.0,0.0,0.0
21447,12 IVORY ROSE PEG PLACE SETTINGS,1478.1,969,148,1.25,1.0,1.0,0.0010309278350515464
21470,FLOWER VINE RAFFIA FOOD COVER,1477.82,383,140,18.75,5.0,2.0,0.01288659793814433
22664,TOY TIDY DOLLY GIRL DESIGN,1472.85,713,162,25.2,12.0,3.0,0.016551724137931035
23034,DRAWER KNOB CERAMIC BLACK,1466.07,991,88,8.7,6.0,1.0,0.006018054162487462
23365,SET 12 COLOUR PENCILS LOVE LONDON,1464.38,1859,169,0.0,0.0,0.0,0.0
22713,CARD I LOVE LONDON,1462.56,3501,217,3.36,8.0,1.0,0.002279851809632374
21705,BAG 500g SWIRLY MARBLES,1462.1699999999998,1459,141,31.599999999999998,20.0,3.0,0.013522650439486139
84818,DANISH ROSE PHOTO FRAME,1461.6,1424,99,101.45,95.0,7.0,0.06254114549045425
23470,CARD HOLDER LOVE BIRD LARGE,1460.5,232,84,70.7,12.0,8.0,0.04918032786885246
21872,GLAMOROUS  MUG,1459.98,1296,142,17.72,16.0,2.0,0.012195121951219513
15044A,PINK PAPER PARASOL,1456.72,464,102,2.95,1.0,1.0,0.002150537634408602
22939,APRON APPLE DELIGHT,1456.69,287,80,69.30000000000001,14.0,2.0,0.046511627906976744
22696,WICKER WREATH LARGE,1456.4499999999998,731,151,0.0,0.0,0.0,0.0
22461,SAVOY ART DECO CLOCK,1453.5800000000002,239,53,173.45,23.0,13.0,0.08778625954198473
21620,SET OF 4 ROSE BOTANICAL CANDLES,1451.99,897,165,0.0,0.0,0.0,0.0
21191,LARGE WHITE HONEYCOMB PAPER BELL,1451.82,562,95,0.0,0.0,0.0,0.0
23086,ZINC  STAR T-LIGHT HOLDER,1445.18,1220,46,20.0,16.0,1.0,0.012944983818770227
84031B,CHARLIE LOLA BLUE HOT WATER BOTTLE,1440.3700000000001,304,143,40.949999999999996,21.0,1.0,0.06461538461538462
85054,FRENCH ENAMEL POT W LID,1436.5300000000002,589,115,8.4,4.0,3.0,0.006745362563237774
23057,BEADED CHANDELIER T-LIGHT HOLDER,1435.8200000000002,698,38,636.15,433.0,6.0,0.3828470380194518
22182,CAKE STAND VICTORIAN FILIGREE SMALL,1430.48,374,122,14.850000000000001,3.0,2.0,0.007957559681697613
15058C,ICE CREAM DESIGN GARDEN PARASOL,1429.82,240,72,0.0,0.0,0.0,0.0
22306,SILVER MUG BONE CHINA TREE OF LIFE,1428.57,1174,111,28.7,17.0,4.0,0.014273719563392108
23249,VINTAGE RED ENAMEL TRIM PLATE,1426.1,842,80,87.71,55.0,7.0,0.06131549609810479
22922,FRIDGE MAGNETS US DINER ASSORTED,1422.8999999999999,1587,102,183.29999999999998,234.0,5.0,0.128500823723229
22458,CAST IRON HOOK GARDEN FORK,1421.83,523,23,0.0,0.0,0.0,0.0
21407,BROWN CHECK CAT DOORSTOP,1421.11,290,138,4.25,1.0,1.0,0.003436426116838488
22285,HANGING HEN ON NEST DECORATION,1420.4699999999998,829,114,0.0,0.0,0.0,0.0
22976,CIRCUS PARADE CHILDRENS EGG CUP,1420.26,1091,143,46.25,37.0,2.0,0.03280141843971631
22714,CARD BIRTHDAY COWBOY,1415.73,3487,225,5.04,12.0,1.0,0.003429551300371535
22576,SWALLOW WOODEN CHRISTMAS DECORATION,1415.31,1539,173,5.1,6.0,1.0,0.003883495145631068
51014C,"FEATHER PEN,COAL BLACK",1415.09,2711,174,80.33999999999999,206.0,4.0,0.07062050051422694
21363,HOME SMALL WOOD LETTERS,1413.8400000000001,245,125,69.30000000000001,14.0,6.0,0.05405405405405406
22531,MAGIC DRAWING SLATE CIRCUS PARADE,1413.25,3384,200,0.0,0.0,0.0,0.0
82567,"AIRLINE LOUNGE,METAL SIGN",1412.27,713,291,0.0,0.0,0.0,0.0
22436,12 COLOURED PARTY BALLOONS,1412.16,2155,163,13.0,20.0,1.0,0.009195402298850575
84536A,ENGLISH ROSE NOTEBOOK A7 SIZE,1409.8999999999999,3138,341,13.44,32.0,1.0,0.010094637223974764
22915,ASSORTED BOTTLE TOP  MAGNETS,1406.42,3152,184,37.8,90.0,4.0,0.027760641579272053
23119,PACK OF 6 LARGE FRUIT STRAWS,1402.32,2283,151,22.32,36.0,2.0,0.015523932729624839
23055,IVORY CHANDELIER T-LIGHT HOLDER,1401.43,658,38,690.72,432.0,5.0,0.3963302752293578
21424,WOODLAND STORAGE BOX LARGE,1401.02,346,70,14.75,5.0,5.0,0.014245014245014245
22443,GROW YOUR OWN HERBS SET OF 3,1399.69,165,90,15.9,2.0,2.0,0.011976047904191617
22047,EMPIRE GIFT WRAP,1394.5,3425,106,10.5,25.0,1.0,0.007246376811594203
23040,PAPER LANTERN 9 POINT SNOW STAR,1394.03,253,41,0.0,0.0,0.0,0.0
84813,SET OF 4 DIAMOND NAPKIN RINGS,1393.79,166,38,3.95,1.0,1.0,0.005988023952095809
21537,RED RETROSPOT PUDDING BOWL,1392.21,333,61,208.75,55.0,7.0,0.14175257731958762
84795B,SUNSET CHECK HAMMOCK,1390.64,176,48,0.0,0.0,0.0,0.0
23376,PACK OF 12 VINTAGE CHRISTMAS TISSUE,1389.59,3051,155,9.36,24.0,1.0,0.007804878048780488
21519,GIN & TONIC DIET GREETING CARD,1389.22,3299,246,15.120000000000001,36.0,3.0,0.010794602698650674
21382,SET/4 SPRING FLOWER DECORATION,1389.08,1148,128,6.0,8.0,1.0,0.006920415224913495
22677,FRENCH BLUE METAL DOOR SIGN 2,1389.07,1001,188,13.75,11.0,2.0,0.010869565217391304
22063,CERAMIC BOWL WITH STRAWBERRY DESIGN,1388.1000000000001,590,120,17.700000000000003,6.0,5.0,0.010067114093959731
22071,SMALL WHITE RETROSPOT MUG IN BOX,1388.05,730,86,180.5,286.0,5.0,0.281496062992126
22735,RIBBON REEL SOCKS AND MITTENS,1387.46,746,136,0.0,0.0,0.0,0.0
22299,PIG KEYRING WITH LIGHT & SOUND,1386.97,1379,80,65.0,52.0,3.0,0.0363382250174703
21071,VINTAGE BILLBOARD DRINK ME MUG,1385.28,995,177,6.36,6.0,1.0,0.005994005994005994
22363,GLASS JAR MARMALADE,1383.75,481,81,335.5,130.0,4.0,0.2127659574468085
21123,SET/10 IVORY POLKADOT PARTY CANDLES,1383.34,1145,154,30.0,24.0,1.0,0.020530367835757058
22609,PENS ASSORTED SPACEBALL,1381.78,5946,155,6.84,36.0,1.0,0.006018054162487462
23104,IVORY CAFE HANGING LAMP,1380.42,116,45,0.0,0.0,0.0,0.0
21820,GLITTER HEART GARLAND WITH BELLS,1379.72,332,90,112.5,30.0,3.0,0.08287292817679558
23414,ZINC BOX SIGN HOME,1378.75,141,64,39.8,4.0,1.0,0.027586206896551724
23546,WRAP PAISLEY PARK,1375.5,3275,120,0.0,0.0,0.0,0.0
23536,WALL ART VILLAGE SHOW,1369.71,240,67,23.8,4.0,1.0,0.01639344262295082
23000,TRAVEL CARD WALLET TRANSPORT,1369.12,3171,278,16.38,39.0,4.0,0.012149532710280374
85227,SET OF 6 3D KIT CARDS FOR KIDS,1368.75,1488,223,0.0,0.0,0.0,0.0
22304,COFFEE MUG BLUE PAISLEY DESIGN,1368.18,767,61,0.0,0.0,0.0,0.0
22716,CARD CIRCUS PARADE,1365.95,3213,288,0.0,0.0,0.0,0.0
22949,36 DOILIES DOLLY GIRL,1365.29,923,90,20.299999999999997,14.0,2.0,0.014941302027748132
23221,REINDEER HEART DECORATION SILVER,1363.87,1537,145,48.13999999999999,58.0,3.0,0.03636363636363636
85232B,SET OF 3 BABUSHKA STACKING TINS,1361.25,275,13,1258.05,255.0,6.0,0.4811320754716981
22911,PAPER CHAIN KIT LONDON,1361.0400000000002,464,94,17.700000000000003,6.0,3.0,0.01276595744680851
23469,CARD HOLDER LOVE BIRD SMALL,1355.24,332,72,16.6,4.0,2.0,0.011904761904761904
21039,RED RETROSPOT SHOPPING BAG,1353.6899999999998,523,90,30.599999999999998,12.0,2.0,0.022429906542056073
22754,SMALL RED BABUSHKA NOTEBOOK,1352.1699999999998,1953,266,0.0,0.0,0.0,0.0
21686,MEDINA STAMPED METAL STOOL,1351.64,35,20,39.95,1.0,1.0,0.027777777777777776
21615,4 LAVENDER BOTANICAL DINNER CANDLES,1349.17,892,135,0.0,0.0,0.0,0.0
22421,LIPSTICK PEN FUSCHIA,1347.52,2598,213,0.84,2.0,1.0,0.0007692307692307692
22399,MAGNETS PACK OF 4 CHILDHOOD MEMORY,1347.08,1152,98,30.0,24.0,3.0,0.02040816326530612
21987,PACK OF 6 SKULL PAPER CUPS,1346.65,2113,171,8.450000000000001,13.0,2.0,0.0061147695202257765
22917,HERB MARKER ROSEMARY,1344.77,1944,240,7.800000000000001,12.0,1.0,0.006134969325153374
22073,RED RETROSPOT STORAGE JAR,1343.64,336,69,45.0,12.0,2.0,0.034482758620689655
22912,YELLOW COAT RACK PARIS FASHION,1342.39,287,100,29.700000000000003,6.0,2.0,0.020477815699658702
22293,HANGING CHICK GREEN DECORATION,1341.6699999999998,907,122,0.0,0.0,0.0,0.0
84828,JUNGLE POPSICLES ICE LOLLY MOULDS,1341.3700000000001,962,153,30.0,24.0,1.0,0.02434077079107505
23232,WRAP VINTAGE PETALS  DESIGN,1338.0,3300,104,21.42,51.0,3.0,0.01521933751119069
21624,VINTAGE UNION JACK DOORSTOP,1337.51,217,95,29.75,5.0,2.0,0.02252252252252252
21246,RED RETROSPOT BIG BOWL,1336.78,286,96,9.9,2.0,2.0,0.006944444444444444
23538,WALL ART VINTAGE HEART,1334.49,332,32,0.0,0.0,0.0,0.0
72802A,ROSE SCENT CANDLE IN JEWELLED BOX,1334.16,324,63,16.12,4.0,4.0,0.012195121951219513
22650,CERAMIC PIRATE CHEST MONEY BANK,1333.75,860,143,4.35,3.0,2.0,0.0034762456546929316
22742,MAKE YOUR OWN PLAYTIME CARD KIT,1333.21,643,101,5.9,2.0,1.0,0.0031007751937984496
22362,GLASS JAR PEACOCK BATH SALTS,1329.44,408,133,97.35000000000001,33.0,7.0,0.07482993197278912
85183B,CHARLIE & LOLA WASTEPAPER BIN FLORA,1323.37,996,118,0.0,0.0,0.0,0.0
23405,HOME SWEET HOME 2 DRAWER CABINET,1321.38,254,70,4.95,1.0,1.0,0.00392156862745098
22916,HERB MARKER THYME,1316.16,1908,237,7.800000000000001,12.0,1.0,0.00625
21179,NO JUNK MAIL METAL SIGN,1315.43,1942,266,4.68,12.0,1.0,0.006141248720573183
23373,VINTAGE CHRISTMAS PAPER GIFT BAG,1313.3899999999999,1608,100,0.0,0.0,0.0,0.0
37447,CERAMIC CAKE DESIGN SPOTTED PLATE,1313.28,820,115,23.89,17.0,6.0,0.02031063321385902
90057,DIAMANTE RING ASSORTED IN BOX.,1311.3600000000001,1008,22,0.0,0.0,0.0,0.0
22028,PENNY FARTHING BIRTHDAY CARD,1309.18,3054,262,5.04,12.0,1.0,0.003913894324853229
21195,PINK  HONEYCOMB PAPER BALL,1308.56,693,80,0.0,0.0,0.0,0.0
22686,FRENCH BLUE METAL DOOR SIGN No,1308.38,993,158,30.0,24.0,2.0,0.02359882005899705
85199S,SMALL HANGING IVORY/RED WOOD BIRD,1305.25,2667,261,10.08,24.0,1.0,0.008918617614269788
21064,BOOM BOX SPEAKER BOYS,1301.55,301,101,0.0,0.0,0.0,0.0
21627,ELEPHANT CARNIVAL POUFFE,1299.83,63,47,0.0,0.0,0.0,0.0
22439,6 ROCKET BALLOONS,1297.1200000000001,1904,197,44.2,68.0,3.0,0.034482758620689655
21793,CLASSIC FRENCH STYLE BASKET BROWN,1296.6100000000001,304,74,0.0,0.0,0.0,0.0
22310,IVORY KNITTED MUG COSY,1296.23,668,109,0.0,0.0,0.0,0.0
21866,UNION JACK FLAG LUGGAGE TAG,1296.13,750,193,0.0,0.0,0.0,0.0
21408,SPOTTY PINK DUCK DOORSTOP,1295.21,289,117,8.5,2.0,1.0,0.006872852233676976
21422,PORCELAIN ROSE SMALL,1295.0,1607,63,3.4,4.0,2.0,0.002482929857231533
22372,AIRLINE BAG VINTAGE WORLD CHAMPION,1289.49,279,147,4.25,1.0,1.0,0.0035714285714285713
21616,4 PEAR BOTANICAL DINNER CANDLES,1288.34,822,138,0.0,0.0,0.0,0.0
84012,MAGIC SHEEP WOOL GROWING FROM PAPER,1283.99,1265,115,102.0,120.0,1.0,0.08664259927797834
21901,"KEY FOB , BACK DOOR",1280.49,1832,308,5.8500000000000005,9.0,1.0,0.004888647474198805
23061,VINTAGE EMBOSSED HEART,1280.18,973,113,3.75,3.0,1.0,0.0030737704918032786
22918,HERB MARKER PARSLEY,1278.6000000000001,1874,238,7.800000000000001,12.0,1.0,0.006362672322375398
21090,SET/6 COLLAGE PAPER PLATES,1278.23,2421,217,14.04,36.0,3.0,0.014652014652014652
47480,HANGING PHOTO CLIP ROPE LADDER,1277.4699999999998,748,86,0.0,0.0,0.0,0.0
23072,MARIE ANTOINETTE TRINKET BOX SILVER,1273.76,334,30,384.0,72.0,2.0,0.17733990147783252
85059,FRENCH ENAMEL WATER BASIN,1273.11,411,128,22.5,8.0,2.0,0.01909307875894988
21211,SET OF 72 SKULL PAPER  DOILIES,1271.52,884,103,0.0,0.0,0.0,0.0
21902,"KEY FOB , FRONT  DOOR",1270.8200000000002,1975,210,5.8500000000000005,9.0,2.0,0.0045362903225806455
21897,POTTING SHED CANDLE CITRONELLA,1268.1899999999998,405,3,0.0,0.0,0.0,0.0
47503A,ASS FLORAL PRINT MULTI SCREWDRIVER,1264.2,2758,163,25.08,36.0,2.0,0.012884753042233358
23511,EMBROIDERED RIBBON REEL EMILY,1256.17,573,98,10.4,5.0,1.0,0.00865051903114187
22572,ROCKING HORSE GREEN CHRISTMAS,1255.72,1393,179,0.0,0.0,0.0,0.0
22977,DOLLY GIRL CHILDRENS EGG CUP,1253.86,951,135,1.25,1.0,1.0,0.0010504201680672268
23237,SET OF 4 KNICK KNACK TINS LEAVES,1253.7800000000002,306,54,69.35000000000001,17.0,10.0,0.05263157894736842
23067,HANGING ENGRAVED METAL HEART,1249.1100000000001,297,78,0.0,0.0,0.0,0.0
71038,WHITE HANGING BEADS CANDLE HOLDER,1244.95,239,47,27.25,5.0,2.0,0.020491803278688523
23071,MARIE ANTOINETTE TRINKET BOX GOLD,1242.6,318,18,434.0,76.0,4.0,0.19289340101522842
21262,WHITE GOOSE FEATHER CHRISTMAS TREE,1242.0600000000002,335,78,56.75,5.0,3.0,0.014705882352941176
22074,6 RIBBONS SHIMMERING PINKS,1241.32,1403,199,19.799999999999997,12.0,1.0,0.008480565371024734
22442,GROW YOUR OWN FLOWERS SET OF 3,1241.3,296,78,87.45,11.0,7.0,0.035830618892508145
23138,SINGLE WIRE HOOK IVORY HEART,1238.76,884,82,17.4,12.0,1.0,0.013392857142857142
21175,GIN AND TONIC DIET METAL SIGN,1237.5,498,50,3775.33,2030.0,7.0,0.803006329113924
22603,CHRISTMAS RETROSPOT TREE WOOD,1237.08,1389,171,11.049999999999999,13.0,2.0,0.009272467902995721
22338,STAR DECORATION PAINTED ZINC,1234.67,4683,180,12.270000000000001,21.0,2.0,0.004464285714285714
72817,SET OF 2 CHRISTMAS DECOUPAGE CANDLE,1232.27,1212,161,30.0,24.0,1.0,0.019417475728155338
22919,HERB MARKER MINT,1224.46,1757,240,7.800000000000001,12.0,1.0,0.006783493499152063
22613,PACK OF 20 SPACEBOY NAPKINS,1222.61,1538,145,8.5,10.0,1.0,0.006459948320413436
22575,METAL MERRY CHRISTMAS WREATH,1222.07,639,90,11.7,6.0,1.0,0.009302325581395349
22315,200 RED + WHITE BENDY STRAWS,1221.43,918,172,0.0,0.0,0.0,0.0
23142,IVORY WIRE KITCHEN ORGANISER,1220.8200000000002,121,40,19.55,2.0,2.0,0.016260162601626018
82578,KITCHEN METAL SIGN,1218.95,2060,305,6.6000000000000005,12.0,1.0,0.005791505791505791
23598,PAPER BUNTING VINTAGE PARTY,1218.48,428,47,0.0,0.0,0.0,0.0
82599,FANNY'S REST STOPMETAL SIGN,1217.73,508,141,0.0,0.0,0.0,0.0
22711,WRAP CIRCUS PARADE,1213.34,2927,103,21.0,50.0,2.0,0.016795431642593214
72800E,4 IVORY DINNER CANDLES SILVER FLOCK,1213.29,541,136,0.0,0.0,0.0,0.0
22589,CARDHOLDER GINGHAM STAR,1212.82,379,79,0.0,0.0,0.0,0.0
21846,PINK DIAMANTE PEN IN GIFT BOX,1206.97,424,103,59.400000000000006,12.0,1.0,0.027522935779816515
22168,ORGANISER WOOD ANTIQUE WHITE,1205.3,143,76,110.5,13.0,9.0,0.08333333333333333
84884A,ANT WHITE WIRE HEART SPIRAL,1201.91,301,78,3.95,1.0,1.0,0.0033112582781456954
23026,DRAWER KNOB VINTAGE GLASS STAR,1201.04,557,62,29.12,14.0,2.0,0.024518388791593695
23444,Next Day Carriage,1200.0,79,79,15.0,1.0,1.0,0.0125
22929,SCHOOL DESK AND CHAIR,1199.75,19,13,195.0,3.0,2.0,0.13636363636363635
21986,PACK OF 12 PINK POLKADOT TISSUES,1197.73,4067,189,0.0,0.0,0.0,0.0
21899,"KEY FOB , GARAGE DESIGN",1193.46,1904,131,27.950000000000003,43.0,4.0,0.022085259373394967
22081,RIBBON REEL FLORA + FAUNA,1193.0,654,138,16.5,10.0,1.0,0.015060240963855422
22453,MEASURING TAPE BABUSHKA BLUE,1191.69,444,78,2.95,1.0,1.0,0.0022471910112359553
22755,SMALL PURPLE BABUSHKA NOTEBOOK,1190.51,1690,251,0.0,0.0,0.0,0.0
21070,VINTAGE BILLBOARD MUG,1186.23,1107,107,0.0,0.0,0.0,0.0
22921,HERB MARKER CHIVES,1184.1200000000001,1721,209,7.800000000000001,12.0,1.0,0.006924408540103866
23539,WALL ART LOVES' SECRET,1180.35,239,39,0.0,0.0,0.0,0.0
22597,MUSICAL ZINC HEART DECORATION,1179.8799999999999,2764,176,28.9,34.0,2.0,0.012151536812008578
23225,CHERUB HEART DECORATION SILVER,1177.0,1356,88,69.72,84.0,4.0,0.058333333333333334
21628,TRIANGULAR POUFFE VINTAGE,1176.6000000000001,64,33,29.9,2.0,1.0,0.030303030303030304
23431,NATURAL HANGING QUILTED HEARTS,1175.3799999999999,1454,72,13.28,16.0,3.0,0.010884353741496598
85039B,S/4 IVORY MINI ROSE CANDLE IN BOWL,1174.6299999999999,806,172,0.0,0.0,0.0,0.0
20984,12 PENCILS TALL TUBE POSY,1173.8999999999999,3812,170,6.959999999999999,24.0,1.0,0.006256517205422315
21742,LARGE ROUND WICKER PLATTER,1173.53,195,91,0.0,0.0,0.0,0.0
21065,BOOM BOX SPEAKER GIRLS,1172.48,564,90,0.0,0.0,0.0,0.0
22924,FRIDGE MAGNETS LA VIE EN ROSE,1169.8999999999999,1313,87,240.25,301.0,5.0,0.18649318463444858
22757,LARGE RED BABUSHKA NOTEBOOK,1168.99,1097,163,1.25,1.0,1.0,0.0009107468123861566
23418,LAVENDER TOILETTE BOTTLE,1168.08,558,79,0.0,0.0,0.0,0.0
84313C,ORANGE TV TRAY TABLE,1165.9099999999999,504,43,0.0,0.0,0.0,0.0
23508,MINI PLAYING CARDS DOLLY GIRL,1165.13,2631,120,0.84,2.0,1.0,0.0007595898214963919
23515,EMBROIDERED RIBBON REEL DAISY,1164.98,579,71,0.0,0.0,0.0,0.0
23269,SET OF 2 CERAMIC CHRISTMAS TREES,1163.1299999999999,786,94,0.0,0.0,0.0,0.0
22334,DINOSAUR PARTY BAG + STICKER SET,1160.7099999999998,707,101,0.0,0.0,0.0,0.0
22680,FRENCH BLUE METAL DOOR SIGN 5,1160.29,844,153,37.5,30.0,2.0,0.034324942791762014
22708,WRAP DOLLY GIRL,1160.0,2800,100,10.5,25.0,1.0,0.008849557522123894
23566,EGG CUP MILKMAID HEIDI,1159.43,883,83,5.0,4.0,1.0,0.004509582863585118
20801,LARGE PINK GLASS SUNDAE DISH,1157.8,1013,81,24.0,32.0,2.0,0.03062200956937799
23507,MINI PLAYING CARDS BUFFALO BILL,1156.51,2884,119,0.0,0.0,0.0,0.0
85132B,CHARLIE AND LOLA TABLE TINS,1156.1699999999998,529,75,0.0,0.0,0.0,0.0
21773,DECORATIVE ROSE BATHROOM BOTTLE,1154.17,1170,163,0.0,0.0,0.0,0.0
22678,FRENCH BLUE METAL DOOR SIGN 3,1152.81,844,160,13.75,11.0,2.0,0.012865497076023392
21774,DECORATIVE CATS BATHROOM BOTTLE,1152.4,1095,186,1.25,1.0,1.0,0.0009124087591240876
22325,MOBILE VINTAGE HEARTS,1151.3,250,93,64.35000000000001,13.0,6.0,0.049429657794676805
20956,PORCELAIN T-LIGHT HOLDERS ASSORTED,1149.02,824,101,6.25,5.0,2.0,0.006031363088057901
85106,CUT GLASS HEXAGON T-LIGHT HOLDER,1147.4099999999999,651,20,0.0,0.0,0.0,0.0
22320,BIRDS MOBILE VINTAGE DESIGN,1147.27,189,73,53.550000000000004,9.0,4.0,0.045454545454545456
22497,SET OF 2 TINS VINTAGE BATHROOM,1145.15,225,100,0.0,0.0,0.0,0.0
21043,APRON MODERN VINTAGE COTTON,1143.76,494,90,0.0,0.0,0.0,0.0
21693,SMALL HAMMERED SILVER CANDLEPOT,1143.3100000000002,373,50,0.0,0.0,0.0,0.0
21947,SET OF 6 HEART CHOPSTICKS,1142.15,813,152,0.0,0.0,0.0,0.0
22376,AIRLINE BAG VINTAGE JET SET WHITE,1141.7,254,122,0.0,0.0,0.0,0.0
21395,BLUE POLKADOT BEAKER,1141.3999999999999,2844,90,3.9,10.0,3.0,0.00350385423966363
22923,FRIDGE MAGNETS LES ENFANTS ASSORTED,1140.97,1372,80,134.0,176.0,6.0,0.11369509043927649
23506,MINI PLAYING CARDS SPACEBOY,1139.2,2747,146,0.0,0.0,0.0,0.0
22581,WOOD STOCKING CHRISTMAS SCANDISPOT,1138.98,1571,177,1.7,2.0,1.0,0.0012714558169103624
22094,RED RETROSPOT TISSUE BOX,1138.2,2172,200,39.97,65.0,5.0,0.029056772463120252
84912B,GREEN ROSE WASHBAG,1136.6,324,160,0.0,0.0,0.0,0.0
22416,SET OF 36 DOILIES SPACEBOY DESIGN,1135.3999999999999,817,68,8.7,6.0,1.0,0.007290400972053463
22446,PIN CUSHION BABUSHKA PINK,1135.18,439,133,0.0,0.0,0.0,0.0
85159B,"WHITE TEA,COFFEE,SUGAR JARS",1134.5,622,59,86.54,38.0,13.0,0.05757575757575758
22155,STAR DECORATION RUSTIC,1134.45,2454,142,20.16,48.0,1.0,0.019184652278177457
22153,ANGEL DECORATION STARS ON DRESS,1134.25,2653,131,29.400000000000002,70.0,3.0,0.02570694087403599
22539,MINI JIGSAW DOLLY GIRL,1130.58,2921,136,0.0,0.0,0.0,0.0
85087,CANDY SPOT CUSHION COVER,1129.99,339,125,2.95,1.0,1.0,0.0029411764705882353
47585A,PINK FAIRY CAKE CUSHION COVER,1129.44,264,83,0.0,0.0,0.0,0.0
21830,ASSORTED CREEPY CRAWLIES,1127.23,2669,99,20.16,48.0,2.0,0.017666543982333457
22211,WOOD STAMP SET FLOWERS,1124.04,1009,196,69.6,48.0,1.0,0.04541154210028382
22815,CARD PSYCHEDELIC APPLES,1123.8799999999999,2640,268,0.0,0.0,0.0,0.0
84944,SET OF 6 KASHMIR FOLKART BAUBLES,1121.9099999999999,711,83,95.69999999999999,58.0,2.0,0.0754226267880364
47580,TEA TIME DES TEA COSY,1121.82,390,110,30.599999999999998,12.0,2.0,0.029850746268656716
22608,PENS ASSORTED FUNKY JEWELED,1121.48,5247,144,1.33,7.0,1.0,0.0013323182337266844
21809,CHRISTMAS HANGING TREE WITH BELL,1119.56,1966,117,0.0,0.0,0.0,0.0
23510,MINI PLAYING CARDS GYMKHANA,1119.22,2522,120,0.0,0.0,0.0,0.0
22060,LARGE CAKE STAND HANGING HEARTS,1118.95,233,34,87.2,16.0,6.0,0.0642570281124498
23411,TRELLIS COAT RACK,1118.6100000000001,227,56,4.95,1.0,1.0,0.0043859649122807015
21984,PACK OF 12 PINK PAISLEY TISSUES,1116.9499999999998,3473,212,17.4,60.0,2.0,0.016982734220209454
21466,RED FLOWER CROCHET FOOD COVER,1116.89,304,112,0.0,0.0,0.0,0.0
22997,TRAVEL CARD WALLET UNION JACK,1115.93,2595,222,32.76,78.0,8.0,0.029180695847362513
22817,CARD SUKI BIRTHDAY,1114.81,2639,290,0.0,0.0,0.0,0.0
23513,EMBROIDERED RIBBON REEL SUSIE,1114.26,566,70,12.48,6.0,1.0,0.01048951048951049
22758,LARGE PURPLE BABUSHKA NOTEBOOK,1112.75,1197,178,0.0,0.0,0.0,0.0
22342,HOME GARLAND PAINTED ZINC,1111.58,997,128,40.199999999999996,36.0,2.0,0.03484995159728945
23375,50'S CHRISTMAS PAPER GIFT BAG,1108.8899999999999,1352,103,0.82,1.0,1.0,0.0007390983000739098
23433,HANGING QUILTED PATCHWORK APPLES,1108.58,1258,89,39.01,47.0,3.0,0.03601532567049808
22444,GROW YOUR OWN PLANT IN A CAN,1107.87,839,57,40.0,32.0,3.0,0.03673938002296211
85116,BLACK CANDELABRA T-LIGHT HOLDER,1106.88,941,89,63.00000000000001,30.0,2.0,0.030895983522142123
85127,SMALL SQUARE CUT GLASS CANDLESTICK,1106.54,187,51,24.75,5.0,1.0,0.026041666666666668
22984,CARD GINGHAM ROSE,1106.17,2717,163,0.0,0.0,0.0,0.0
85114A,BLACK ENCHANTED FOREST PLACEMAT,1105.21,649,56,0.0,0.0,0.0,0.0
85036C,ROSE 1 WICK MORRIS BOXED CANDLE,1104.8600000000001,758,84,232.25,193.0,3.0,0.20294426919032596
22819,"BIRTHDAY CARD, RETRO SPOT",1104.81,2608,270,0.0,0.0,0.0,0.0
22221,CAKE STAND LOVEBIRD 2 TIER PINK,1104.54,131,51,19.9,2.0,2.0,0.015037593984962405
21824,PAINTED METAL STAR WITH HOLLY BELLS,1102.81,1917,117,34.8,24.0,1.0,0.012364760432766615
21688,SILVER PLATE CANDLE BOWL SMALL,1101.2800000000002,348,57,0.0,0.0,0.0,0.0
22309,TEA COSY RED  STRIPE,1093.6,370,121,0.0,0.0,0.0,0.0
23087,ZINC  HEART T-LIGHT HOLDER,1090.66,868,69,18.75,15.0,1.0,0.01698754246885617
23432,PRETTY HANGING QUILTED HEARTS,1090.02,1278,74,0.0,0.0,0.0,0.0
21818,GLITTER HEART DECORATION,1088.98,2470,142,0.0,0.0,0.0,0.0
15056bl,EDWARDIAN PARASOL BLACK,1086.88,87,62,0.0,0.0,0.0,0.0
23102,SILVER HEARTS TABLE DECORATION,1086.6499999999999,1288,157,0.0,0.0,0.0,0.0
21469,POLKA DOT RAFFIA FOOD COVER,1085.32,290,89,7.5,2.0,2.0,0.00684931506849315
21991,BOHEMIAN COLLAGE STATIONERY SET,1080.82,635,211,15.0,12.0,1.0,0.01854714064914992
21224,SET/4 SKULL BADGES,1080.0,914,165,15.0,12.0,2.0,0.012958963282937365
84459B,YELLOW METAL CHICKEN HEART,1079.67,721,91,0.0,0.0,0.0,0.0
51014L,"FEATHER PEN,LIGHT PINK",1079.34,2071,149,65.88,84.0,2.0,0.03897911832946636
23347,I LOVE LONDON BEAKER,1077.3,860,97,42.5,34.0,3.0,0.03803131991051454
22611,VINTAGE UNION JACK SHOPPING BAG,1077.03,225,46,0.0,0.0,0.0,0.0
22245,"HOOK, 1 HANGER ,MAGIC GARDEN",1070.85,1263,98,4.25,5.0,2.0,0.003943217665615142
23041,PAPER LANTERN 9 POINT SNOW STAR,1070.5800000000002,246,48,99.60000000000001,24.0,1.0,0.08888888888888889
21288,STRIPEY CHOCOLATE NESTING BOXES,1070.26,358,110,61.199999999999996,24.0,1.0,0.06282722513089005
22123,PING MICROWAVE APRON,1069.1699999999998,509,122,0.0,0.0,0.0,0.0
35648,VINTAGE BEAD PINK PURSE,1068.32,981,128,20.749999999999996,25.0,2.0,0.02485089463220676
21819,GLITTER CHRISTMAS STAR,1067.82,2473,124,0.0,0.0,0.0,0.0
82001S,SILVER RECORD COVER FRAME,1067.76,287,26,25.53,7.0,4.0,0.023809523809523808
23033,DRAWER KNOB CERAMIC RED,1067.6,720,74,0.0,0.0,0.0,0.0
21391,FRENCH LAVENDER SCENT HEART,1064.44,1079,106,6.300000000000001,3.0,1.0,0.0027726432532347504
23516,EMBROIDERED RIBBON REEL SOPHIE,1062.35,297,42,0.0,0.0,0.0,0.0
23331,DECORATIVE WICKER HEART SMALL,1062.28,1596,109,0.0,0.0,0.0,0.0
22995,TRAVEL CARD WALLET SUKI,1062.0,2389,266,20.580000000000002,49.0,3.0,0.020098441345365054
20931,BLUE POT PLANT CANDLE,1060.9,299,68,45.050000000000004,15.0,3.0,0.04777070063694268
84459A,PINK METAL CHICKEN HEART,1059.67,717,91,89.39999999999999,60.0,3.0,0.07722007722007722
22438,BALLOON ART MAKE YOUR OWN FLOWERS,1058.69,1022,98,0.0,0.0,0.0,0.0
85035B,CHOCOLATE 3 WICK MORRIS BOX CANDLE,1058.35,620,70,0.0,0.0,0.0,0.0
22190,LOCAL CAFE MUG,1057.71,676,116,0.0,0.0,0.0,0.0
23402,HOME SWEET HOME 3 PEG HANGER,1057.28,272,64,0.0,0.0,0.0,0.0
23529,DOLLY GIRL WALL ART,1055.94,318,11,0.0,0.0,0.0,0.0
21464,DISCO BALL ROTATOR BATTERY OPERATED,1055.25,249,105,38.25,9.0,4.0,0.03488372093023256
21949,SET OF 6 STRAWBERRY CHOPSTICKS,1054.44,801,144,0.0,0.0,0.0,0.0
22152,PLACE SETTING WHITE STAR,1053.5,2408,105,1.68,4.0,2.0,0.001658374792703151
16016,LARGE CHINESE STYLE SCISSOR,1053.45,1273,65,0.0,0.0,0.0,0.0
23327,HANGING CLEAR MINI BOTTLE,1051.14,1734,41,4.720000000000001,8.0,2.0,0.004592422502870264
22066,LOVE HEART TRINKET POT,1051.05,2255,135,1.9500000000000002,5.0,2.0,0.0022123893805309734
16237,SLEEPING CAT ERASERS,1048.56,4994,290,12.6,60.0,1.0,0.01187178472497032
21508,VINTAGE KID DOLLY CARD,1046.98,2490,213,5.04,12.0,1.0,0.004796163069544364
23419,HOME SWEET HOME BOTTLE,1045.8,474,86,2.08,1.0,1.0,0.002105263157894737
23542,70'S ALPHABET WALL ART,1043.1,150,15,48.7,6.0,3.0,0.038461538461538464
22163,HEART STRING MEMO HOLDER HANGING,1042.78,875,122,19.75,25.0,2.0,0.027777777777777776
85180A,RED HEARTS LIGHT CHAIN,1042.66,503,63,27.900000000000002,6.0,1.0,0.011787819253438114
23231,WRAP  VINTAGE DOILY,1039.08,2474,94,0.0,0.0,0.0,0.0
22808,SET OF 6 T-LIGHTS EASTER CHICKS,1038.8700000000001,345,75,53.1,18.0,1.0,0.049586776859504134
79302M,"ART LIGHTS,FUNK MONKEY",1037.54,370,62,0.0,0.0,0.0,0.0
21821,GLITTER STAR GARLAND WITH BELLS,1037.05,251,62,45.0,12.0,1.0,0.045627376425855515
22402,MAGNETS PACK OF 4 VINTAGE COLLAGE,1035.58,1723,151,15.0,12.0,2.0,0.0069164265129683
22024,RAINY LADIES BIRTHDAY CARD,1033.81,2430,213,5.04,12.0,1.0,0.004914004914004914
23088,ZINC HEART FLOWER T-LIGHT HOLDER,1033.28,795,79,0.0,0.0,0.0,0.0
22091,EMPIRE TISSUE BOX,1033.22,1991,167,8.75,7.0,1.0,0.0035035035035035035
21788,KIDS RAIN MAC BLUE,1032.6399999999999,1297,85,18.5,22.0,3.0,0.016679302501895376
22860,EASTER TIN CHICKS PINK DAISY,1032.62,598,107,24.75,15.0,2.0,0.024469820554649267
20967,GREY FLORAL FELTCRAFT SHOULDER BAG,1031.69,266,83,0.0,0.0,0.0,0.0
21803,CHRISTMAS TREE STAR DECORATION,1031.56,2390,198,0.0,0.0,0.0,0.0
22231,JIGSAW TREE WITH BIRDHOUSE,1029.76,1000,144,95.05,69.0,9.0,0.06454630495790459
21679,SKULLS  STICKERS,1028.58,1140,138,0.0,0.0,0.0,0.0
15044C,PURPLE PAPER PARASOL,1025.94,314,88,8.05,3.0,2.0,0.00946372239747634
22614,PACK OF 12 SPACEBOY TISSUES,1024.8999999999999,3034,219,14.43,37.0,4.0,0.012048192771084338
22679,FRENCH BLUE METAL DOOR SIGN 4,1024.28,741,152,12.5,10.0,1.0,0.013315579227696404
20966,SANDWICH BATH SPONGE,1022.8,719,97,0.0,0.0,0.0,0.0
21188,3D HEARTS  HONEYCOMB PAPER GARLAND,1021.9000000000001,326,50,0.0,0.0,0.0,0.0
23452,HEART MINI PORTRAIT FRAME,1021.76,518,87,1.95,1.0,1.0,0.0019267822736030828
23153,ZINC SWEETHEART WIRE LETTER RACK,1020.69,263,90,15.0,4.0,1.0,0.0149812734082397
22673,FRENCH GARDEN SIGN BLUE METAL,1019.83,794,131,15.0,12.0,1.0,0.01488833746898263
22459,CAST IRON HOOK GARDEN TROWEL,1018.19,386,25,0.0,0.0,0.0,0.0
23544,WALL ART MID CENTURY MODERN,1015.78,164,20,8.25,1.0,1.0,0.006060606060606061
23525,WALL ART BUFFALO BILL,1014.8500000000001,335,37,22.5,6.0,1.0,0.017595307917888565
85039A,SET/4 RED MINI ROSE CANDLE IN BOWL,1013.92,706,162,1.65,1.0,1.0,0.0014144271570014145
21617,4 LILY  BOTANICAL DINNER CANDLES,1013.01,528,102,0.0,0.0,0.0,0.0
21354,TOAST ITS - BEST MUM,1010.21,801,95,0.0,0.0,0.0,0.0
21198,WHITE HEART CONFETTI IN TUBE,1008.4699999999999,1029,71,59.75999999999999,72.0,2.0,0.0653950953678474
22279,POCKET BAG BLUE PAISLEY RED SPOT,1007.15,834,128,1.25,1.0,1.0,0.0011976047904191617
23460,SWEETHEART WALL TIDY,1007.0799999999999,108,43,49.75,5.0,4.0,0.04424778761061947
72816,SET/3 CHRISTMAS DECOUPAGE CANDLES,1006.27,893,69,30.0,24.0,1.0,0.026172300981461286
21467,CHERRY CROCHET FOOD COVER,1004.39,264,104,7.5,2.0,2.0,0.007518796992481203
22098,BOUDOIR SQUARE TISSUE BOX,1003.19,1994,172,30.11,75.0,6.0,0.03624939584340261
23121,PACK OF 6 COCKTAIL PARASOL STRAWS,1002.54,2506,111,0.0,0.0,0.0,0.0
22695,WICKER WREATH SMALL,1001.49,741,123,0.0,0.0,0.0,0.0
21355,TOAST ITS - I LOVE YOU,998.83,794,120,0.0,0.0,0.0,0.0
23533,WALL ART GARDEN HAVEN,998.64,215,36,0.0,0.0,0.0,0.0
85232D,SET/3 DECOUPAGE STACKING TINS,997.47,194,69,14.850000000000001,3.0,1.0,0.015228426395939087
22069,BROWN  PIRATE TREASURE CHEST,996.8,416,146,0.0,0.0,0.0,0.0
23517,EMBROIDERED RIBBON REEL REBECCA,996.38,334,63,0.0,0.0,0.0,0.0
84558A,3D DOG PICTURE PLAYING CARDS,996.2600000000001,336,81,0.0,0.0,0.0,0.0
23131,MISELTOE HEART WREATH CREAM,996.0000000000001,240,1,24.9,6.0,2.0,0.024390243902439025
10125,MINI FUNKY DESIGN TAPES,994.84,1296,91,0.0,0.0,0.0,0.0
22242,5 HOOK HANGER MAGIC TOADSTOOL,994.3799999999999,640,34,56.099999999999994,34.0,3.0,0.050445103857566766
21648,ASSORTED TUTTI FRUTTI SMALL PURSE,992.79,737,66,1.25,1.0,1.0,0.0013550135501355014
20886,BOX OF 9 PEBBLE CANDLES,988.18,486,103,11.7,6.0,1.0,0.012195121951219513
23281,FOLDING BUTTERFLY MIRROR RED,985.88,1262,99,0.0,0.0,0.0,0.0
35651,VINTAGE BEAD PINK SCARF,985.8399999999999,451,58,19.799999999999997,12.0,1.0,0.02591792656587473
35471D,SET OF 3 BIRD LIGHT PINK FEATHER,984.5699999999999,1862,223,2.5,2.0,2.0,0.001072961373390558
20802,SMALL GLASS SUNDAE DISH CLEAR,984.4699999999999,739,63,20.07,39.0,2.0,0.05012853470437018
23518,EMBROIDERED RIBBON REEL RACHEL,983.3000000000001,362,44,17.34,6.0,1.0,0.016304347826086956
22500,SET OF 2 TINS JARDIN DE PROVENCE,980.7,253,96,0.0,0.0,0.0,0.0
21948,SET OF 6 CAKE CHOPSTICKS,979.48,641,153,0.0,0.0,0.0,0.0
22857,ASSORTED EASTER GIFT TAGS,977.7599999999999,1159,61,0.0,0.0,0.0,0.0
23514,EMBROIDERED RIBBON REEL SALLY,977.39,478,74,12.48,6.0,1.0,0.012396694214876033
23512,EMBROIDERED RIBBON REEL ROSIE,977.3199999999999,501,57,0.0,0.0,0.0,0.0
85064,CREAM SWEETHEART LETTER RACK,976.25,215,30,9.3,2.0,2.0,0.009216589861751152
22681,FRENCH BLUE METAL DOOR SIGN 6,973.15,710,126,14.81,12.0,3.0,0.01662049861495845
21112,"SWISS ROLL TOWEL, PINK  SPOTS",971.44,653,43,0.0,0.0,0.0,0.0
84843,WHITE SOAP RACK WITH 2 BOTTLES,969.8000000000001,172,48,5.95,1.0,1.0,0.005780346820809248
22307,GOLD MUG BONE CHINA TREE OF LIFE,969.64,770,74,45.9,39.0,5.0,0.048207663782447466
22209,WOOD STAMP SET HAPPY BIRTHDAY,968.3699999999999,950,173,9.959999999999999,12.0,1.0,0.012474012474012475
21058,PARTY INVITES WOODLAND,968.2099999999999,1157,122,10.2,12.0,1.0,0.010265183917878529
22599,CHRISTMAS MUSICAL ZINC STAR,967.7599999999999,1953,123,20.4,24.0,1.0,0.012139605462822459
23183,MOTHER'S KITCHEN SPOON REST,967.17,226,84,30.0,8.0,3.0,0.03418803418803419
21389,IVORY HANGING DECORATION  BIRD,966.78,1116,128,0.85,1.0,1.0,0.0008952551477170994
47504H,ENGLISH ROSE SPIRIT LEVEL,964.38,978,118,5.0,4.0,1.0,0.004073319755600814
23107,WHITE HEARTS WIRE PLANT POT HOLDER,963.27,343,71,0.0,0.0,0.0,0.0
70007,HI TEC ALPINE HAND WARMER,962.9599999999999,845,107,19.799999999999997,12.0,1.0,0.014002333722287048
22540,MINI JIGSAW CIRCUS PARADE,960.86,2519,91,0.42,1.0,1.0,0.0003968253968253968
22210,WOOD STAMP SET BEST WISHES,959.6999999999999,1019,187,0.0,0.0,0.0,0.0
20846,ZINC HEART LATTICE T-LIGHT HOLDER,958.57,717,88,0.0,0.0,0.0,0.0
22994,TRAVEL CARD WALLET RETROSPOT,958.2,2197,218,12.6,30.0,6.0,0.01347103726986978
20733,GOLD MINI TAPE MEASURE,958.06,1236,205,216.0,300.0,1.0,0.1953125
23529,WALL ART DOLLY GIRL,956.0500000000002,319,26,0.0,0.0,0.0,0.0
23380,PACK OF 12 VINTAGE DOILY TISSUES,955.42,2272,119,14.04,36.0,2.0,0.01559792027729636
22262,FELT EGG COSY CHICKEN,953.8599999999999,1027,137,4.25,5.0,2.0,0.0048449612403100775
84913A,SOFT PINK ROSE TOWEL,952.83,273,124,0.0,0.0,0.0,0.0
84819,DANISH ROSE ROUND SEWING BOX,951.79,811,62,17.0,4.0,2.0,0.0049079754601227
22939,ADULT APRON APPLE DELIGHT,950.83,185,45,69.30000000000001,14.0,2.0,0.07035175879396985
84509G,SET OF 4 FAIRY CAKE PLACEMATS,950.49,517,66,0.0,0.0,0.0,0.0
84596G,SMALL CHOCOLATES PINK BOWL,949.92,1857,245,0.0,0.0,0.0,0.0
21683,MEDIUM MEDINA STAMPED METAL BOWL,948.7000000000002,310,58,0.0,0.0,0.0,0.0
21717,EASTER TIN BUCKET,946.93,408,41,0.0,0.0,0.0,0.0
15044B,BLUE PAPER PARASOL,946.83,321,60,2.95,1.0,1.0,0.003105590062111801
47593B,SCOTTIE DOGS BABY BIB,946.13,1987,245,0.0,0.0,0.0,0.0
22270,HAPPY EASTER HANGING DECORATION,945.9499999999999,244,53,25.89,7.0,3.0,0.027888446215139442
21507,"ELEPHANT, BIRTHDAY CARD,",945.46,2210,167,10.08,24.0,2.0,0.010743061772605193
23178,JAM CLOCK MAGNET,943.9200000000001,330,68,14.45,5.0,3.0,0.014925373134328358
22986,WRAP GINGHAM ROSE,943.92,2276,82,10.5,25.0,1.0,0.01086484137331595
22246,MAGIC GARDEN FELT GARLAND,939.3699999999999,419,89,23.4,12.0,1.0,0.027842227378190254
22132,RED LOVE HEART SHAPE CUP,939.03,1038,154,10.2,12.0,1.0,0.011428571428571429
35646,VINTAGE BEAD PINK EVENING BAG,937.25,619,94,0.0,0.0,0.0,0.0
22281,EASTER TREE YELLOW BIRDS,935.39,132,63,0.0,0.0,0.0,0.0
20752,BLUE POLKADOT WASHING UP GLOVES,935.1500000000001,414,148,4.2,2.0,2.0,0.004807692307692308
23540,WALL ART THE MAGIC FOREST,933.16,148,13,0.0,0.0,0.0,0.0
20686,DOLLY MIXTURE CHILDREN'S UMBRELLA,932.42,270,77,0.0,0.0,0.0,0.0
21462,"NURSERY A,B,C PAINTED LETTERS",932.4,198,73,0.0,0.0,0.0,0.0
22893,MINI CAKE STAND T-LIGHT HOLDER,931.02,1872,142,8.82,21.0,5.0,0.011093502377179081
21682,LARGE MEDINA STAMPED METAL BOWL,930.96,182,55,14.850000000000001,3.0,1.0,0.016216216216216217
23179,CLOCK MAGNET MUM'S KITCHEN,930.48,324,53,0.0,0.0,0.0,0.0
22046,TEA PARTY  WRAPPING PAPER,929.0,2250,75,14.28,34.0,2.0,0.0148861646234676
22103,MIRROR MOSAIC T-LIGHT HOLDER ROUND,928.04,1260,26,201.66000000000003,482.0,3.0,0.2766934557979334
23099,FRENCH CARRIAGE LANTERN,925.35,137,58,53.2,8.0,4.0,0.05517241379310345
23002,TRAVEL CARD WALLET SKULLS,925.29,2145,192,53.76,128.0,8.0,0.056313242410910694
85103,SILVER T-LIGHT SETTING,924.29,143,28,220.15,37.0,1.0,0.20555555555555555
23527,ANIMALS AND NATURE WALL ART,923.97,267,17,26.25,7.0,2.0,0.025547445255474453
22701,PINK DOG BOWL,922.89,549,115,43.0,16.0,5.0,0.02831858407079646
17091J,VANILLA INCENSE IN TIN,920.67,2084,95,0.0,0.0,0.0,0.0
21802,CHRISTMAS TREE HEART DECORATION,920.4,2125,180,0.42,1.0,1.0,0.00047036688617121356
85114C,RED ENCHANTED FOREST PLACEMAT,920.2199999999999,516,75,0.0,0.0,0.0,0.0
72799E,IVORY PILLAR CANDLE SILVER FLOCK,919.94,452,76,17.700000000000003,6.0,1.0,0.013100436681222707
21786,POLKADOT RAIN HAT,918.25,1940,226,9.24,22.0,1.0,0.011213047910295617
23338,EGG FRYING PAN RED,915.4000000000001,431,109,12.48,6.0,1.0,0.013729977116704805
85034A,3 GARDENIA MORRIS BOXED CANDLES,915.15,501,74,20.75,7.0,3.0,0.013779527559055118
23472,NINE DRAWER OFFICE TIDY,909.37,59,33,0.0,0.0,0.0,0.0
21894,POTTING SHED SEED ENVELOPES,908.33,597,130,0.0,0.0,0.0,0.0
23004,TRAVEL CARD WALLET PANTRY,906.9399999999999,2011,221,77.28,184.0,4.0,0.08382687927107062
37501,TEA TIME TEA SET IN GIFT BOX,906.83,133,49,13.9,2.0,1.0,0.014814814814814815
22519,CHILDS GARDEN BRUSH PINK,906.7500000000001,411,88,0.0,0.0,0.0,0.0
84519A,TOMATO CHARLIE+LOLA COASTER SET,905.55,512,88,0.0,0.0,0.0,0.0
85114B,IVORY ENCHANTED FOREST PLACEMAT,904.14,478,77,3.3,2.0,1.0,0.004166666666666667
23532,WALL ART WORK REST AND PLAY,901.58,210,31,0.0,0.0,0.0,0.0
85131A,BEADED PEARL HEART WHITE ON STICK,901.48,996,119,11.27,13.0,3.0,0.01288404360753221
22118,JOY WOODEN BLOCK LETTERS,901.46,232,89,0.0,0.0,0.0,0.0
22106,MIRROR MOSAIC HURRICANE LAMP,898.38,349,47,156.75,121.0,2.0,0.2574468085106383
21465,PINK FLOWER CROCHET FOOD COVER,897.8,237,79,0.0,0.0,0.0,0.0
22277,COSMETIC BAG VINTAGE ROSE PAISLEY,897.74,417,100,0.0,0.0,0.0,0.0
22682,FRENCH BLUE METAL DOOR SIGN 7,896.75,677,113,13.75,11.0,2.0,0.015988372093023256
21631,HIPPY CHIC DECORATIVE PARASOL,896.01,169,27,0.0,0.0,0.0,0.0
22936,BAKING MOULD ROSE WHITE CHOCOLATE,895.97,279,50,198.0,72.0,1.0,0.20512820512820512
22719,GUMBALL MONOCHROME COAT RACK,895.72,620,109,11.17,10.0,4.0,0.015873015873015872
21633,SUNFLOWER DECORATIVE PARASOL,895.46,125,42,12.75,1.0,1.0,0.007936507936507936
22761,CHEST 7 DRAWER MA CAMPAGNE,895.38,36,26,43.9,2.0,1.0,0.05263157894736842
22814,CARD PARTY GAMES,893.51,2141,235,0.0,0.0,0.0,0.0
22251,BIRDHOUSE DECORATION MAGIC GARDEN,891.99,714,137,20.0,16.0,3.0,0.021917808219178082
21743,STAR PORTABLE TABLE LIGHT,890.6,300,49,26.55,9.0,2.0,0.02912621359223301
84823,DANISH ROSE FOLDING CHAIR,890.4000000000001,112,25,0.0,0.0,0.0,0.0
21189,WHITE HONEYCOMB PAPER GARLAND,888.67,355,72,0.0,0.0,0.0,0.0
21199,PINK  HEART CONFETTI IN TUBE,888.3299999999999,966,78,20.16,48.0,1.0,0.047337278106508875
84536B,FAIRY CAKES NOTEBOOK A7 SIZE,888.14,2102,178,20.16,48.0,2.0,0.022325581395348838
21209,MULTICOLOUR HONEYCOMB FAN,886.24,1224,89,8.33,19.0,5.0,0.015285599356395816
23528,SPACEBOY WALL ART,885.9000000000001,306,13,0.0,0.0,0.0,0.0
22524,CHILDRENS GARDEN GLOVES BLUE,883.1999999999999,642,81,0.0,0.0,0.0,0.0
46776F,WOVEN ROSE GARDEN CUSHION COVER,883.12,210,89,0.0,0.0,0.0,0.0
22317,FIVE CATS HANGING DECORATION,882.6200000000001,287,89,0.0,0.0,0.0,0.0
22321,BIRD DECORATION RED RETROSPOT,881.3299999999999,917,132,0.85,1.0,1.0,0.0010893246187363835
85176,SEWING SUSAN 21 NEEDLE SET,880.4699999999999,918,172,0.85,1.0,1.0,0.001088139281828074
23479,WIRE EGG BASKET,880.23,114,44,0.0,0.0,0.0,0.0
23502,PLAYING CARDS VINTAGE DOILY,880.16,701,92,0.0,0.0,0.0,0.0
84030e,ENGLISH ROSE HOT WATER BOTTLE,877.76,108,41,0.0,0.0,0.0,0.0
22308,TEA COSY BLUE STRIPE,877.38,250,105,0.0,0.0,0.0,0.0
23423,PANTRY 3 HOOK ROLLING PIN HANGER,876.9,219,66,18.75,5.0,3.0,0.022321428571428572
21695,SMALL SILVER FLOWER CANDLE POT,875.3800000000001,290,41,0.0,0.0,0.0,0.0
21399,BLUE POLKADOT COFFEE MUG,874.29,2066,71,43.29,111.0,3.0,0.05098759761139182
22343,PARTY PIZZA DISH RED RETROSPOT,873.9,1977,94,15.299999999999999,18.0,1.0,0.009022556390977444
22565,FELTCRAFT HAIRBANDS PINK AND WHITE,873.52,934,148,0.0,0.0,0.0,0.0
22683,FRENCH BLUE METAL DOOR SIGN 8,871.49,644,119,15.0,12.0,2.0,0.018292682926829267
85049H,URBAN BLACK RIBBONS,870.35,849,184,0.0,0.0,0.0,0.0
23220,REINDEER HEART DECORATION GOLD,869.9799999999999,994,103,9.959999999999999,12.0,1.0,0.011928429423459244
21204,DAISIES  HONEYCOMB GARLAND,868.4399999999999,499,85,0.0,0.0,0.0,0.0
21708,FOLDING UMBRELLA CREAM POLKADOT,868.0600000000001,191,64,4.95,1.0,1.0,0.005208333333333333
23545,WRAP RED VINTAGE DOILY,866.0,2100,68,0.0,0.0,0.0,0.0
22068,BLACK PIRATE TREASURE CHEST,863.38,531,143,21.449999999999996,13.0,2.0,0.02389705882352941
21359,RELAX LARGE WOOD LETTERS,860.23,130,29,7.9,2.0,2.0,0.015151515151515152
84849D,HOT BATHS SOAP HOLDER,859.0,494,114,37.18,22.0,2.0,0.04263565891472868
21880,RED RETROSPOT TAPE,858.7800000000001,1903,240,7.800000000000001,12.0,1.0,0.006266318537859008
85135C,RED DRAGONFLY HELICOPTER,856.38,106,67,7.95,1.0,1.0,0.009345794392523364
21823,PAINTED METAL HEART WITH HOLLY BELL,854.74,1373,97,0.0,0.0,0.0,0.0
23525,BUFFALO BILL WALL ART,852.72,248,16,22.5,6.0,1.0,0.023622047244094488
85183A,CHARLIE & LOLA WASTEPAPER BIN BLUE,852.04,667,86,2.5,2.0,2.0,0.0029895366218236174
84535B,FAIRY CAKES NOTEBOOK A6 SIZE,850.2,1332,155,61.75,95.0,2.0,0.06657323055360898
84006,MAGIC TREE -PAPER FLOWERS,849.55,919,105,0.85,1.0,1.0,0.0010869565217391304
22706,WRAP COWBOYS,847.94,2057,71,10.5,25.0,1.0,0.012007684918347743
22105,MIRROR MOSAIC GOBLET CANDLE HOLDER,847.82,574,33,228.0,240.0,1.0,0.29484029484029484
22537,MAGIC DRAWING SLATE DINOSAUR,844.84,1931,171,20.16,48.0,1.0,0.02425467407781708
22862,LOVE HEART NAPKIN BOX,843.95,175,66,0.0,0.0,0.0,0.0
23564,EGG CUP MILKMAID INGRID,841.31,644,76,0.0,0.0,0.0,0.0
22162,HEART GARLAND RUSTIC PADDED,841.24,264,91,32.45,11.0,2.0,0.04
23551,PACK OF 12 PAISLEY PARK TISSUES,841.01,1843,136,0.0,0.0,0.0,0.0
37327,ASSTD MULTICOLOUR CIRCLES MUG,840.47,1579,81,1.56,4.0,1.0,0.002526847757422615
20839,FRENCH PAISLEY CUSHION COVER,840.4399999999999,575,105,0.0,0.0,0.0,0.0
21694,SMALL REGAL  SILVER CANDLEPOT,840.33,307,24,0.0,0.0,0.0,0.0
15034,PAPER POCKET TRAVELING FAN,840.0200000000001,6591,138,108.29000000000002,1385.0,4.0,0.17364593781344032
22276,WASH BAG VINTAGE ROSE PAISLEY,838.86,290,85,17.849999999999998,7.0,2.0,0.02356902356902357
84997a,CHILDRENS CUTLERY POLKADOT GREEN,837.29,101,60,0.0,0.0,0.0,0.0
22254,FELT TOADSTOOL LARGE,836.8000000000001,657,61,0.0,0.0,0.0,0.0
21125,SET 6 FOOTBALL CELEBRATION CANDLES,834.73,660,103,2.5,2.0,2.0,0.0030211480362537764
20986,BLUE CALCULATOR RULER,833.49,657,113,0.0,0.0,0.0,0.0
23523,TREASURE AHOY WALL ART,833.46,270,16,22.5,6.0,1.0,0.021739130434782608
22587,FELTCRAFT HAIRBAND RED AND BLUE,833.0699999999999,921,161,0.0,0.0,0.0,0.0
22217,T-LIGHT HOLDER HANGING LACE,832.51,840,82,50.0,40.0,1.0,0.045454545454545456
22102,MIRROR MOSAIC T-LIGHT HOLDER,831.84,1622,31,280.8,720.0,1.0,0.3074295473953886
21642,ASSORTED TUTTI FRUTTI PEN,831.0199999999999,2472,101,46.54,118.0,6.0,0.04555984555984556
21804,WHITE CHRISTMAS GARLAND STARS TREES,830.03,225,65,0.0,0.0,0.0,0.0
22454,MEASURING TAPE BABUSHKA RED,827.82,290,41,23.6,8.0,1.0,0.026845637583892617
22341,LOVE GARLAND PAINTED ZINC,827.6299999999999,453,78,0.0,0.0,0.0,0.0
22249,DECORATION WHITE CHICK MAGIC GARDEN,826.46,944,145,3.4,4.0,1.0,0.004219409282700422
23017,APOTHECARY MEASURING JAR,826.28,67,22,12.5,1.0,1.0,0.014705882352941176
21294,ETCHED GLASS COASTER,825.49,1618,71,0.0,0.0,0.0,0.0
22093,MOTORING TISSUE BOX,824.08,1835,160,15.0,12.0,1.0,0.006497022198159177
85194L,HANGING SPRING FLOWER EGG LARGE,823.7399999999999,948,73,23.799999999999997,28.0,3.0,0.028688524590163935
21905,MORE BUTTER METAL SIGN,823.71,761,160,0.0,0.0,0.0,0.0
72818,CHRISTMAS DECOUPAGE CANDLE,821.98,1845,76,25.919999999999998,36.0,1.0,0.019138755980861243
21291,SMALL POLKADOT CHOCOLATE GIFT BAG,819.64,943,52,0.0,0.0,0.0,0.0
23186,FRENCH STYLE STORAGE JAR CAFE,819.4599999999999,1982,70,9.24,12.0,2.0,0.006018054162487462
85169A,IVORY LOVE BIRD CANDLE,813.02,812,88,15.0,12.0,1.0,0.014563106796116505
85049a,TRADITIONAL CHRISTMAS RIBBONS,812.84,244,36,0.0,0.0,0.0,0.0
79191C,RETRO PLASTIC ELEPHANT TRAY,812.53,1105,65,134.29999999999998,158.0,13.0,0.1250989707046714
23022,SMALL BONNE JAM JAR  T-LIGHT HOLDER,808.16,422,22,62.400000000000006,30.0,2.0,0.06637168141592921
21789,KIDS RAIN MAC PINK,806.1999999999999,928,92,17.0,20.0,2.0,0.02109704641350211
84509B,SET OF 4 FAIRY CAKE PLACEMATS,806.04,217,79,0.0,0.0,0.0,0.0
22099,CARAVAN SQUARE TISSUE BOX,804.65,1446,153,11.25,9.0,1.0,0.006185567010309278
79160,HEART SHAPE WIRELESS DOORBELL,802.13,447,49,16.8,8.0,3.0,0.017582417582417582
23409,PHOTO FRAME LINEN AND LACE LARGE,801.6800000000001,215,43,26.25,7.0,2.0,0.03153153153153153
22705,WRAP GREEN PEARS,801.36,1908,77,10.5,25.0,1.0,0.012933264355923435
22546,MINI JIGSAW PURDEY,800.4,2104,86,0.42,1.0,1.0,0.00047505938242280285
23524,HORSE & PONY WALL ART,797.3100000000001,256,17,22.5,6.0,1.0,0.022900763358778626
85185B,PINK HORSE SOCK PUPPET,797.1400000000001,262,57,2.95,1.0,1.0,0.0038022813688212928
85170D,SET/6 PINK BIRD T-LIGHT CANDLES,796.99,451,100,8.0,5.0,2.0,0.010964912280701754
23487,SWEET HEART CAKE CARRIER,795.5799999999999,80,44,89.55,9.0,6.0,0.10112359550561797
85035A,GARDENIA 3 WICK MORRIS BOXED CANDLE,795.05,279,81,25.5,6.0,3.0,0.021052631578947368
85173,SET/6 FROG PRINCE T-LIGHT CANDLES,795.02,479,86,12.75,5.0,1.0,0.010330578512396695
22566,FELTCRAFT HAIRBAND PINK AND PURPLE,794.88,879,150,0.0,0.0,0.0,0.0
21162,TOXIC AREA  DOOR HANGER,794.15,1465,162,0.0,0.0,0.0,0.0
23335,EGG FRYING PAN IVORY,792.86,378,96,24.96,12.0,2.0,0.03076923076923077
23106,ZINC HEARTS PLANT POT HOLDER,792.47,283,52,34.68,12.0,1.0,0.04067796610169491
23519,EMBROIDERED RIBBON REEL CLAIRE,792.31,224,24,0.0,0.0,0.0,0.0
22340,NOEL GARLAND PAINTED ZINC,792.28,1411,128,17.4,12.0,1.0,0.008432888264230498
21504,SKULLS GREETING CARD,788.97,1915,115,0.0,0.0,0.0,0.0
23568,EGG CUP HENRIETTA HEN CREAM,787.52,630,48,1.25,1.0,1.0,0.001584786053882726
21680,WOODLAND  STICKERS,786.31,868,103,0.0,0.0,0.0,0.0
84279B,CHERRY BLOSSOM DECORATIVE FLASK,785.95,195,69,26.25,7.0,3.0,0.034653465346534656
23115,RED APPLES CHOPPING BOARD,785.1700000000001,155,45,0.0,0.0,0.0,0.0
21158,MOODY GIRL DOOR HANGER,783.8199999999999,1474,170,9.36,24.0,1.0,0.01602136181575434
21272,SALLE DE BAIN HOOK,783.8199999999999,553,103,2.5,2.0,2.0,0.0036036036036036037
85163B,BLACK BAROQUE WALL CLOCK,783.68,84,36,12.75,1.0,1.0,0.011764705882352941
22518,CHILDS GARDEN BRUSH BLUE,783.5400000000001,363,81,0.0,0.0,0.0,0.0
84660A,WHITE STITCHED WALL CLOCK,783.45,843,42,4.54,2.0,2.0,0.002366863905325444
85159A,"BLACK TEA,COFFEE,SUGAR JARS",783.3499999999999,453,47,82.39999999999999,40.0,6.0,0.08113590263691683
22685,FRENCH BLUE METAL DOOR SIGN 0,780.8,594,99,12.5,10.0,1.0,0.016556291390728478
22451,SILK PURSE BABUSHKA RED,779.1500000000001,223,51,0.0,0.0,0.0,0.0
22228,BUNNY WOODEN PAINTED WITH BIRD,778.63,1001,147,1.7,2.0,1.0,0.0019940179461615153
21983,PACK OF 12 BLUE PAISLEY TISSUES,777.67,2301,155,6.959999999999999,24.0,1.0,0.01032258064516129
85231B,CINAMMON SET OF 9 T-LIGHTS,777.5799999999999,868,151,9.35,11.0,1.0,0.012514220705346985
85032A,ROMANTIC IMAGES GIFT WRAP SET,777.1400000000001,790,135,0.0,0.0,0.0,0.0
22422,TOOTHPASTE TUBE PEN,776.75,1274,205,0.0,0.0,0.0,0.0
84509a,SET OF 4 ENGLISH ROSE PLACEMATS,775.84,104,68,0.0,0.0,0.0,0.0
84519B,CARROT CHARLIE+LOLA COASTER SET,774.55,472,126,0.0,0.0,0.0,0.0
22586,FELTCRAFT HAIRBAND PINK AND BLUE,774.55,856,161,40.8,48.0,2.0,0.05309734513274336
22522,CHILDS GARDEN FORK BLUE,774.29,932,128,10.2,12.0,1.0,0.012711864406779662
21084,SET/6 COLLAGE PAPER CUPS,773.14,2610,181,4.5600000000000005,24.0,1.0,0.009111617312072893
21927,BLUE/CREAM STRIPE CUSHION COVER,771.15,623,99,48.75,39.0,8.0,0.05891238670694864
21618,4 WILDFLOWER BOTANICAL CANDLES,770.87,406,91,0.0,0.0,0.0,0.0
22133,PINK LOVE HEART SHAPE CUP,770.73,816,133,0.0,0.0,0.0,0.0
84609,TALL ROCOCO CANDLE HOLDER,770.59,93,20,17.0,2.0,1.0,0.021052631578947368
22252,BIRDCAGE DECORATION TEALIGHT HOLDER,770.32,650,67,7.5,6.0,1.0,0.009146341463414634
85125,SMALL ROUND CUT GLASS CANDLESTICK,770.2900000000001,163,33,0.0,0.0,0.0,0.0
21530,DAIRY MAID TOASTRACK,769.57,777,104,48.190000000000005,61.0,8.0,0.07279236276849642
22985,WRAP BILLBOARD FONTS DESIGN,769.02,1831,64,0.0,0.0,0.0,0.0
22986,GINGHAM ROSE WRAP,768.18,1829,73,10.5,25.0,1.0,0.01348435814455232
23140,TRIPLE WIRE HOOK IVORY HEART,766.1,182,52,49.800000000000004,12.0,1.0,0.061855670103092786
22025,RING OF ROSES BIRTHDAY CARD,766.09,1847,130,5.04,12.0,1.0,0.006455083378160301
84997b,RED 3 PIECE RETROSPOT CUTLERY SET,765.55,91,12,0.0,0.0,0.0,0.0
23006,TRAVEL CARD WALLET FLOWER MEADOW,765.27,1764,173,32.76,78.0,5.0,0.04234527687296417
22786,CUSHION COVER PINK UNION JACK,764.63,123,47,0.0,0.0,0.0,0.0
21707,FOLDING UMBRELLA BLACKBLUE POLKADOT,763.6600000000001,160,74,0.0,0.0,0.0,0.0
23550,WRAP ALPHABET POSTER,763.1,1855,64,0.0,0.0,0.0,0.0
23458,DOLLY CABINET 3 DRAWERS,762.4499999999999,51,30,74.75,5.0,4.0,0.08928571428571429
85212,MINI PAINTED GARDEN DECORATION,761.4,2476,79,0.0,0.0,0.0,0.0
23025,DRAWER KNOB VINTAGE GLASS BALL,760.8000000000001,350,54,12.48,6.0,1.0,0.016853932584269662
85130B,BEADED CRYSTAL HEART GREEN LARGE,760.4300000000001,834,62,0.0,0.0,0.0,0.0
23123,COCKTAIL SWORDS 50 PIECES,760.4,936,95,4.9799999999999995,6.0,2.0,0.006369426751592357
23524,WALL ART HORSE & PONY,760.32,225,46,22.5,6.0,1.0,0.025974025974025976
17084R,ASSORTED INCENSE PACK,760.3199999999999,4032,27,0.0,0.0,0.0,0.0
21287,SCENTED VELVET LOUNGE CANDLE,760.15,1790,55,0.0,0.0,0.0,0.0
10002,INFLATABLE POLITICAL GLOBE,759.89,860,71,0.0,0.0,0.0,0.0
21822,GLITTER CHRISTMAS TREE WITH BELLS,759.44,740,97,4.6899999999999995,3.0,2.0,0.004037685060565276
85036A,GARDENIA 1 WICK MORRIS BOXED CANDLE,759.35,223,60,1.25,1.0,1.0,0.004464285714285714
22753,SMALL YELLOW BABUSHKA NOTEBOOK,758.98,1011,217,0.0,0.0,0.0,0.0
22480,RED TEA TOWEL CLASSIC DESIGN,757.21,631,73,0.0,0.0,0.0,0.0
21383,PACK OF 12 STICKY BUNNIES,755.83,998,167,1.3,2.0,1.0,0.002
22336,DOVE DECORATION PAINTED ZINC,754.4100000000001,2383,79,14.950000000000001,23.0,1.0,0.009559434746467166
84913B,MINT GREEN ROSE TOWEL,754.07,196,86,0.0,0.0,0.0,0.0
23223,CHRISTMAS TREE HANGING SILVER,751.8499999999999,803,88,9.959999999999999,12.0,1.0,0.014723926380368098
22495,SET OF 2 ROUND TINS CAMEMBERT,751.7700000000001,283,98,17.700000000000003,6.0,1.0,0.020761245674740483
22523,CHILDS GARDEN FORK PINK,751.66,865,135,10.2,12.0,1.0,0.013683010262257697
23124,18PC WOODEN CUTLERY SET DISPOSABLE,751.38,567,43,0.0,0.0,0.0,0.0
20748,KENSINGTON COFFEE SET,751.17,57,34,0.0,0.0,0.0,0.0
21126,SET OF 6 GIRLS CELEBRATION CANDLES,750.2,593,126,0.0,0.0,0.0,0.0
84763,ZINC FINISH 15CM PLANTER POTS,748.34,601,57,0.0,0.0,0.0,0.0
22481,BLACK TEA TOWEL CLASSIC DESIGN,748.08,827,128,0.0,0.0,0.0,0.0
22322,BIRD DECORATION GREEN POLKADOT,747.81,820,139,10.2,12.0,1.0,0.014423076923076924
85032B,BLOSSOM IMAGES GIFT WRAP SET,747.7900000000001,798,133,0.0,0.0,0.0,0.0
21215,IVORY PAPER CUP CAKE CASES,745.45,1089,124,0.0,0.0,0.0,0.0
22258,FELT FARM ANIMAL RABBIT,743.89,912,77,8.75,7.0,2.0,0.007616974972796518
22316,200 BENDY SKULL STRAWS,743.62,661,55,1.25,1.0,1.0,0.0015105740181268882
21643,ASSORTED TUTTI FRUTTI MIRROR,743.31,550,60,15.0,12.0,1.0,0.021352313167259787
23282,FOLDING BUTTERFLY MIRROR IVORY,742.92,794,133,0.0,0.0,0.0,0.0
22393,PAPERWEIGHT VINTAGE COLLAGE,741.98,512,71,10.2,4.0,2.0,0.007751937984496124
22097,SWALLOW SQUARE TISSUE BOX,739.57,1610,145,3.9000000000000004,10.0,1.0,0.006172839506172839
22264,FELT FARM ANIMAL WHITE BUNNY,738.68,1563,96,0.0,0.0,0.0,0.0
23114,VINTAGE LEAF CHOPPING BOARD,737.95,149,45,14.850000000000001,3.0,2.0,0.019736842105263157
21677,HEARTS  STICKERS,737.8399999999999,835,119,10.2,12.0,1.0,0.014167650531286895
84660B,BLACK STITCHED WALL CLOCK,734.86,709,40,0.0,0.0,0.0,0.0
23435,3 RAFFIA RIBBONS VINTAGE CHRISTMAS,734.7900000000001,827,99,0.0,0.0,0.0,0.0
20914,SET/5 RED SPOTTY LID GLASS BOWLS,734.4,288,1,300.85,107.0,34.0,0.2708860759493671
22250,DECORATION  BUTTERFLY  MAGIC GARDEN,732.65,821,147,3.4,4.0,1.0,0.0048484848484848485
22400,MAGNETS PACK OF 4 HOME SWEET HOME,731.82,1400,150,0.39,1.0,1.0,0.0007137758743754461
22985,"WRAP, BILLBOARD FONTS DESIGN",731.42,1951,35,0.0,0.0,0.0,0.0
72803A,ROSE SCENT CANDLE JEWELLED DRAWER,730.97,531,41,8.5,2.0,2.0,0.00375234521575985
22821,GIFT BAG PSYCHEDELIC APPLES,730.47,1183,139,7.800000000000001,12.0,1.0,0.0100418410041841
23562,SET OF 6 RIBBONS PERFECTLY PRETTY,730.37,253,43,0.0,0.0,0.0,0.0
21398,RED POLKADOT COFFEE  MUG,729.6,1532,63,0.0,0.0,0.0,0.0
22856,ASSORTED EASTER DECORATIONS  BELLS,729.57,569,27,26.25,21.0,2.0,0.03559322033898305
90200D,PINK SWEETHEART BRACELET,729.57,176,78,0.0,0.0,0.0,0.0
22684,FRENCH BLUE METAL DOOR SIGN 9,728.57,533,98,16.25,13.0,3.0,0.023809523809523808
20996,JAZZ HEARTS ADDRESS BOOK,727.46,3194,225,0.0,0.0,0.0,0.0
22718,CARD CAT AND TREE,727.31,1657,168,10.08,24.0,2.0,0.014277215942891136
84754,S/15 SILVER GLASS BAUBLES IN BAG,725.52,558,62,152.64000000000001,144.0,1.0,0.20512820512820512
21883,STARS GIFT TAPE,725.4200000000001,1653,133,0.19,1.0,1.0,0.0006045949214026602
85131D,BEADED CRYSTAL HEART PINK ON STICK,725.26,850,206,0.0,0.0,0.0,0.0
46775D,SUNSET COLOUR CHUNKY KNITTED THROW,720.93,60,39,0.0,0.0,0.0,0.0
85032C,CURIOUS IMAGES GIFT WRAP SET,719.84,685,140,7.800000000000001,12.0,1.0,0.01721664275466284
79067,CORONA MEXICAN TRAY,719.69,172,38,0.0,0.0,0.0,0.0
23222,CHRISTMAS TREE HANGING GOLD,718.53,799,75,19.919999999999998,24.0,2.0,0.02916160388821385
21630,FLOOR CUSHION ELEPHANT CARNIVAL,718.14,69,35,8.95,1.0,1.0,0.014285714285714285
84581,DOG TOY WITH PINK CROCHET SKIRT,717.21,189,90,0.0,0.0,0.0,0.0
22026,BANQUET BIRTHDAY  CARD,717.12,1656,160,5.04,12.0,1.0,0.007194244604316547
21775,DECORATIVE FLORE BATHROOM BOTTLE,716.86,515,139,3.75,3.0,1.0,0.005791505791505791
22201,FRYING PAN BLUE POLKADOT,716.8,193,87,8.5,2.0,2.0,0.010256410256410256
23042,PAPER LANTERN 7 POINT SNOW STAR,711.51,103,28,66.5,10.0,1.0,0.08849557522123894
20866,BLUE ROSE FABRIC MIRROR,710.95,598,90,127.2,120.0,1.0,0.1671309192200557
84817,DANISH ROSE DECORATIVE PLATE,710.64,951,55,77.7,37.0,6.0,0.03744939271255061
21636,MADRAS NOTEBOOK MEDIUM,709.66,919,73,0.0,0.0,0.0,0.0
23070,EDWARDIAN HEART PHOTO FRAME,709.5400000000001,160,44,0.0,0.0,0.0,0.0
21143,ANTIQUE GLASS HEART DECORATION,709.18,328,36,3.9,2.0,2.0,0.006060606060606061
21739,COSY SLIPPER SHOES SMALL GREEN,708.98,256,111,0.0,0.0,0.0,0.0
21289,LARGE STRIPES CHOCOLATE GIFT BAG,708.75,567,49,25.0,20.0,2.0,0.034071550255536626
22514,CHILDS GARDEN SPADE BLUE,706.5500000000001,303,99,0.0,0.0,0.0,0.0
22981,PANTRY APPLE CORER,705.5799999999999,472,105,8.7,6.0,2.0,0.012552301255230125
21356,TOAST ITS - FAIRY FLOWER,704.55,643,151,0.0,0.0,0.0,0.0
16235,RECYCLED PENCIL WITH RABBIT ERASER,702.96,3104,168,0.21,1.0,1.0,0.00032206119162640903
21106,CREAM SLICE FLANNEL CHOCOLATE SPOT,702.51,237,53,0.0,0.0,0.0,0.0
79164,BLACK WINE GLASS,699.96,1672,19,4.949999999999999,3.0,1.0,0.001791044776119403
21476,STEEL SWEETHEART ROUND TABLE CREAM,699.63,41,24,0.0,0.0,0.0,0.0
21208,PASTEL COLOUR HONEYCOMB FAN,697.77,940,83,15.989999999999998,41.0,4.0,0.0417940876656473
20704,MR ROBOT SOFT TOY,697.7,216,44,27.8,4.0,1.0,0.01818181818181818
85049D,BRIGHT BLUES RIBBONS,697.49,549,107,0.0,0.0,0.0,0.0
85078,SCANDINAVIAN 3 HEARTS NAPKIN RING,696.8,1932,124,0.0,0.0,0.0,0.0
23120,PACK OF 6 SMALL FRUIT STRAWS,695.41,1716,100,30.240000000000002,72.0,2.0,0.040268456375838924
84707A,SILVER JEWELLED MIRROR TRINKET TRAY,695.23,95,45,0.0,0.0,0.0,0.0
23187,FRENCH STYLE STORAGE JAR BONBONS,695.06,2338,74,16.49,37.0,4.0,0.015578947368421053
21066,VINTAGE RED MUG,694.72,703,54,15.0,12.0,1.0,0.016783216783216783
84660C,PINK STITCHED WALL CLOCK,693.32,661,45,0.0,0.0,0.0,0.0
21650,ASSORTED TUTTI FRUTTI BRACELET,692.85,2550,132,4.5600000000000005,24.0,1.0,0.009324009324009324
16225,RATTLE SNAKE EGGS,691.85,815,102,0.0,0.0,0.0,0.0
35923,CANDY HEART HANGING DECORATION,690.52,1318,62,0.39,1.0,1.0,0.000758150113722517
21696,SMALL SILVER TRELLIS CANDLEPOT,690.1000000000001,230,33,35.400000000000006,12.0,1.0,0.049586776859504134
22403,MAGNETS PACK OF 4 VINTAGE LABELS,689.67,1323,125,15.0,12.0,2.0,0.008988764044943821
21317,GLASS SPHERE CANDLE STAND MEDIUM,689.53,112,34,4.95,1.0,1.0,0.008849557522123894
79066K,RETRO MOD TRAY,689.34,783,146,10.2,12.0,3.0,0.01509433962264151
85071B,RED CHARLIE+LOLA PERSONAL DOORSIGN,688.91,1301,125,5.9,2.0,1.0,0.0015349194167306216
22324,BLUE POLKADOT KIDS BAG,688.3,286,74,0.0,0.0,0.0,0.0
21629,SQUARE FLOOR CUSHION VINTAGE RED,687.95,73,42,0.0,0.0,0.0,0.0
20902,VINTAGE KEEPSAKE BOX PARIS DAYS,686.86,112,56,0.0,0.0,0.0,0.0
23597,PAPER BUNTING PAISLEY PARK,684.97,251,31,17.700000000000003,6.0,1.0,0.023346303501945526
21163,DO NOT TOUCH MY STUFF DOOR HANGER,684.62,1201,127,1.25,1.0,1.0,0.0008319467554076539
22339,CHRISTMAS TREE PAINTED ZINC,683.3100000000001,2468,83,16.93,31.0,2.0,0.012404961984793917
85019B,BLOSSOM  IMAGES NOTEBOOK SET,682.97,512,36,0.0,0.0,0.0,0.0
22062,CERAMIC BOWL WITH LOVE HEART DESIGN,682.01,588,73,4.9799999999999995,6.0,1.0,0.010101010101010102
35001G,HAND OPEN SHAPE GOLD,681.59,199,30,0.0,0.0,0.0,0.0
23325,RUSTIC STRAWBERRY JAM POT SMALL,681.54,426,32,29.699999999999996,18.0,3.0,0.04054054054054054
22136,LOVE HEART SOCK HANGER,680.93,379,84,1.45,1.0,1.0,0.002631578947368421
46776B,WOVEN BERRIES CUSHION COVER,679.67,161,88,0.0,0.0,0.0,0.0
21205,MULTICOLOUR 3D BALLS GARLAND,677.1899999999999,253,68,51.0,20.0,3.0,0.07326007326007326
22806,SET OF 6 T-LIGHTS WEDDING CAKE,677.0400000000001,260,38,0.0,0.0,0.0,0.0
84659A,WHITE TRAVEL ALARM CLOCK,676.27,280,89,2.55,1.0,1.0,0.0035587188612099642
23428,IVORY RETRO KITCHEN WALL CLOCK,675.91,77,33,16.3,2.0,1.0,0.02531645569620253
40001,WHITE BAMBOO RIBS LAMPSHADE,675.2299999999999,821,56,12.16,19.0,6.0,0.02261904761904762
22999,TRAVEL CARD WALLET RETRO PETALS,674.53,1545,105,1.26,3.0,2.0,0.001937984496124031
22267,EASTER DECORATION EGG BUNNY,673.17,836,83,0.0,0.0,0.0,0.0
21351,CINAMMON & ORANGE WREATH,672.88,104,34,47.25,7.0,2.0,0.06306306306306306
47591d,PINK FAIRY CAKE CHILDRENS APRON,672.24,134,56,0.0,0.0,0.0,0.0
21261,GREEN GOOSE FEATHER CHRISTMAS TREE,672.09,187,45,0.0,0.0,0.0,0.0
37475,SET/4 COLOURFUL MIXING BOWLS,671.93,71,43,0.0,0.0,0.0,0.0
84923,PINK BUTTERFLY HANDBAG W BOBBLES,671.62,162,98,0.0,0.0,0.0,0.0
22618,COOKING SET RETROSPOT,671.53,69,28,174.18,20.0,3.0,0.2247191011235955
22535,MAGIC DRAWING SLATE BUNNIES,671.01,1766,134,20.16,48.0,1.0,0.026460859977949284
22204,MILK PAN BLUE POLKADOT,669.54,197,79,18.75,5.0,2.0,0.024752475247524754
22057,CERAMIC PLATE STRAWBERRY DESIGN,667.92,584,61,71.52,48.0,4.0,0.0759493670886076
23024,LARGE BONNE JAM JAR  T-LIGHT HOLDER,667.8500000000001,255,11,4.98,2.0,1.0,0.007782101167315175
47574A,ENGLISH ROSE SCENTED HANGING FLOWER,665.95,549,114,1.5,2.0,1.0,0.003629764065335753
20767,BLUE PAISLEY JOURNAL,663.7099999999999,253,79,0.0,0.0,0.0,0.0
85199L,LARGE HANGING IVORY & RED WOOD BIRD,663.4300000000001,977,95,8.450000000000001,13.0,2.0,0.013131313131313131
21613,S/12 VANILLA  BOTANICAL T-LIGHTS,661.9300000000001,227,42,0.0,0.0,0.0,0.0
23547,WRAP FLOWER SHOP,661.5,1575,62,0.0,0.0,0.0,0.0
22450,SILK PURSE BABUSHKA BLUE,661.11,195,58,3.35,1.0,1.0,0.00510204081632653
23482,PEARLISED IVORY HEART LARGE,661.02,418,39,0.0,0.0,0.0,0.0
22615,PACK OF 12 CIRCUS PARADE TISSUES,660.7299999999999,2075,102,4.68,12.0,1.0,0.005749880210828941
18098C,PORCELAIN BUTTERFLY OIL BURNER,658.75,213,49,0.0,0.0,0.0,0.0
72349b,SET/6 PURPLE BUTTERFLY T-LIGHTS,658.51,159,82,0.0,0.0,0.0,0.0
22756,LARGE YELLOW BABUSHKA NOTEBOOK,656.52,599,123,0.0,0.0,0.0,0.0
22448,PIN CUSHION BABUSHKA RED,656.4300000000001,201,45,0.0,0.0,0.0,0.0
20658,RED RETROSPOT LUGGAGE TAG,653.36,434,105,15.0,12.0,1.0,0.026905829596412557
46776A,WOVEN BUBBLE GUM CUSHION COVER,651.95,155,70,0.0,0.0,0.0,0.0
21187,WHITE BELL HONEYCOMB PAPER GARLAND,651.75,371,48,0.0,0.0,0.0,0.0
23224,CHERUB HEART DECORATION GOLD,649.02,738,71,11.62,14.0,2.0,0.018617021276595744
22525,CHILDRENS GARDEN GLOVES PINK,648.97,489,74,0.0,0.0,0.0,0.0
22533,MAGIC DRAWING SLATE BAKE A CAKE,646.49,1787,88,10.08,24.0,1.0,0.013252346769740474
22715,CARD WEDDING DAY,645.64,1543,130,0.0,0.0,0.0,0.0
21747,SMALL SKULL WINDMILL,645.61,485,54,15.0,12.0,1.0,0.02414486921529175
22067,CHOC TRUFFLE GOLD TRINKET POT,645.2199999999999,412,70,9.1,6.0,3.0,0.014354066985645933
85177,BASKET OF FLOWERS SEWING KIT,645.06,813,63,0.85,1.0,1.0,0.0012285012285012285
23408,PHOTO FRAME LINEN AND LACE SMALL,644.8000000000001,310,59,29.12,14.0,3.0,0.043209876543209874
84789,ENCHANTED BIRD PLANT CAGE,644.47,187,48,0.0,0.0,0.0,0.0
21640,ASSORTED TUTTI FRUTTI  FOB NOTEBOOK,644.03,662,78,0.0,0.0,0.0,0.0
17021,NAMASTE SWAGAT INCENSE,643.14,2427,47,0.0,0.0,0.0,0.0
21808,"CHRISTMAS GARLAND STARS,TREES",641.58,181,48,0.0,0.0,0.0,0.0
22389,PAPERWEIGHT SAVE THE PLANET,641.55,338,45,210.0,100.0,1.0,0.228310502283105
21446,12 RED ROSE PEG PLACE SETTINGS,640.92,457,105,0.0,0.0,0.0,0.0
35810A,ENAMEL PINK COFFEE CONTAINER,640.92,634,75,0.0,0.0,0.0,0.0
84800L,LARGE WHITE/PINK ROSE ART FLOWER,639.36,360,22,40.56,24.0,1.0,0.0625
84929,ASSTD FRUIT+FLOWERS FRIDGE MAGNETS,637.5600000000001,2412,65,168.49,307.0,4.0,0.11290915777859507
85141,JARDIN ETCHED GLASS FRUITBOWL,635.74,124,39,40.55,9.0,3.0,0.06766917293233082
23492,VINTAGE JINGLE BELLS WREATH,635.38,76,28,0.0,0.0,0.0,0.0
23298,"BUNTING , SPOTTY",634.7,146,7,482.81,110.0,12.0,0.4296875
21054,NURSE'S BAG SOFT TOY,634.53,70,29,0.0,0.0,0.0,0.0
22396,MAGNETS PACK OF 4 RETRO PHOTO,634.43,1232,128,15.0,12.0,2.0,0.00964630225080386
84086C,PINK/PURPLE RETRO RADIO,634.07,222,53,0.0,0.0,0.0,0.0
21784,SHOE SHINE BOX,633.0699999999999,57,44,19.9,2.0,1.0,0.03389830508474576
20840,FRENCH FLORAL CUSHION COVER,632.3199999999999,533,74,10.2,12.0,1.0,0.022018348623853212
23453,OVAL  MINI PORTRAIT FRAME,631.5799999999999,324,47,0.0,0.0,0.0,0.0
23454,THREE MINI HANGING FRAMES,630.75,147,50,8.3,2.0,1.0,0.013422818791946308
23216,LAUREL HEART ANTIQUE GOLD,630.73,525,44,0.0,0.0,0.0,0.0
72232,FENG SHUI PILLAR CANDLE,630.23,3317,65,0.0,0.0,0.0,0.0
21417,COCKLE SHELL DISH,629.8000000000001,340,68,2.1,1.0,1.0,0.002932551319648094
84596L,BISCUITS SMALL BOWL LIGHT BLUE,629.8,1255,172,0.0,0.0,0.0,0.0
23019,SMALL APOTHECARY MEASURING JAR,629.0500000000001,81,28,0.0,0.0,0.0,0.0
20932,PINK POT PLANT CANDLE,628.7900000000001,204,35,29.5,10.0,2.0,0.04672897196261682
23027,DRAWER KNOB VINTAGE GLASS HEXAGON,627.95,295,30,0.0,0.0,0.0,0.0
23471,SIX DRAWER OFFICE TIDY,626.74,66,27,0.0,0.0,0.0,0.0
79163,BLACK CHAMPAGNE GLASS,626.55,1529,35,5.16,10.0,3.0,0.00649772579597141
22559,SEASIDE FLYING DISC,626.53,505,81,0.0,0.0,0.0,0.0
20735,BLACK MINI TAPE MEASURE,625.8,623,112,0.0,0.0,0.0,0.0
22194,BLACK DINER WALL CLOCK,625.6899999999999,66,44,17.0,2.0,1.0,0.029411764705882353
21865,PINK UNION JACK  PASSPORT COVER,625.23,274,106,0.0,0.0,0.0,0.0
84665,SQUARE CHERRY BLOSSOM CABINET,624.75,105,17,119.0,20.0,3.0,0.16
21426,WOODLAND STORAGE BOX SMALL,624.58,256,46,8.4,4.0,3.0,0.015384615384615385
22269,EGG CUP NATURAL CHICKEN,622.74,933,125,0.0,0.0,0.0,0.0
22035,VINTAGE CARAVAN GREETING CARD,622.36,1464,137,0.0,0.0,0.0,0.0
21684,SMALL MEDINA STAMPED METAL BOWL,622.3,783,47,0.0,0.0,0.0,0.0
22520,CHILDS GARDEN TROWEL BLUE,622.0999999999999,719,113,0.0,0.0,0.0,0.0
22129,PARTY CONES CANDY DECORATION,621.96,454,67,0.0,0.0,0.0,0.0
23425,STORAGE TIN HOME SWEET HOME,621.44,275,56,17.43,7.0,3.0,0.024822695035460994
20772,GARDEN PATH JOURNAL,621.1899999999999,247,65,2.55,1.0,1.0,0.004032258064516129
23180,MUM'S KITCHEN CLOCK,621.09,122,49,4.95,1.0,1.0,0.008130081300813009
22116,METAL SIGN HIS DINNER IS SERVED,620.42,575,148,10.2,12.0,1.0,0.020442930153321975
84637,KITCHEN FLOWER POTS WALL PLAQUE,619.59,116,83,0.0,0.0,0.0,0.0
21473,SWEETHEART CREAM STEEL TABLE RECT,618.66,27,21,0.0,0.0,0.0,0.0
23528,WALL ART SPACEBOY,618.59,173,37,0.0,0.0,0.0,0.0
22288,HANGING METAL RABBIT DECORATION,618.2,475,58,0.0,0.0,0.0,0.0
22953,BIRTHDAY PARTY CORDON BARRIER TAPE,617.11,478,97,0.0,0.0,0.0,0.0
21171,BATHROOM METAL SIGN,613.14,438,73,0.0,0.0,0.0,0.0
23018,LARGE APOTHECARY MEASURING JAR,612.1600000000001,51,21,0.0,0.0,0.0,0.0
22420,LIPSTICK PEN BABY PINK,611.72,1334,126,0.0,0.0,0.0,0.0
20893,HANGING BAUBLE T-LIGHT HOLDER SMALL,611.57,269,26,75.60000000000001,36.0,1.0,0.1180327868852459
20764,ABSTRACT CIRCLES SKETCHBOOK,610.8100000000001,144,76,0.0,0.0,0.0,0.0
22021,BLUE FELT EASTER EGG BASKET,610.4499999999999,365,71,0.0,0.0,0.0,0.0
22129,PARTY CONES CANDY TREE DECORATION,609.56,740,33,0.0,0.0,0.0,0.0
85036B,CHOCOLATE 1 WICK MORRIS BOX CANDLE,609.4300000000001,369,49,25.5,6.0,1.0,0.016
22515,CHILDS GARDEN SPADE PINK,608.95,266,84,4.2,2.0,1.0,0.007462686567164179
22359,GLASS JAR KINGS CHOICE,608.72,184,81,8.850000000000001,3.0,2.0,0.016042780748663103
85170C,SET/6 EAU DE NIL BIRD T-LIGHTS,608.53,335,72,0.0,0.0,0.0,0.0
22233,JIGSAW RABBIT AND BIRDHOUSE,607.7299999999999,597,105,33.589999999999996,21.0,4.0,0.03398058252427184
21769,VINTAGE POST OFFICE CABINET,607.6500000000001,11,2,0.0,0.0,0.0,0.0
21709,FOLDING UMBRELLA CHOCOLATE POLKADOT,607.23,133,59,0.0,0.0,0.0,0.0
72598,SET/12 TAPER CANDLES,605.89,607,93,0.0,0.0,0.0,0.0
22595,CHRISTMAS GINGHAM HEART,605.8,649,54,103.67999999999999,144.0,1.0,0.18158890290037832
22999,TRAVEL CARD WALLET VINTAGE LEAF,605.78,1415,117,1.26,3.0,2.0,0.0021156558533145277
84625A,PINK NEW BAROQUECANDLESTICK CANDLE,605.48,478,42,23.3,20.0,2.0,0.040160642570281124
22232,JIGSAW TOADSTOOLS 3 PIECE,604.4599999999999,690,83,54.72,64.0,5.0,0.08488063660477453
23520,EMBROIDERED RIBBON REEL RUBY,604.3,168,32,0.0,0.0,0.0,0.0
22255,FELT TOADSTOOL  SMALL,602.63,629,77,0.0,0.0,0.0,0.0
21159,MOODY BOY  DOOR HANGER,602.18,1127,124,0.0,0.0,0.0,0.0
35971,ROSE FOLKART HEART DECORATIONS,600.93,462,88,21.25,17.0,2.0,0.03549060542797495
21448,12 DAISY PEGS IN WOOD BOX,600.8699999999999,349,77,0.0,0.0,0.0,0.0
85017B,ENVELOPE 50 BLOSSOM IMAGES,600.29,1077,158,10.2,12.0,1.0,0.011019283746556474
21014,SWISS CHALET TREE DECORATION,598.8199999999999,1385,119,0.0,0.0,0.0,0.0
22266,EASTER DECORATION HANGING BUNNY,596.5,1888,92,0.0,0.0,0.0,0.0
22642,SET OF 4 NAPKIN CHARMS STARS,596.36,269,51,0.0,0.0,0.0,0.0
17012B,ORIGAMI JASMINE INCENSE/CANDLE SET,595.85,525,85,0.0,0.0,0.0,0.0
21292,SMALL STRIPES CHOCOLATE GIFT BAG,594.51,867,28,0.0,0.0,0.0,0.0
23377,PACK OF 12 DOLLY GIRL TISSUES,593.62,1354,133,3.12,8.0,1.0,0.005873715124816446
21253,SET OF PICTURE FRAME  STICKERS,593.37,135,62,0.0,0.0,0.0,0.0
22247,BUNNY DECORATION MAGIC GARDEN,593.14,670,113,0.0,0.0,0.0,0.0
21581,SKULLS  DESIGN  COTTON TOTE BAG,590.67,252,79,27.0,12.0,1.0,0.045454545454545456
21015,DARK BIRD HOUSE TREE DECORATION,590.13,1485,142,1.16,4.0,1.0,0.002686366689053056
22319,HAIRCLIPS FORTIES FABRIC ASSORTED,587.86,1346,61,3.9000000000000004,6.0,1.0,0.004437869822485207
23499,SET 12 VINTAGE DOILY CHALK,587.49,1315,110,0.0,0.0,0.0,0.0
85180B,PINK HEARTS LIGHT CHAIN,587.2,271,48,0.0,0.0,0.0,0.0
22096,PINK PAISLEY SQUARE TISSUE BOX,586.82,1373,117,2.34,6.0,1.0,0.00435097897026831
23565,EGG CUP MILKMAID HELGA,586.31,410,63,6.25,5.0,2.0,0.012048192771084338
84748,FOLK FELT HANGING MULTICOL GARLAND,585.86,208,61,0.0,0.0,0.0,0.0
21576,LETS GO SHOPPING COTTON TOTE BAG,585.34,252,78,0.0,0.0,0.0,0.0
22825,DECORATIVE PLANT POT WITH FRIEZE,584.37,73,28,13.5,2.0,1.0,0.02666666666666667
22703,PINK CAT BOWL,583.33,360,123,0.0,0.0,0.0,0.0
85071A,BLUE CHARLIE+LOLA PERSONAL DOORSIGN,583.23,1041,111,448.4,152.0,2.0,0.12740989103101424
85172,HYACINTH BULB T-LIGHT CANDLES,583.12,1346,43,34.02,81.0,2.0,0.056762438682550806
20832,RED FLOCK LOVE HEART PHOTO FRAME,582.03,1091,82,0.85,1.0,1.0,0.0009157509157509158
82001s,SILVER RECORD COVER FRAME,581.88,78,15,0.0,0.0,0.0,0.0
22785,SQUARECUSHION COVER PINK UNION JACK,581.23,173,42,0.0,0.0,0.0,0.0
21096,SET/6 FRUIT SALAD  PAPER PLATES,581.09,1259,105,0.0,0.0,0.0,0.0
85136A,YELLOW SHARK HELICOPTER,580.36,72,53,0.0,0.0,0.0,0.0
85144,JARDIN ETCHED GLASS CHEESE DISH,579.35,221,40,0.0,0.0,0.0,0.0
20702,PINK PADDED MOBILE,577.79,135,42,0.0,0.0,0.0,0.0
23324,RUSTIC STRAWBERRY JAM POT LARGE,577.48,279,38,67.51,35.0,2.0,0.11146496815286625
22260,FELT EGG COSY BLUE RABBIT,577.4399999999999,552,104,3.4,4.0,1.0,0.007194244604316547
84352,SILVER CHRISTMAS TREE BAUBLE STAND,577.35,34,23,67.8,4.0,3.0,0.10526315789473684
21264,WHITE GOOSE FEATHER TREE 60CM,575.55,285,48,15.6,8.0,2.0,0.027303754266211604
22820,GIFT BAG BIRTHDAY,575.4200000000001,940,77,1.3,2.0,1.0,0.0021231422505307855
23016,GLASS TWIST BON BON JAR,575.25,74,24,19.950000000000003,3.0,1.0,0.03896103896103896
23125,6PC WOOD PLATE SET DISPOSABLE,574.88,459,38,0.0,0.0,0.0,0.0
22337,ANGEL DECORATION PAINTED ZINC,574.5400000000001,912,77,0.0,0.0,0.0,0.0
21675,BUTTERFLIES STICKERS,573.36,634,110,10.2,12.0,1.0,0.018575851393188854
21468,BUTTERFLY CROCHET FOOD COVER,572.23,148,66,0.0,0.0,0.0,0.0
21277,FRENCH STYLE EMBOSSED HEART CABINET,571.43,26,22,43.9,2.0,2.0,0.07142857142857142
85130D,BEADED CRYSTAL HEART PINK LARGE,569.29,565,62,0.0,0.0,0.0,0.0
21251,DINOSAUR HEIGHT CHART STICKER SET,568.98,182,46,0.0,0.0,0.0,0.0
23069,EDWARDIAN PHOTO FRAME,568.71,90,32,0.0,0.0,0.0,0.0
85161,ACRYLIC GEOMETRIC LAMP,568.65,35,20,0.0,0.0,0.0,0.0
23219,LAUREL STAR ANTIQUE SILVER,568.6,430,61,0.0,0.0,0.0,0.0
84796A,PINK HAWAIIAN PICNIC HAMPER FOR 2,568.13,61,43,0.0,0.0,0.0,0.0
23381,PACK OF 12 VINTAGE LEAF TISSUES,567.9499999999999,1509,80,0.0,0.0,0.0,0.0
21899,GARAGE KEY FOB,567.76,780,147,27.950000000000003,43.0,4.0,0.05224787363304982
23413,VINTAGE COFFEE GRINDER BOX,566.1800000000001,110,30,49.800000000000004,12.0,1.0,0.09836065573770492
21488,RED WHITE SCARF  HOT WATER BOTTLE,566.1700000000001,69,16,0.0,0.0,0.0,0.0
22482,BLUE TEA TOWEL CLASSIC DESIGN,565.86,478,53,0.0,0.0,0.0,0.0
22272,FELTCRAFT DOLL MARIA,564.9200000000001,196,48,2.95,1.0,1.0,0.005076142131979695
85019A,ROMANTIC IMAGES NOTEBOOK SET,564.35,414,33,0.0,0.0,0.0,0.0
23272,TREE T-LIGHT HOLDER WILLIE WINKIE,562.2199999999999,364,44,0.0,0.0,0.0,0.0
84569D,PACK 6 HEART/ICE-CREAM PATCHES,561.87,468,98,0.0,0.0,0.0,0.0
21219,SET/4 BADGES BALLOON GIRL,561.84,448,89,0.0,0.0,0.0,0.0
85032D,YULETIDE IMAGES GIFT WRAP SET,561.34,687,93,7.800000000000001,12.0,1.0,0.017167381974248927
71279,PINK GLASS CANDLEHOLDER,561.32,176,38,14.75,5.0,4.0,0.027624309392265192
22286,"DECORATION , WOBBLY RABBIT , METAL",560.93,319,48,0.0,0.0,0.0,0.0
84912A,PINK ROSE WASHBAG,560.62,156,74,0.0,0.0,0.0,0.0
85016,SET OF 6 VINTAGE NOTELETS KIT,560.11,563,42,0.0,0.0,0.0,0.0
85163A,WHITE BAROQUE WALL CLOCK,559.0,66,32,0.0,0.0,0.0,0.0
21849,SILVER DIAMANTE PEN IN GIFT BOX,558.83,175,66,0.0,0.0,0.0,0.0
85025B,EAU DE NILE HEART SHAPE PHOTO FRAME,558.42,331,38,1.65,1.0,1.0,0.0030120481927710845
23451,SQUARE MINI PORTRAIT FRAME,558.12,278,52,0.0,0.0,0.0,0.0
21194,PINK  HONEYCOMB PAPER FAN,558.07,499,65,6.5,10.0,3.0,0.019646365422396856
90062,CARNIVAL BRACELET,558.03,44,26,12.75,1.0,1.0,0.022222222222222223
21662,VINTAGE GLASS COFFEE CADDY,557.3000000000001,86,26,0.0,0.0,0.0,0.0
85187,S/12 MINI RABBIT EASTER,556.53,337,69,0.0,0.0,0.0,0.0
23074,EMBOSSED HEART TRINKET BOX,555.59,250,48,12.48,6.0,1.0,0.0234375
84951B,SET OF 4 BLACK LOVEBIRD COASTERS,554.78,451,82,0.0,0.0,0.0,0.0
85184C,SET 4 VALENTINE DECOUPAGE HEART BOX,554.6,172,62,0.0,0.0,0.0,0.0
17129F,BLUE GLASS GEMS IN BAG,553.8299999999999,588,57,1.7,2.0,1.0,0.003389830508474576
84951A,SET OF 4 PISTACHIO LOVEBIRD COASTER,553.8,476,93,18.96,24.0,1.0,0.048
79030G,TUMBLER NEW ENGLAND,553.53,1267,53,0.0,0.0,0.0,0.0
35599D,PINK AND WHITE CHRISTMAS TREE 120CM,553.07,201,34,0.0,0.0,0.0,0.0
23473,WOODLAND SMALL RED FELT HEART,552.85,679,51,0.0,0.0,0.0,0.0
47563A,RETRO LONGBOARD IRONING BOARD COVER,552.76,286,105,5.0,4.0,1.0,0.013793103448275862
21638,ASSORTED TUTTI FRUTTI NOTEBOOK,551.96,249,40,0.0,0.0,0.0,0.0
35965,FOLKART HEART NAPKIN RINGS,551.13,366,69,18.96,24.0,1.0,0.06153846153846154
35599B,BLACK CHRISTMAS TREE 120CM,551.13,217,27,0.0,0.0,0.0,0.0
17012D,ORIGAMI ROSE INCENSE/CANDLE SET,550.64,463,97,0.0,0.0,0.0,0.0
22903,CALENDAR FAMILY FAVOURITES,550.6,193,59,0.0,0.0,0.0,0.0
21397,BLUE POLKADOT EGG CUP,550.43,1075,65,0.0,0.0,0.0,0.0
23456,MEDIUM PARLOUR PICTURE FRAME,550.0,136,34,8.3,2.0,1.0,0.014492753623188406
22261,FELT EGG COSY WHITE RABBIT,549.81,585,107,3.4,4.0,1.0,0.006791171477079796
22584,PACK OF 6 PANETTONE GIFT BOXES,548.63,233,18,38.24999999999999,15.0,2.0,0.06048387096774194
23549,WRAP BIRD GARDEN,548.1,1305,52,0.0,0.0,0.0,0.0
21128,GOLD FISHING GNOME,546.6,68,36,0.0,0.0,0.0,0.0
85107,CUT GLASS T-LIGHT HOLDER OCTAGON,546.49,251,27,0.0,0.0,0.0,0.0
84598,BOYS ALPHABET IRON ON PATCHES,546.04,1975,99,60.48,288.0,1.0,0.12726469288555015
22023,EMPIRE BIRTHDAY CARD,543.76,1218,146,5.04,12.0,1.0,0.00975609756097561
22513,DOORSTOP FOOTBALL DESIGN,543.65,153,67,0.0,0.0,0.0,0.0
23398,HANGING HEART BONHEUR,538.75,610,69,0.85,1.0,1.0,0.0016366612111292963
22496,SET OF 2 ROUND TINS DUTCH CHEESE,538.0600000000001,254,79,11.8,4.0,1.0,0.015503875968992248
84625C,BLUE NEW BAROQUE CANDLESTICK CANDLE,536.41,449,35,41.65,49.0,5.0,0.09839357429718876
22717,CARD DOG AND BALL,535.78,1229,131,0.0,0.0,0.0,0.0
82613D,METAL SIGN CUPCAKE SINGLE HOOK,535.49,697,111,8.4,20.0,1.0,0.02789400278940028
85088,CANDY SPOT HAND BAG,534.83,259,51,4.2,2.0,1.0,0.007662835249042145
85114c,RED ENCHANTED FOREST PLACEMAT,534.66,162,35,0.0,0.0,0.0,0.0
23660,HENRIETTA HEN MUG,534.66,306,42,26.4,16.0,4.0,0.049689440993788817
22521,CHILDS GARDEN TROWEL PINK,533.16,618,104,0.0,0.0,0.0,0.0
22543,MINI JIGSAW BAKE A CAKE,531.64,1455,55,0.0,0.0,0.0,0.0
17012F,ORIGAMI SANDLEWOOD INCENSE/CAND SET,530.6,448,94,0.0,0.0,0.0,0.0
35241,ENAMEL BLUE RIM BISCUIT BIN,530.49,103,44,0.0,0.0,0.0,0.0
21801,CHRISTMAS TREE DECORATION WITH BELL,530.26,1251,125,15.12,36.0,1.0,0.027972027972027972
21270,ANTIQUE CREAM CUTLERY CUPBOARD,530.19,50,36,0.0,0.0,0.0,0.0
23139,SINGLE WIRE HOOK PINK HEART,530.15,415,27,17.4,12.0,1.0,0.02810304449648712
75131,METAL TUBE CHIME ON BAMBOO,529.21,490,15,0.0,0.0,0.0,0.0
22709,WRAP WEDDING DAY,528.5,1325,39,0.0,0.0,0.0,0.0
21059,PARTY INVITES DINOSAURS,528.2299999999999,611,94,10.2,12.0,1.0,0.019261637239165328
23060,HEART BEADED TRELLIS DECORATION,528.1700000000001,249,42,0.0,0.0,0.0,0.0
22707,WRAP MONSTER FUN,527.94,1257,49,0.0,0.0,0.0,0.0
22275,WEEKEND BAG VINTAGE ROSE PAISLEY,527.85,69,1,0.0,0.0,0.0,0.0
22248,DECORATION  PINK CHICK MAGIC GARDEN,525.9399999999999,594,109,17.0,20.0,2.0,0.03257328990228013
85104,SILVER GLASS T-LIGHT SET,525.75,201,17,8.850000000000001,3.0,1.0,0.014705882352941176
85135B,BLUE DRAGONFLY HELICOPTER,524.5500000000001,65,45,7.95,1.0,1.0,0.015151515151515152
20785,FUSCHIA RETRO BAR STOOL,523.3000000000001,14,5,0.0,0.0,0.0,0.0
22861,EASTER TIN CHICKS IN GARDEN,522.93,305,50,0.0,0.0,0.0,0.0
85025C,PINK HEART SHAPE PHOTO FRAME,522.56,322,39,1.65,1.0,1.0,0.0030959752321981426
23537,WALL ART I LOVE LONDON,521.73,99,32,0.0,0.0,0.0,0.0
23336,EGG FRYING PAN PINK,521.33,226,85,0.0,0.0,0.0,0.0
85131B,BEADED CRYSTAL HEART GREEN ON STICK,521.11,623,172,0.0,0.0,0.0,0.0
84816,DANISH ROSE BEDSIDE CABINET,519.35,13,10,239.70000000000002,6.0,5.0,0.3157894736842105
84313B,BLUE TV TRAY TABLE,518.61,127,39,0.0,0.0,0.0,0.0
20761,BLUE PAISLEY SKETCHBOOK,517.22,123,63,0.0,0.0,0.0,0.0
21455,PAINTED YELLOW WOODEN DAISY,516.79,612,117,11.049999999999999,13.0,1.0,0.0208
21711,FOLDING UMBRELLA WHITE/RED POLKADOT,513.02,104,36,0.0,0.0,0.0,0.0
22216,T-LIGHT HOLDER WHITE LACE,512.93,588,68,0.0,0.0,0.0,0.0
23136,IVORY WIRE SWEETHEART LETTER TRAY,511.89,135,49,0.0,0.0,0.0,0.0
22280,POCKET BAG PINK PAISELY BROWN SPOT,510.84,469,95,0.0,0.0,0.0,0.0
21926,RED/CREAM STRIPE CUSHION COVER,509.9,414,60,17.5,14.0,2.0,0.03271028037383177
21654,RIDGED GLASS FINGER BOWL,509.36,986,59,0.0,0.0,0.0,0.0
72819,CUPID DESIGN SCENTED CANDLES,509.07,225,43,0.0,0.0,0.0,0.0
84520B,PACK 20 ENGLISH ROSE PAPER NAPKINS,508.36999999999995,554,80,0.0,0.0,0.0,0.0
23527,WALL ART ANIMALS AND NATURE,508.34000000000003,154,31,26.25,7.0,2.0,0.043478260869565216
20681,PINK POLKADOT CHILDRENS UMBRELLA,506.96,140,46,6.5,2.0,2.0,0.014084507042253521
21067,VINTAGE RED TEATIME MUG,506.65,319,76,29.380000000000003,27.0,3.0,0.07803468208092486
22785,SQUARECUSHION COVER PINK UNION FLAG,506.34000000000003,72,32,0.0,0.0,0.0,0.0
23043,PAPER LANTERN 9 POINT HOLLY STAR L,506.01,75,20,0.0,0.0,0.0,0.0
82616B,FRAPPUCINO SCARF KNITTING KIT,505.69,344,73,11.25,9.0,1.0,0.025495750708215296
20998,ROSE DU SUD OVEN GLOVE,505.20000000000005,185,69,0.0,0.0,0.0,0.0
23021,GLASS BONNE JAM JAR,504.97,121,27,0.0,0.0,0.0,0.0
22127,PARTY CONES CARNIVAL ASSORTED,504.88,404,22,0.0,0.0,0.0,0.0
22286,DECORATION WOBBLY RABBIT METAL,504.46,830,67,0.0,0.0,0.0,0.0
84687,BEACH HUT SHELF W 3 DRAWERS,504.43,81,31,23.8,4.0,3.0,0.047058823529411764
84616,SILVER ROCCOCO CHANDELIER,504.32,14,9,89.85,3.0,2.0,0.17647058823529413
21925,UNION STRIPE CUSHION COVER,503.75,403,65,7.5,6.0,4.0,0.014669926650366748
84509C,SET OF 4 POLKADOT PLACEMATS,502.69,131,51,0.0,0.0,0.0,0.0
23560,SET OF 6 RIBBONS COUNTRY STYLE,502.07000000000005,173,26,0.0,0.0,0.0,0.0
21710,FOLDING UMBRELLA PINKWHITE POLKADOT,501.98,107,45,0.0,0.0,0.0,0.0
82613B,"METAL SIGN,CUPCAKE SINGLE HOOK",501.49,584,111,8.4,20.0,1.0,0.033112582781456956
82616C,MIDNIGHT GLAMOUR SCARF KNITTING KIT,501.44,324,85,3.75,3.0,1.0,0.009174311926605505
85231G,ORANGE SCENTED SET/9 T-LIGHTS,501.27,594,81,8.5,10.0,1.0,0.016556291390728478
23117,POPPY FIELDS CHOPPING BOARD,501.23,93,45,4.95,1.0,1.0,0.010638297872340425
20766,GARDEN PATH SKETCHBOOK,501.07,124,57,0.0,0.0,0.0,0.0
22181,SNOWSTORM PHOTO FRAME FRIDGE MAGNET,500.90999999999997,591,57,22.95,27.0,2.0,0.043689320388349516
21972,SET OF 36 DINOSAUR PAPER DOILIES,499.08,335,65,2.9,2.0,2.0,0.005934718100890208
22050,PINK PAISLEY ROSE GIFT WRAP,498.5,1225,40,10.5,25.0,1.0,0.02
22516,CHILDS GARDEN RAKE BLUE,496.99,207,62,0.0,0.0,0.0,0.0
84970s,HANGING HEART ZINC T-LIGHT HOLDER,496.49,238,66,0.0,0.0,0.0,0.0
22511,RETROSPOT BABUSHKA DOORSTOP,495.2,251,54,3.75,1.0,1.0,0.003968253968253968
21358,TOAST ITS - HAPPY BIRTHDAY,494.54,412,108,0.0,0.0,0.0,0.0
21850,BLUE  DIAMANTE PEN IN GIFT BOX,493.08,130,54,153.0,36.0,1.0,0.21686746987951808
35598D,PINK/WHITE CHRISTMAS TREE 60CM,493.01,684,42,0.65,1.0,1.0,0.00145985401459854
46776C,WOVEN FROST CUSHION COVER,492.79,117,59,0.0,0.0,0.0,0.0
21632,VINTAGE PINK DECORATIVE PARASOL,489.74,88,24,0.0,0.0,0.0,0.0
85194S,HANGING SPRING FLOWER EGG SMALL,489.17,1197,72,18.39,29.0,3.0,0.02365415986949429
35809A,ENAMEL PINK TEA CONTAINER,488.89,421,62,0.0,0.0,0.0,0.0
21202,DOLLY HONEYCOMB GARLAND,487.11,475,25,0.0,0.0,0.0,0.0
21867,PINK UNION JACK  LUGGAGE TAG,486.5,353,121,0.0,0.0,0.0,0.0
21454,PAINTED PINK RABBIT,486.01,573,136,0.0,0.0,0.0,0.0
84820,DANISH ROSE TRINKET TRAYS,484.63,261,31,23.8,4.0,1.0,0.01509433962264151
17012C,ORIGAMI LAVENDER INCENSE/CANDL SET,484.34999999999997,421,85,0.0,0.0,0.0,0.0
23218,LAUREL STAR ANTIQUE GOLD,483.03,379,40,0.0,0.0,0.0,0.0
21634,ASSORTED MINI MADRAS NOTEBOOK,481.95,976,28,0.0,0.0,0.0,0.0
22638,SET OF 4 NAPKIN CHARMS CROWNS,481.88,300,52,2.55,1.0,1.0,0.0033222591362126247
22230,JIGSAW TREE WITH WATERING CAN,480.91999999999996,1048,101,13.53,16.0,4.0,0.015037593984962405
21587,COSY HOUR GIANT TUBE MATCHES,480.75,197,26,0.0,0.0,0.0,0.0
90209C,PINK ENAMEL+GLASS HAIR COMB,480.5,263,31,6.300000000000001,3.0,1.0,0.011278195488721804
21741,COSY SLIPPER SHOES LARGE GREEN,480.1700000000001,147,40,0.0,0.0,0.0,0.0
21507,ELEPHANT BIRTHDAY CARD,479.82,1122,95,10.08,24.0,2.0,0.020942408376963352
23169,CLASSIC GLASS SWEET JAR,479.45000000000005,119,14,379.15000000000003,93.0,34.0,0.4386792452830189
84849B,FAIRY SOAP SOAP HOLDER,478.83,266,76,1.69,1.0,1.0,0.003745318352059925
20803,SMALL PINK GLASS SUNDAE DISH,478.72,945,40,28.56,68.0,2.0,0.06712734452122408
23422,PANTRY HOOK BALLOON WHISK,477.89,213,47,0.0,0.0,0.0,0.0
85049F,BABY BOOM RIBBONS,477.34,378,88,0.0,0.0,0.0,0.0
21472,LADYBIRD + BEE RAFFIA FOOD COVER,476.41,123,37,0.0,0.0,0.0,0.0
23561,SET OF 6 RIBBONS PARTY,476.0,170,16,0.0,0.0,0.0,0.0
85093,CANDY SPOT EGG WARMER HARE,475.18,708,88,0.0,0.0,0.0,0.0
22184,CAKE STAND VICTORIAN FILIGREE LARGE,471.86,56,35,17.0,2.0,2.0,0.034482758620689655
21366,MIRRORED WALL ART PHOTO FRAMES,470.16999999999996,89,46,0.0,0.0,0.0,0.0
84674,FLYING PIG WATERING CAN,469.90000000000003,194,47,11.8,4.0,1.0,0.020202020202020204
23521,WALL ART CAT AND BIRD,469.73,143,40,0.0,0.0,0.0,0.0
20716,PARTY FOOD SHOPPER BAG,469.63,400,73,0.0,0.0,0.0,0.0
20707,CRAZY DAISY HEART DECORATION,468.39,464,149,1.25,1.0,1.0,0.002150537634408602
20615,BLUE POLKADOT PASSPORT COVER,466.99,309,95,0.0,0.0,0.0,0.0
20831,GOLD PHOTO FRAME,466.53000000000003,216,39,0.0,0.0,0.0,0.0
84917,WHITE HAND TOWEL WITH BUTTERFLY,466.3,184,27,0.0,0.0,0.0,0.0
22647,CERAMIC LOVE HEART MONEY BANK,466.18,732,45,17.4,12.0,1.0,0.016129032258064516
23379,PACK OF 12 RED APPLE TISSUES,465.36,1220,76,0.0,0.0,0.0,0.0
21374,MIRRORED WALL ART SKULLS,463.79,304,46,0.0,0.0,0.0,0.0
23455,SMALL PARLOUR PICTURE FRAME,462.45,165,33,0.0,0.0,0.0,0.0
22517,CHILDS GARDEN RAKE PINK,462.33000000000004,206,69,0.0,0.0,0.0,0.0
20838,FRENCH LATTICE CUSHION COVER,461.45,385,57,10.2,12.0,1.0,0.030226700251889168
35598B,BLACK CHRISTMAS TREE 60CM,460.64,558,25,0.0,0.0,0.0,0.0
21003,ROSE DU SUD CUSHION COVER,460.58,78,46,0.0,0.0,0.0,0.0
23691,WRAP KEEP CALM BIRTHDAY,460.5,1125,36,0.0,0.0,0.0,0.0
22344,PARTY PIZZA DISH PINK POLKADOT,460.38,1228,76,0.0,0.0,0.0,0.0
21063,PARTY INVITES JAZZ HEARTS,458.31,528,102,0.0,0.0,0.0,0.0
21062,PARTY INVITES SPACEMAN,458.22999999999996,539,74,0.0,0.0,0.0,0.0
23023,RIDGED BONNE JAM JAR T-LIGHT HOLDER,457.61999999999995,286,25,3.3,2.0,1.0,0.006944444444444444
21220,SET/4 BADGES DOGS,457.51,348,89,0.0,0.0,0.0,0.0
23045,PAPER LANTERN 5 POINT STAR MOON,456.48,108,20,83.0,20.0,1.0,0.15625
17096,ASSORTED LAQUERED INCENSE HOLDERS,455.9800000000001,2545,24,0.0,0.0,0.0,0.0
21851,LILAC DIAMANTE PEN IN GIFT BOX,454.99,141,63,0.0,0.0,0.0,0.0
35004G,SET OF 3 GOLD FLYING DUCKS,454.65,127,21,3.9,2.0,1.0,0.015503875968992248
22268,EASTER DECORATION SITTING BUNNY,454.5,531,75,8.26,40.0,2.0,0.07005253940455342
21415,CLAM SHELL SMALL,454.42,223,46,0.0,0.0,0.0,0.0
84920,PINK FLOWER FABRIC PONY,453.73,117,48,0.0,0.0,0.0,0.0
84916,HAND TOWEL PALE BLUE W FLOWERS,453.39,223,29,0.0,0.0,0.0,0.0
85169C,EAU DE NIL LOVE BIRD CANDLE,452.86,429,46,15.0,12.0,1.0,0.027210884353741496
23509,MINI PLAYING CARDS FUN FAIR,452.72,1065,65,0.0,0.0,0.0,0.0
22813,PACK 3 BOXES BIRD PANETTONE,451.84,204,31,0.0,0.0,0.0,0.0
21061,PARTY INVITES FOOTBALL,451.7,488,83,0.0,0.0,0.0,0.0
21641,ASSORTED TUTTI FRUTTI KEYRING BALL,451.59,1153,49,0.0,0.0,0.0,0.0
23548,WRAP MAGIC FOREST,451.5,1075,43,0.0,0.0,0.0,0.0
48189,DOORMAT FRIENDSHIP,451.10999999999996,27,17,0.0,0.0,0.0,0.0
84872A,TEATIME FUNKY FLOWER BACKPACK FOR 2,450.08,40,32,0.0,0.0,0.0,0.0
20770,ABSTRACT CIRCLE JOURNAL,449.8,185,72,0.0,0.0,0.0,0.0
22640,SET OF 4 NAPKIN CHARMS 3 KEYS,449.39,238,57,0.0,0.0,0.0,0.0
22598,CHRISTMAS MUSICAL ZINC TREE,447.35999999999996,994,95,5.1,6.0,1.0,0.006
20669,RED HEART LUGGAGE TAG,447.34,304,96,0.0,0.0,0.0,0.0
21365,MIRRORED WALL ART STARS,447.09000000000003,363,52,0.0,0.0,0.0,0.0
84600,NEW BAROQUE JEWELLERY BOX,446.89,53,25,7.95,1.0,1.0,0.018518518518518517
22486,PLASMATRONIC LAMP,446.45,71,25,76.5,6.0,3.0,0.07792207792207792
84976,RECTANGULAR SHAPED MIRROR,446.15000000000003,512,37,11.06,14.0,2.0,0.026615969581749048
22390,PAPERWEIGHT CHILDHOOD MEMORIES,445.44,268,36,0.0,0.0,0.0,0.0
22643,SET OF 4 NAPKIN CHARMS LEAVES,445.16999999999996,240,48,0.0,0.0,0.0,0.0
82613C,"METAL SIGN,CUPCAKE SINGLE HOOK",444.63,538,96,8.4,20.0,1.0,0.035842293906810034
21656,RIDGED GLASS POSY VASE,444.58,219,47,0.0,0.0,0.0,0.0
21580,RABBIT  DESIGN  COTTON TOTE BAG,444.07,181,62,0.0,0.0,0.0,0.0
20903,VINTAGE KEEPSAKE BOX TRAVELOGUE,441.89,82,56,0.0,0.0,0.0,0.0
20768,GREEN FERN JOURNAL,441.12,177,55,0.0,0.0,0.0,0.0
85111,SILVER GLITTER FLOWER VOTIVE HOLDER,441.07,1421,57,0.0,0.0,0.0,0.0
35637A,IVORY STRING CURTAIN WITH POLE,440.62,170,28,0.0,0.0,0.0,0.0
20619,TROPICAL PASSPORT COVER,439.65,262,99,0.0,0.0,0.0,0.0
21828,EIGHT PIECE SNAKE  SET,439.54,333,84,0.0,0.0,0.0,0.0
85130C,BEADED CRYSTAL HEART BLUE  LARGE,438.87,483,46,0.0,0.0,0.0,0.0
22545,MINI JIGSAW BUNNIES,436.09,1143,75,0.42,1.0,1.0,0.0008741258741258741
84360,TABLE LAMP WHITE SHADE WOOD BASE,434.12,78,20,0.0,0.0,0.0,0.0
35653,VINTAGE BEAD NOTEBOOK,433.19,150,52,0.0,0.0,0.0,0.0
85168B,BLACK BAROQUE CARRIAGE CLOCK,432.78999999999996,51,35,0.0,0.0,0.0,0.0
22229,BUNNY WOODEN PAINTED WITH FLOWER,432.46,568,101,1.7,2.0,1.0,0.0035087719298245615
23457,LARGE PARLOUR PICTURE FRAME,431.98,86,29,0.0,0.0,0.0,0.0
84931B,BLUE SCOTTIE DOG W FLOWER PATTERN,431.72999999999996,180,49,7.6499999999999995,3.0,1.0,0.01639344262295082
23058,CHRISTMAS HANGING SNOWFLAKE,430.86,490,48,0.0,0.0,0.0,0.0
20705,MRS ROBOT SOFT TOY,428.85,143,28,1.95,1.0,1.0,0.006944444444444444
21002,ROSE DU SUD DRAWSTRING BAG,428.66,125,66,0.0,0.0,0.0,0.0
21088,SET/6 FRUIT SALAD PAPER CUPS,428.28000000000003,1678,103,2.2800000000000002,12.0,1.0,0.007100591715976331
77101A,UNION FLAG WINDSOCK,428.19,388,22,0.0,0.0,0.0,0.0
85071C,"CHARLIE+LOLA""EXTREMELY BUSY"" SIGN",428.0,683,105,0.0,0.0,0.0,0.0
21758,VINTAGE SHELLS PRINT,427.46000000000004,50,32,0.0,0.0,0.0,0.0
84658,WHITE STITCHED CUSHION COVER,426.13,59,22,0.0,0.0,0.0,0.0
23522,DOG AND BALL WALL ART,425.87999999999994,252,4,0.0,0.0,0.0,0.0
21318,GLASS CHALICE BLUE SMALL,425.08,696,49,16.71,17.0,5.0,0.023842917251051893
20934,SET/3 POT PLANT CANDLES,424.46000000000004,68,32,75.30000000000001,14.0,4.0,0.17073170731707318
72799F,IVORY PILLAR CANDLE GOLD FLOCK,424.08000000000004,145,30,0.0,0.0,0.0,0.0
20765,CHRYSANTHEMUM SKETCHBOOK,423.55,104,59,0.0,0.0,0.0,0.0
90200E,GREEN SWEETHEART BRACELET,423.41,103,44,0.0,0.0,0.0,0.0
90154,LAZER CUT NECKLACE W PASTEL BEADS,421.75,57,5,0.0,0.0,0.0,0.0
85136C,RED SHARK HELICOPTER,421.18,52,36,0.0,0.0,0.0,0.0
20762,GREEN FERN SKETCHBOOK,420.08,106,56,0.0,0.0,0.0,0.0
22051,BLUE SCANDINAVIAN PAISLEY WRAP,420.0,1000,39,0.0,0.0,0.0,0.0
21129,SILVER FISHING GNOME,419.52000000000004,52,27,13.9,2.0,1.0,0.037037037037037035
85208,SET/12 FUNKY FELT FLOWER PEG IN BAG,419.01000000000005,224,48,0.0,0.0,0.0,0.0
84970l,SINGLE HEART ZINC T-LIGHT HOLDER,418.98,201,50,0.0,0.0,0.0,0.0
90114,SUMMER DAISIES BAG CHARM,417.96,167,88,0.0,0.0,0.0,0.0
22405,MONEY BOX POCKET MONEY DESIGN,417.86,374,70,1.06,1.0,1.0,0.0026666666666666666
84821,DANISH ROSE DELUXE COASTER,417.34999999999997,947,40,10.2,12.0,1.0,0.01251303441084463
22214,CANDLE PLATE LACE WHITE,416.59999999999997,193,56,0.0,0.0,0.0,0.0
21147,JINGLE BELLS TREE DECORATION,415.77,203,76,0.0,0.0,0.0,0.0
22108,PING! MICROWAVE PLATE,415.09000000000003,152,63,0.0,0.0,0.0,0.0
21817,GLITTER CHRISTMAS TREE,414.63,912,58,0.0,0.0,0.0,0.0
21579,LOLITA  DESIGN  COTTON TOTE BAG,414.22,178,50,22.5,10.0,3.0,0.05319148936170213
21285,RETROSPOT CANDLE  MEDIUM,413.88,365,43,15.600000000000001,24.0,1.0,0.061696658097686374
21884,CAKES AND BOWS GIFT  TAPE,413.76,1166,93,0.0,0.0,0.0,0.0
90161C,ANT COPPER LIME BOUDICCA BRACELET,412.74,83,50,0.0,0.0,0.0,0.0
23459,DOLLY CABINET 2 DRAWERS,412.5,33,19,37.5,3.0,2.0,0.08333333333333333
15056p,EDWARDIAN PARASOL PINK,412.48,33,26,0.0,0.0,0.0,0.0
23415,HOME SWEET HOME HOOK,412.17999999999995,328,47,8.25,5.0,1.0,0.015015015015015015
84596E,SMALL LICORICE DES PINK BOWL,412.1,565,79,0.0,0.0,0.0,0.0
84806B,WHITE CANDYSTUFT ARTIFICIAL FLOWER,411.55999999999995,308,20,0.0,0.0,0.0,0.0
22447,PIN CUSHION BABUSHKA BLUE,410.81,137,45,0.0,0.0,0.0,0.0
20830,SILVER PHOTO FRAME,409.83,136,37,2.1,1.0,1.0,0.0072992700729927005
85203,HANGING WOOD AND FELT BUTTERFLY,409.41,896,127,0.0,0.0,0.0,0.0
16219,HOUSE SHAPE PENCIL SHARPENER,407.71999999999997,3048,100,2.88,48.0,1.0,0.015503875968992248
22510,GINGHAM BABUSHKA DOORSTOP,406.49,211,42,0.0,0.0,0.0,0.0
35964,FOLKART CLIP ON STARS,405.25,786,100,0.0,0.0,0.0,0.0
23339,EGG FRYING PAN BLUE,405.0,175,76,0.0,0.0,0.0,0.0
22406,MONEY BOX KINGS CHOICE DESIGN,403.46,346,84,1.25,1.0,1.0,0.002881844380403458
22134,MINI LADLE LOVE HEART RED,401.59999999999997,866,153,0.0,0.0,0.0,0.0
22287,"DECORATION , WOBBLY CHICKEN, METAL",401.0199999999999,236,35,4.68,12.0,1.0,0.04838709677419355
23576,SNACK TRAY RED VINTAGE DOILY,400.03999999999996,198,37,0.0,0.0,0.0,0.0
23429,RED RETRO KITCHEN WALL CLOCK,400.01,47,23,0.0,0.0,0.0,0.0
23039,T-LIGHT HOLDER SILVER HEART HANDLE,399.71,199,28,11.7,6.0,1.0,0.02926829268292683
22345,PARTY PIZZA DISH BLUE POLKADOT,399.62,1120,71,15.299999999999999,18.0,1.0,0.015817223198594025
23466,TUSCAN VILLA DOVECOTE BIRD FEEDER,399.03,43,23,8.25,1.0,1.0,0.022727272727272728
37476,CONDIMENT TRAY 4 BOWLS AND 4 SPOONS,399.02,37,26,0.0,0.0,0.0,0.0
21131,GOLD STANDING GNOME,398.02,106,28,0.0,0.0,0.0,0.0
84974,S/2 ZINC HEART DESIGN PLANTERS,398.0,40,28,0.0,0.0,0.0,0.0
18007,ESSENTIAL BALM 3.5g TIN IN ENVELOPE,395.61,5884,30,0.0,0.0,0.0,0.0
23484,HEART TRELLIS TRIPLE T-LIGHT HOLDER,395.11,129,30,0.0,0.0,0.0,0.0
47421,ASSORTED COLOUR LIZARD SUCTION HOOK,395.09999999999997,999,55,0.0,0.0,0.0,0.0
22256,FELT FARM ANIMAL CHICKEN,394.15,291,50,0.0,0.0,0.0,0.0
23661,MILK MAIDS MUG,393.59,219,33,33.0,20.0,4.0,0.08368200836820083
22048,BIRTHDAY BANQUET GIFT WRAP,393.5,975,32,10.5,25.0,1.0,0.025
20867,PINK ROSE FABRIC MIRROR,393.46999999999997,331,62,0.0,0.0,0.0,0.0
90200B,BLACK SWEETHEART BRACELET,392.83,93,47,4.25,1.0,1.0,0.010638297872340425
23116,VEGETABLE GARDEN CHOPPING BOARD,392.34000000000003,78,22,0.0,0.0,0.0,0.0
84826,ASSTD DESIGN 3D PAPER STICKERS,391.93,1165,31,51.0,60.0,1.0,0.04897959183673469
23150,IVORY SWEETHEART SOAP DISH,390.75000000000006,148,49,2.49,1.0,1.0,0.006711409395973154
85232A,SET/3 POLKADOT STACKING TINS,389.55,78,29,14.850000000000001,3.0,1.0,0.037037037037037035
21373,MIRRORED WALL ART SNOWFLAKES,389.04,512,47,9.0,12.0,1.0,0.022900763358778626
23337,EGG FRYING PAN MINT,388.75,180,69,0.0,0.0,0.0,0.0
35095A,BLUE VICTORIAN FABRIC OVAL BOX,388.57,925,100,0.0,0.0,0.0,0.0
23103,BELL HEART DECORATION,387.0,252,9,46.199999999999996,28.0,3.0,0.1
21879,HEARTS GIFT TAPE,386.77000000000004,1178,94,0.0,0.0,0.0,0.0
20854,BLUE PATCH PURSE PINK HEART,386.32,244,41,23.099999999999998,14.0,1.0,0.05426356589147287
71053,WHITE MOROCCAN METAL LANTERN,385.29999999999995,70,26,139.77,39.0,9.0,0.3577981651376147
21881,CUTE CATS TAPE,383.11,1102,79,0.0,0.0,0.0,0.0
21197,MULTICOLOUR  CONFETTI IN TUBE,382.9599999999999,284,27,34.65,21.0,1.0,0.06885245901639345
84919,BLUE CUSHION COVER WITH FLOWER,381.78000000000003,58,29,0.0,0.0,0.0,0.0
22346,PARTY PIZZA DISH GREEN POLKADOT,381.65999999999997,1037,59,0.0,0.0,0.0,0.0
85179A,GREEN BITTY LIGHT CHAIN,380.79,193,59,0.0,0.0,0.0,0.0
21562,HAWAIIAN GRASS SKIRT,380.36,324,28,0.0,0.0,0.0,0.0
16045,POPART WOODEN PENCILS ASST,380.0,8900,68,0.0,0.0,0.0,0.0
23396,LA JARDIN BOTANIQUE CUSHION COVER,379.28,88,28,15.0,4.0,1.0,0.043478260869565216
46776D,WOVEN SUNSET CUSHION COVER,378.29,89,37,0.0,0.0,0.0,0.0
90161B,ANT COPPER TURQ BOUDICCA BRACELET,377.88,76,37,0.0,0.0,0.0,0.0
21243,PINK POLKADOT PLATE,377.56,220,25,13.52,8.0,1.0,0.03508771929824561
21051,RIBBONS PURSE,377.2,192,51,0.0,0.0,0.0,0.0
90160C,TURQ+RED BOUDICCA LARGE BRACELET,377.04,54,26,0.0,0.0,0.0,0.0
47367B,PAIR PADDED HANGERS PINK CHECK,376.27000000000004,112,43,0.0,0.0,0.0,0.0
21284,RETROSPOT CANDLE  SMALL,376.18,404,42,30.36,36.0,2.0,0.08181818181818182
17012A,ORIGAMI VANILLA INCENSE/CANDLE SET,375.93,323,65,0.0,0.0,0.0,0.0
84559A,3D SHEET OF DOG STICKERS,375.60999999999996,397,94,0.0,0.0,0.0,0.0
21635,MADRAS NOTEBOOK LARGE,374.96000000000004,271,16,0.0,0.0,0.0,0.0
84663A,GRASS HOPPER WOODEN WALL CLOCK,374.12,272,34,9.11,5.0,3.0,0.018050541516245487
23128,DOLLCRAFT BOY JEAN-PAUL,373.9,82,12,34.650000000000006,7.0,2.0,0.07865168539325842
20782,CAMOUFLAGE EAR MUFF HEADPHONES,373.57,54,27,0.0,0.0,0.0,0.0
21945,STRAWBERRIES  DESIGN FLANNEL,373.34,358,105,0.0,0.0,0.0,0.0
16011,ANIMAL STICKERS,372.33,1773,46,0.0,0.0,0.0,0.0
84915,HAND TOWEL PINK FLOWER AND DAISY,372.33,217,23,0.0,0.0,0.0,0.0
21689,SILVER VANILLA  FLOWER CANDLE POT,369.87,95,26,0.0,0.0,0.0,0.0
84563A,PINK & WHITE BREAKFAST TRAY,369.84000000000003,96,35,0.0,0.0,0.0,0.0
23575,SNACK TRAY PAISLEY PARK,367.34999999999997,179,32,0.0,0.0,0.0,0.0
22532,MAGIC DRAWING SLATE LEAP FROG,366.75,1072,73,0.0,0.0,0.0,0.0
22769,CHALKBOARD KITCHEN ORGANISER,366.73,11,8,225.5,10.0,2.0,0.47619047619047616
22265,EASTER DECORATION NATURAL CHICK,366.15000000000003,540,64,0.0,0.0,0.0,0.0
21000,ROSE DU SUD COSMETICS BAG,365.09,97,52,0.0,0.0,0.0,0.0
21320,GLASS CHALICE GREEN  LARGE,364.22,197,19,14.700000000000001,7.0,1.0,0.03431372549019608
23579,SNACK TRAY I LOVE LONDON,362.65,171,35,0.0,0.0,0.0,0.0
21286,RETROSPOT CANDLE  LARGE,362.12,273,30,0.0,0.0,0.0,0.0
35957,SMALLFOLKART BAUBLE CHRISTMAS DEC,361.81,688,41,18.240000000000002,96.0,1.0,0.12244897959183673
21348,PINK SPOTS CHOCOLATE NESTING BOXES,361.55999999999995,140,6,0.0,0.0,0.0,0.0
23044,PAPER LANTERN 9 POINT HOLLY STAR S,361.04,86,20,0.0,0.0,0.0,0.0
16008,SMALL FOLDING SCISSOR(POINTED EDGE),360.71,2892,70,0.0,0.0,0.0,0.0
85049e,SCANDINAVIAN REDS RIBBONS,360.71,109,42,0.0,0.0,0.0,0.0
84632,DECORATIVE HANGING SHELVING UNIT,359.70000000000005,6,5,59.95,1.0,1.0,0.14285714285714285
35954,SMALL FOLKART STAR CHRISTMAS DEC,359.6,1293,54,0.0,0.0,0.0,0.0
21060,PARTY INVITES BALLOON GIRL,359.28999999999996,405,71,0.0,0.0,0.0,0.0
84563B,BLUE & WHITE BREAKFAST TRAY,358.1,98,38,0.0,0.0,0.0,0.0
90209B,GREEN ENAMEL+GLASS HAIR COMB,357.74,185,54,0.0,0.0,0.0,0.0
20856,DENIM PATCH PURSE PINK BUTTERFLY,357.28999999999996,216,61,16.5,10.0,1.0,0.04424778761061947
21263,GREEN GOOSE FEATHER TREE 60CM,356.96999999999997,171,42,3.9,2.0,1.0,0.011560693641618497
22100,SKULLS SQUARE TISSUE BOX,356.46000000000004,757,59,0.0,0.0,0.0,0.0
82095,HEART BUTTONS JEWELLERY BOX,356.11,68,30,0.0,0.0,0.0,0.0
85169D,PINK LOVE BIRD CANDLE,356.08,351,50,1.25,1.0,1.0,0.002840909090909091
85169B,BLACK LOVE BIRD CANDLE,356.06,329,62,0.0,0.0,0.0,0.0
84569A,PACK 3 IRON ON DOG PATCHES,355.84,294,65,0.0,0.0,0.0,0.0
21724,PANDA AND BUNNIES STICKER SHEET,355.83,408,81,0.0,0.0,0.0,0.0
21001,ROSE DU SUD WASHBAG,354.14,74,50,0.0,0.0,0.0,0.0
37482P,CUBIC MUG PINK POLKADOT,354.03,506,47,0.0,0.0,0.0,0.0
47310M,SMALL POP BOX FUNKY MONKEY,353.98,258,87,0.0,0.0,0.0,0.0
21664,RIDGED GLASS STORAGE JAR CREAM LID,353.97,99,18,0.0,0.0,0.0,0.0
21723,ALPHABET HEARTS STICKER SHEET,353.47999999999996,401,59,0.0,0.0,0.0,0.0
23420,PANTRY HOOK TEA STRAINER,353.45,165,32,0.0,0.0,0.0,0.0
23421,PANTRY HOOK SPATULA,353.36,162,33,0.0,0.0,0.0,0.0
21222,SET/4 BADGES BEETLES,353.19,269,73,0.0,0.0,0.0,0.0
35095B,RED VICTORIAN FABRIC OVAL BOX,352.25,862,98,0.0,0.0,0.0,0.0
20652,BLUE POLKADOT LUGGAGE TAG,350.61,268,78,0.0,0.0,0.0,0.0
21555,CERAMIC STRAWBERRY TRINKET TRAY,350.46999999999997,137,69,0.0,0.0,0.0,0.0
22529,MAGIC DRAWING SLATE GO TO THE FAIR,349.87,853,70,0.0,0.0,0.0,0.0
22268,DECORATION SITTING BUNNY,349.54,1480,83,8.26,40.0,2.0,0.02631578947368421
84924A,WAKE UP COCKEREL CALENDAR SIGN,348.59000000000003,81,33,0.0,0.0,0.0,0.0
84631,FRUIT TREE AND BIRDS WALL PLAQUE,348.53,41,24,23.85,3.0,2.0,0.06818181818181818
21421,PORCELAIN ROSE LARGE,348.43000000000006,299,14,0.0,0.0,0.0,0.0
23057,GEMSTONE CHANDELIER T-LIGHT HOLDER,347.70000000000005,78,7,636.15,433.0,6.0,0.8473581213307241
20700,GREEN CAT FLORAL CUSHION COVER,345.17,73,54,0.0,0.0,0.0,0.0
47591B,SCOTTIES CHILDRENS APRON,344.78999999999996,209,56,0.0,0.0,0.0,0.0
84849A,HELLO SAILOR BLUE SOAP HOLDER,344.34000000000003,180,53,27.04,16.0,1.0,0.08163265306122448
85129D,BEADED CRYSTAL HEART PINK SMALL,343.99,208,65,0.0,0.0,0.0,0.0
22104,MIRROR MOSAIC CANDLE PLATE,343.71,288,59,0.0,0.0,0.0,0.0
90149,SILVER FLOWR PINK SHELL NECKLACE,342.76000000000005,53,4,0.0,0.0,0.0,0.0
47559b,TEA TIME OVEN GLOVE,342.65,103,28,0.0,0.0,0.0,0.0
84766,SILVER ROCOCO CANDLE STICK,340.7,146,14,37.25,15.0,3.0,0.09316770186335403
23523,WALL ART TREASURE AHOY,340.35,90,25,22.5,6.0,1.0,0.0625
21221,SET/4 BADGES CUTE CREATURES,340.22,261,54,0.0,0.0,0.0,0.0
71270,PHOTO CLIP LINE,338.73,239,49,0.0,0.0,0.0,0.0
22547,MINI JIGSAW DINOSAUR,338.23,809,101,0.84,2.0,1.0,0.002466091245376079
21167,WHITE SAGE INCENSE,337.14,1432,67,10.5,50.0,1.0,0.033738191632928474
72122,COFFEE SCENT PILLAR CANDLE,336.73999999999995,325,61,0.0,0.0,0.0,0.0
23127,DOLLCRAFT GIRL NICOLE,336.6,68,12,64.35000000000001,13.0,3.0,0.16049382716049382
84926E,FLOWERS TILE COASTER,334.76,992,39,0.0,0.0,0.0,0.0
85213,MINI  ZINC GARDEN DECORATIONS,334.03,841,33,0.85,1.0,1.0,0.0011876484560570072
85230B,CINNAMON SCENTED VOTIVE CANDLE,333.2,1288,39,0.0,0.0,0.0,0.0
22259,FELT FARM ANIMAL HEN,332.84,481,44,0.0,0.0,0.0,0.0
84952B,BLACK LOVE BIRD T-LIGHT HOLDER,332.14,186,29,11.25,3.0,1.0,0.015873015873015872
84638,SMALL KITCHEN FLOWER POTS PLAQUE,331.5,50,37,0.0,0.0,0.0,0.0
21248,DOOR HANGER  MUM + DADS ROOM,330.71999999999997,205,66,1.45,1.0,1.0,0.0048543689320388345
90200A,PURPLE SWEETHEART BRACELET,328.44,78,50,0.0,0.0,0.0,0.0
82001s,VINYL RECORD FRAME SILVER,328.23999999999995,44,12,0.0,0.0,0.0,0.0
23236,DOILEY BISCUIT TIN,327.6,120,13,95.37,33.0,17.0,0.21568627450980393
16259,PIECE OF CAMO STATIONERY SET,326.56,3380,31,8.64,108.0,1.0,0.03096330275229358
84708B,PINK JEWELLED PHOTO FRAME,326.35,62,19,0.0,0.0,0.0,0.0
85204,HANGING WOOD AND FELT FLOWER,325.96,2055,104,0.12,1.0,1.0,0.00048638132295719845
23037,CANDLE HOLDER SILVER MADELINE,325.15999999999997,196,20,0.0,0.0,0.0,0.0
23478,WOODLAND LARGE PINK FELT HEART,324.40000000000003,285,13,0.0,0.0,0.0,0.0
90147,CHUNKY SILVER NECKLACE PASTEL FLOWE,324.01,32,23,19.9,2.0,1.0,0.058823529411764705
23521,CAT AND BIRD WALL ART,323.64,270,4,0.0,0.0,0.0,0.0
23695,DOILY THANK YOU CARD,323.32,765,57,0.0,0.0,0.0,0.0
85205B,PINK FELT EASTER RABBIT GARLAND,323.15,122,29,0.0,0.0,0.0,0.0
84931A,PINK SCOTTIE DOG W FLOWER PATTERN,322.53999999999996,135,51,0.0,0.0,0.0,0.0
84509c,SET OF 4 POLKADOT PLACEMATS,322.22,43,27,0.0,0.0,0.0,0.0
21403,BLUE EGG  SPOON,322.18,1857,106,0.0,0.0,0.0,0.0
22092,BLUE PAISLEY TISSUE BOX,322.18,672,91,0.0,0.0,0.0,0.0
16238,PARTY TIME PENCIL ERASERS,322.09,1398,134,0.0,0.0,0.0,0.0
23205,CHARLOTTE BAG ALPHABET  DESIGN,320.5,400,22,140.25,191.0,8.0,0.32318104906937395
21425,SKULLS STORAGE BOX LARGE,320.49,87,30,0.0,0.0,0.0,0.0
16236,KITTY PENCIL ERASERS,320.09,1438,136,0.0,0.0,0.0,0.0
21371,MIRRORED WALL ART POPPIES,319.71,287,38,0.0,0.0,0.0,0.0
20936,FORKED CACTUS CANDLE,319.66,100,34,2.95,1.0,1.0,0.009900990099009901
21026,SPACE OWL,319.5,258,68,0.0,0.0,0.0,0.0
22202,MILK PAN PINK POLKADOT,319.35,64,37,3.75,1.0,1.0,0.015384615384615385
22287,DECORATION WOBBLY CHICKEN,319.14,560,45,4.68,12.0,1.0,0.02097902097902098
90161D,ANT COPPER PINK BOUDICCA BRACELET,318.89000000000004,64,34,0.0,0.0,0.0,0.0
72586,SET OF 6 HALLOWEEN GHOST T-LIGHTS,318.66999999999996,693,83,15.12,36.0,1.0,0.04938271604938271
84876B,GREEN HEART COMPACT MIRROR,318.31,220,33,0.0,0.0,0.0,0.0
20780,BLACK EAR MUFF HEADPHONES,318.19,48,28,0.0,0.0,0.0,0.0
84884a,ANT WHITE WIRE HEART SPIRAL,317.71999999999997,38,26,0.0,0.0,0.0,0.0
46118,FUNKY MONKEY CUSHION COVER,317.16999999999996,232,46,0.0,0.0,0.0,0.0
22765,NEWSPAPER STAND,316.95000000000005,27,5,0.0,0.0,0.0,0.0
85170B,SET/6 BLACK BIRD T-LIGHT CANDLES,316.75,215,39,2.1,1.0,1.0,0.004629629629629629
35915C,PEACH KNITTED HEN,316.46,315,60,0.0,0.0,0.0,0.0
90198A,VINTAGE ROSE BEAD BRACELET RASPBERR,315.73,75,44,0.0,0.0,0.0,0.0
21375,LARGE CAMPHOR WOOD FIELD MUSHROOM,315.27,43,27,0.0,0.0,0.0,0.0
85202,HANGING WOOD AND FELT HEART,314.81,676,106,0.0,0.0,0.0,0.0
47594B,SCOTTIES DESIGN WASHBAG,314.54999999999995,170,56,7.8,4.0,3.0,0.022988505747126436
84584,PINK GINGHAM CAT WITH SCARF,314.51,144,30,0.0,0.0,0.0,0.0
21841,BABY MOUSE RED GINGHAM DRESS,314.5,74,21,0.0,0.0,0.0,0.0
17084N,FAIRY DREAMS INCENSE,313.31,1264,101,0.0,0.0,0.0,0.0
85014b,RED RETROSPOT UMBRELLA,313.06,25,23,0.0,0.0,0.0,0.0
21942,SKULLS DESIGN FLANNEL,313.01,287,103,10.2,12.0,1.0,0.04013377926421405
23130,MISELTOE HEART WREATH,312.8,80,5,37.35,9.0,2.0,0.10112359550561797
84358,FLOOR LAMP SHADE WOOD BASE,312.7,33,13,0.0,0.0,0.0,0.0
21811,CHRISTMAS HANGING HEART WITH BELL,311.34999999999997,234,26,18.72,48.0,1.0,0.1702127659574468
21442,GREEN BIRDHOUSE DECORATION,310.49,440,59,0.0,0.0,0.0,0.0
21944,KITTENS DESIGN FLANNEL,310.19,337,100,0.0,0.0,0.0,0.0
47021G,SET/6 BEAD COASTERS GAUZE BAG GOLD,309.29999999999995,582,27,0.0,0.0,0.0,0.0
22124,SET OF 2 TEA TOWELS PING MICROWAVE,309.11,150,76,0.0,0.0,0.0,0.0
21719,LOVELY BONBON STICKER SHEET,307.44,345,58,0.0,0.0,0.0,0.0
23495,SET OF 3 PANTRY WOODEN SPOONS,306.66,225,41,0.0,0.0,0.0,0.0
23131,MISELTOE HEART WREATH WHITE,304.5,78,4,24.9,6.0,2.0,0.07142857142857142
22040,BOTANICAL ROSE GIFT WRAP,304.5,725,28,0.0,0.0,0.0,0.0
22043,CHRISTMAS CARD SCREEN PRINT,304.5,1238,64,0.0,0.0,0.0,0.0
22965,3 TRADITIONAL COOKIE CUTTERS  SET,304.20000000000005,162,4,79.80000000000001,38.0,5.0,0.19
22641,SET OF 4 NAPKIN CHARMS INSTRUMENT,303.72999999999996,139,37,0.0,0.0,0.0,0.0
23430,BLUE RETRO KITCHEN WALL CLOCK,301.88,36,18,0.0,0.0,0.0,0.0
23522,WALL ART DOG AND BALL,301.56,102,28,0.0,0.0,0.0,0.0
35912B,WHITE/PINK CHICK DECORATION,301.26,252,20,0.0,0.0,0.0,0.0
84661B,BLACK SQUARE TABLE CLOCK,300.24,115,29,0.0,0.0,0.0,0.0
22409,MONEY BOX BISCUITS DESIGN,299.72,228,57,1.25,1.0,1.0,0.004366812227074236
21761,WOOD AND GLASS MEDICINE CABINET,299.5,10,10,0.0,0.0,0.0,0.0
23440,PAINT YOUR OWN EGGS IN CRATE,299.36,164,5,0.0,0.0,0.0,0.0
20897,VINTAGE NOTEBOOK PARIS DAYS,298.27,107,24,35.400000000000006,12.0,2.0,0.10084033613445378
90184B,AMETHYST CHUNKY BEAD BRACELET W STR,297.94,33,21,0.0,0.0,0.0,0.0
22135,MINI LADLE LOVE HEART PINK,297.82,529,166,0.0,0.0,0.0,0.0
23015,CORDIAL GLASS JUG,297.13,35,16,57.75,7.0,3.0,0.16666666666666666
84596J,MIXED NUTS LIGHT GREEN BOWL,296.45,568,68,0.0,0.0,0.0,0.0
22049,WRAP CHRISTMAS SCREEN PRINT,296.25,1075,33,10.5,25.0,1.0,0.022727272727272728
23126,DOLLCRAFT GIRL AMELIE KIT,294.7,66,8,79.2,16.0,6.0,0.1951219512195122
85186A,EASTER BUNNY GARLAND OF FLOWERS,293.8,615,79,0.0,0.0,0.0,0.0
20655,QUEEN OF SKIES LUGGAGE TAG,292.29,197,99,0.0,0.0,0.0,0.0
35911A,MULTICOLOUR RABBIT EGG WARMER,292.07,319,70,0.0,0.0,0.0,0.0
21441,BLUE BIRDHOUSE DECORATION,292.03,421,62,0.0,0.0,0.0,0.0
23413,DECORATIVE VINTAGE COFFEE  BOX,291.85,55,22,49.800000000000004,12.0,1.0,0.1791044776119403
23567,EGG CUP HENRIETTA HEN PINK,291.58,211,37,1.25,1.0,1.0,0.0047169811320754715
72800B,4 PURPLE FLOCK DINNER CANDLES,290.8,144,38,0.0,0.0,0.0,0.0
21386,IVORY HANGING DECORATION  EGG,290.2,733,51,0.0,0.0,0.0,0.0
23410,CURIO CABINET LINEN AND LACE,290.1,36,18,8.15,1.0,1.0,0.02702702702702703
20725,LUNCH BAG RED SPOTTY,290.0,200,1,854.7,574.0,43.0,0.7416020671834626
16015,MEDIUM CHINESE STYLE SCISSOR,289.98,662,24,0.0,0.0,0.0,0.0
84247E,PACK OF 12 CHRISTMAS FUN CARDS,289.69,108,37,67.85000000000001,23.0,2.0,0.17557251908396945
85024B,EAU DE NILE JEWELLED PHOTOFRAME,289.65,193,12,0.0,0.0,0.0,0.0
21503,TOYBOX  WRAP,288.92,726,23,0.42,1.0,1.0,0.001375515818431912
46776E,WOVEN CANDY CUSHION COVER,288.43,67,38,0.0,0.0,0.0,0.0
79190B,RETRO PLASTIC POLKA TRAY,288.36,707,57,6.72,16.0,2.0,0.022130013831258646
23047,PAPER LANTERN 5 POINT SEQUIN STAR,287.5,50,21,0.0,0.0,0.0,0.0
71403,"PINK/WHITE ""KEEP CLEAN"" BULLET BIN",286.91,77,33,0.0,0.0,0.0,0.0
20618,QUEEN OF THE SKIES PASSPORT COVER,286.39,148,76,0.0,0.0,0.0,0.0
84997d,PINK 3 PIECE POLKADOT CUTLERY SET,285.46,34,8,0.0,0.0,0.0,0.0
37413,ICON MUG REVOLUTIONARY,284.49,703,81,0.0,0.0,0.0,0.0
18094C,WHITE AND BLUE CERAMIC OIL BURNER,283.93,192,42,0.0,0.0,0.0,0.0
21666,RIDGED GLASS T-LIGHT HOLDER,283.51,412,43,0.0,0.0,0.0,0.0
16218,CARTOON  PENCIL SHARPENERS,283.31,3821,64,0.0,0.0,0.0,0.0
20794,BLUE  TILE HOOK,282.78999999999996,99,27,22.95,9.0,2.0,0.08333333333333333
20777,CHRYSANTHEMUM NOTEBOOK,282.48999999999995,169,80,0.0,0.0,0.0,0.0
84341B,SMALL PINK MAGIC CHRISTMAS TREE,282.38,645,40,0.0,0.0,0.0,0.0
84872a,TEATIME FUNKY FLOWER BACKPACK FOR 2,282.15,26,21,0.0,0.0,0.0,0.0
23481,PEARLISED IVORY HEART SMALL,281.17,228,29,0.0,0.0,0.0,0.0
22257,FELT FARM ANIMAL SHEEP,280.42,373,42,0.0,0.0,0.0,0.0
71101E,STANDING FAIRY POLE SUPPORT,280.2,348,22,0.0,0.0,0.0,0.0
85188A,GREEN METAL SWINGING BUNNY,278.16999999999996,319,42,2.55,3.0,1.0,0.009316770186335404
21725,SWEETIES  STICKERS,277.24,301,50,0.0,0.0,0.0,0.0
16169M,WRAP DAISY CARPET,277.2,660,25,0.0,0.0,0.0,0.0
21293,MIRRORED DOVE WALL DECORATION,276.72,116,24,0.0,0.0,0.0,0.0
84926D,LA PALMIERA TILE COASTER,276.53,709,34,0.0,0.0,0.0,0.0
85049g,CHOCOLATE BOX RIBBONS,276.42,113,51,0.0,0.0,0.0,0.0
23137,ZINC WIRE SWEETHEART LETTER TRAY,275.62,83,23,0.0,0.0,0.0,0.0
21250,SET OF SKULL WALL STICKERS,274.37,95,20,0.0,0.0,0.0,0.0
20684,STRAWBERRY DREAM CHILDS UMBRELLA,273.81,81,35,0.0,0.0,0.0,0.0
22512,DOORSTOP RACING CAR DESIGN,273.46,123,37,0.0,0.0,0.0,0.0
22052,VINTAGE CARAVAN GIFT WRAP,273.0,650,27,21.0,50.0,2.0,0.07142857142857142
84859A,SILVER DISCO HANDBAG,272.99,129,35,0.0,0.0,0.0,0.0
23141,TRIPLE WIRE HOOK PINK HEART,272.91,79,25,0.0,0.0,0.0,0.0
23203,JUMBO BAG VINTAGE DOILEY,272.57,144,7,1076.4,590.0,17.0,0.8038147138964578
22889,NUMBER TILE VINTAGE FONT No,272.2,173,33,0.0,0.0,0.0,0.0
20755,BLUE PAISLEY POCKET BOOK,272.02,307,62,0.0,0.0,0.0,0.0
21815,STAR  T-LIGHT HOLDER,271.68,159,29,0.0,0.0,0.0,0.0
20734,SILVER MINI TAPE MEASURE,271.21999999999997,158,26,0.0,0.0,0.0,0.0
85214,TUB 24 PINK FLOWER PEGS,271.03999999999996,164,58,0.0,0.0,0.0,0.0
23474,WOODLAND SMALL BLUE FELT HEART,270.96,312,37,0.0,0.0,0.0,0.0
85019C,CURIOUS  IMAGES NOTEBOOK SET,270.72,182,11,51.0,12.0,1.0,0.061855670103092786
21275,ZINC TOP  2 DOOR WOODEN SHELF,270.08,13,12,76.75,5.0,2.0,0.2777777777777778
35001W,HAND OPEN SHAPE DECO.WHITE,270.02000000000004,92,5,3.49,1.0,1.0,0.010752688172043012
20771,CHRYSANTHEMUM  JOURNAL,269.68,103,40,0.0,0.0,0.0,0.0
21785,RAIN PONCHO,269.61,412,5,0.0,0.0,0.0,0.0
85186C,BUNNY EGG GARLAND,269.17,528,78,8.4,20.0,1.0,0.0364963503649635
21644,ASSORTED TUTTI FRUTTI HEART BOX,268.75,215,32,31.25,25.0,2.0,0.10416666666666667
79030D,TUMBLER BAROQUE,268.53,531,40,0.39,1.0,1.0,0.0018796992481203006
23032,DOORKNOB CRACKED GLAZE IVORY,268.2,180,5,75.89999999999999,46.0,11.0,0.20353982300884957
21332,MOROCCAN BEATEN METAL MIRROR,268.1,19,13,0.0,0.0,0.0,0.0
17013D,ORIGAMI ROSE INCENSE IN TUBE,267.82,535,13,0.0,0.0,0.0,0.0
17107D,"FLOWER FAIRY,5 SUMMER B'DRAW LINERS",267.75,105,25,0.0,0.0,0.0,0.0
21445,12 PINK ROSE PEG PLACE SETTINGS,267.5,214,21,5.0,4.0,1.0,0.01834862385321101
85230E,STRAWBRY SCENTED VOTIVE CANDLE,267.45,1101,24,0.0,0.0,0.0,0.0
21265,PINK GOOSE FEATHER TREE 60CM,267.21,131,19,0.0,0.0,0.0,0.0
84795b,SUNSET CHECK HAMMOCK,266.78,16,14,0.0,0.0,0.0,0.0
21279,VINTAGE KITCHEN PRINT FRUITS,266.15,85,29,7.6499999999999995,3.0,1.0,0.03409090909090909
20699,MOUSEY LONG LEGS SOFT TOY,266.03,97,41,0.0,0.0,0.0,0.0
23489,"GARLAND, VINTAGE BELLS",265.88,92,10,0.0,0.0,0.0,0.0
85039C,S/4 BLACK MINI ROSE CANDLE IN BOWL,265.77,305,67,1.65,1.0,1.0,0.0032679738562091504
90160A,PURPLE BOUDICCA LARGE BRACELET,264.94,38,15,48.65,7.0,1.0,0.15555555555555556
72800C,4 PINK DINNER CANDLE SILVER FLOCK,264.82,132,35,0.0,0.0,0.0,0.0
23476,WOODLAND LARGE RED FELT HEART,264.72,205,22,0.0,0.0,0.0,0.0
90160D,PINK BOUDICCA LARGE BRACELET,264.7,38,12,0.0,0.0,0.0,0.0
84952A,CLEAR LOVE BIRD T-LIGHT HOLDER,264.46999999999997,92,26,0.0,0.0,0.0,0.0
85124B,BLUE JUICY FRUIT PHOTO FRAME,264.06,93,39,15.299999999999999,6.0,1.0,0.06060606060606061
18098c,PORCELAIN BUTTERFLY OIL BURNER,263.12,52,12,0.0,0.0,0.0,0.0
85124C,GREEN JUICY FRUIT PHOTO FRAME,261.89,94,39,0.0,0.0,0.0,0.0
23194,GYMKHANNA TREASURE BOOK BOX,261.84000000000003,120,14,83.25,37.0,8.0,0.2356687898089172
84858C,PINK RIVIERA HANDBAG,261.68,186,6,0.0,0.0,0.0,0.0
47422,ASSORTED MONKEY SUCTION CUP HOOK,261.3,653,45,0.42,1.0,1.0,0.0015290519877675841
16012,FOOD/DRINK SPONGE STICKERS,261.24,1244,35,0.0,0.0,0.0,0.0
79337,BLUE FLOCK GLASS CANDLEHOLDER,259.96,644,10,2.2800000000000002,6.0,1.0,0.009230769230769232
21324,HANGING MEDINA LANTERN SMALL,259.67,81,28,0.0,0.0,0.0,0.0
78124,MAGAZINE RACK GEBRA ASSORTED,257.75,199,18,0.0,0.0,0.0,0.0
20997,ROSE DU SUD CUSHION COVER,257.61,59,34,0.0,0.0,0.0,0.0
35915B,BLUE KNITTED HEN,257.21999999999997,220,50,0.0,0.0,0.0,0.0
85230G,ORANGE VOTIVE CANDLE,257.03999999999996,1032,25,13.919999999999998,48.0,1.0,0.044444444444444446
21458,2 PICTURE BOOK EGGS EASTER BUNNY,256.54,182,36,0.0,0.0,0.0,0.0
21427,SKULLS STORAGE BOX SMALL,256.44,96,41,6.300000000000001,3.0,3.0,0.030303030303030304
84952C,MIRROR LOVE BIRD T-LIGHT HOLDER,255.0,144,12,0.0,0.0,0.0,0.0
21269,ANTIQUE CREAM CUTLERY SHELF,254.98000000000002,29,19,0.0,0.0,0.0,0.0
21379,CAMPHOR WOOD PORTOBELLO MUSHROOM,254.32999999999998,184,50,0.0,0.0,0.0,0.0
21547,CERAMIC BIRDHOUSE CRESTED TIT SMALL,253.53000000000003,79,22,0.0,0.0,0.0,0.0
48173c,DOORMAT BLACK FLOCK,252.95000000000002,15,7,0.0,0.0,0.0,0.0
90201B,BLACK ENAMEL FLOWER RING,252.9,86,23,20.650000000000002,7.0,2.0,0.07526881720430108
21882,SKULLS TAPE,252.47000000000003,706,70,0.0,0.0,0.0,0.0
35967,FOLK ART METAL STAR T-LIGHT HOLDER,252.33,485,67,0.0,0.0,0.0,0.0
90143,SILVER BRACELET W PASTEL FLOWER,252.18,33,19,15.0,2.0,1.0,0.05714285714285714
23149,ANTIQUE IVORY WIRE BOWL SMALL,251.45000000000002,99,21,27.39,11.0,2.0,0.1
22164,STRING OF STARS CARD HOLDER,250.22000000000003,78,15,0.0,0.0,0.0,0.0
85071D,CHARLIE+LOLA MY ROOM DOOR SIGN,249.48999999999998,403,84,0.0,0.0,0.0,0.0
22812,PACK 3 BOXES CHRISTMAS PANETTONE,248.48,76,24,40.949999999999996,21.0,3.0,0.21649484536082475
20659,ECONOMY LUGGAGE TAG,248.09,159,62,0.0,0.0,0.0,0.0
21647,ASSORTED TUTTI FRUTTI LARGE PURSE,247.8,118,25,2.1,1.0,1.0,0.008403361344537815
22954,HEN PARTY CORDON BARRIER TAPE,247.63,202,40,1.25,1.0,1.0,0.0049261083743842365
22410,MONEY BOX HOUSEKEEPING DESIGN,247.42000000000002,237,58,0.0,0.0,0.0,0.0
23168,CLASSIC SUGAR DISPENSER,247.32,216,12,65.61,54.0,18.0,0.2
84678,CLASSICAL ROSE SMALL VASE,247.04,142,13,5.05,3.0,2.0,0.020689655172413793
22869,NUMBER TILE COTTAGE GARDEN 1,246.14,96,44,1.95,1.0,1.0,0.010309278350515464
90175A,WHITE GLASS CHUNKY CHARM BRACELET,245.63,27,25,0.0,0.0,0.0,0.0
22391,PAPERWEIGHT HOME SWEET HOME,245.57999999999998,158,29,0.0,0.0,0.0,0.0
21676,FLOWERS  STICKERS,245.35999999999999,257,61,0.0,0.0,0.0,0.0
21190,PINK HEARTS PAPER GARLAND,245.20000000000002,168,7,72.5,50.0,1.0,0.22935779816513763
20819,SILVER TEDDY BEAR,244.72,64,27,0.0,0.0,0.0,0.0
84422,PINK/BLUE DISC/MIRROR STRING,244.17,566,15,18.72,48.0,1.0,0.0781758957654723
20616,CHERRY BLOSSOM PASSPORT COVER,243.53,194,71,0.0,0.0,0.0,0.0
85095,THREE CANVAS LUGGAGE TAGS,243.49,150,48,0.0,0.0,0.0,0.0
85094,CANDY SPOT EGG WARMER RABBIT,242.32,641,90,0.0,0.0,0.0,0.0
22870,NUMBER TILE COTTAGE GARDEN 2,242.24,94,39,0.0,0.0,0.0,0.0
23475,WOODLAND SMALL PINK FELT HEART,242.17999999999998,286,31,0.0,0.0,0.0,0.0
84592,CROCHET ROSE PURSE WITH SUEDE BACK,241.24000000000004,76,22,0.0,0.0,0.0,0.0
47469,ASSORTED SHAPES PHOTO CLIP SILVER,241.20999999999998,473,12,15.600000000000001,24.0,1.0,0.0482897384305835
23143,ZINC WIRE KITCHEN ORGANISER,239.97,30,16,0.0,0.0,0.0,0.0
21028,NINJA RABBIT BLACK,239.24,187,58,0.0,0.0,0.0,0.0
23324,RUSTIC STRAWBERRY JAMPOT LARGE,238.56,120,6,67.51,35.0,2.0,0.22580645161290322
23028,DOORKNOB CRACKED GLAZE BLUE,238.49999999999997,162,3,11.55,7.0,3.0,0.04142011834319527
72131,COLUMBIAN CANDLE RECTANGLE,238.34999999999997,137,18,0.0,0.0,0.0,0.0
22137,BATHROOM SET LOVE HEART DESIGN,237.98000000000002,82,14,0.0,0.0,0.0,0.0
23580,SNACK TRAY HAPPY FOREST,236.87,117,25,0.0,0.0,0.0,0.0
21360,JOY LARGE WOOD LETTERS,236.17,39,16,0.0,0.0,0.0,0.0
85023B,EAU DE NILE JEWELLED PHOTOFRAME,235.35000000000002,105,13,153.75000000000003,73.0,2.0,0.4101123595505618
20775,DAISY NOTEBOOK,235.18999999999997,135,63,0.0,0.0,0.0,0.0
47351B,BLUE  VOILE LAMPSHADE,234.5,86,9,122.39999999999999,48.0,1.0,0.3582089552238806
16216,LETTER SHAPE PENCIL SHARPENER,234.0,3333,45,0.0,0.0,0.0,0.0
23036,T-LIGHT HOLDER SILVER PETIT FOUR,233.67000000000002,185,16,0.0,0.0,0.0,0.0
21025,SPACE FROG,233.52,174,56,0.0,0.0,0.0,0.0
21818,GLITTER CHRISTMAS HEART,233.51999999999998,270,21,0.0,0.0,0.0,0.0
90058B,CRYSTAL STUD EARRINGS ASSORTED COL,232.56,612,15,13.68,36.0,1.0,0.05555555555555555
84857C,PINK MONTE CARLO HANDBAG,232.32999999999998,98,10,1.95,1.0,1.0,0.010101010101010102
85099f,JUMBO BAG STRAWBERRY,232.05999999999997,46,10,0.0,0.0,0.0,0.0
23447,PINK BUNNY EASTER EGG BASKET,231.89999999999998,158,4,0.0,0.0,0.0,0.0
84712B,PINK JEWELLED PHOTO FRAME,231.56,30,20,0.0,0.0,0.0,0.0
21161,KEEP OUT BOYS DOOR HANGER,231.36999999999998,144,43,0.0,0.0,0.0,0.0
20696,FLORAL SOFT CAR TOY,230.81,54,30,0.0,0.0,0.0,0.0
22394,PAPERWEIGHT KINGS CHOICE,230.67999999999998,168,23,15.299999999999999,6.0,1.0,0.034482758620689655
21973,SET OF 36 MUSHROOM PAPER DOILIES,230.54999999999998,159,30,1.45,1.0,1.0,0.00625
23446,BLUE BUNNY EASTER EGG BASKET,230.24999999999997,157,3,0.0,0.0,0.0,0.0
90206C,CRYSTAL DIAMANTE STAR BROOCH,229.68,46,31,0.0,0.0,0.0,0.0
85040B,SET/4 BLUE FLOWER CANDLES IN BOWL,229.46999999999997,137,35,6.6,4.0,3.0,0.028368794326241134
72800D,4 BLUE DINNER CANDLES SILVER FLOCK,229.22,88,31,0.0,0.0,0.0,0.0
85200,BUNNY EGG BOX,228.75,183,26,0.0,0.0,0.0,0.0
90010E,AMBER GLASS/SILVER BRACELET,227.89,25,16,0.0,0.0,0.0,0.0
21157,RED RETROSPOT WASHBAG,227.6,79,34,0.0,0.0,0.0,0.0
23003,TRAVEL CARD WALLET VINTAGE ROSE,226.2,542,53,0.0,0.0,0.0,0.0
90201D,GREEN ENAMEL FLOWER RING,225.84,77,31,0.0,0.0,0.0,0.0
22031,BOTANICAL LAVENDER BIRTHDAY CARD,225.59,504,80,5.04,12.0,1.0,0.023255813953488372
85014a,BLACK/BLUE POLKADOT UMBRELLA,225.32000000000002,18,14,0.0,0.0,0.0,0.0
22632,HAND WARMER RED POLKA DOT,225.00000000000003,120,18,59.150000000000006,29.0,8.0,0.19463087248322147
90158,ST TROPEZ NECKLACE,224.12,45,35,0.0,0.0,0.0,0.0
21657,MILK BOTTLE WITH GLASS STOPPER,223.46,30,17,0.0,0.0,0.0,0.0
84218,BOX/12 CHICK & EGG IN BASKET,223.10999999999999,123,41,0.0,0.0,0.0,0.0
21364,PEACE SMALL WOOD LETTERS,222.96,30,24,6.75,1.0,1.0,0.03225806451612903
21456,2 PICTURE BOOK EGGS EASTER CHICKS,222.22,171,25,1.25,1.0,1.0,0.005813953488372093
84711A,SILVER OVAL SHAPE TRINKET BOX,221.79999999999998,25,17,0.0,0.0,0.0,0.0
20781,GOLD EAR MUFF HEADPHONES,221.65,38,25,5.49,1.0,1.0,0.02564102564102564
84876D,BLUE HEART COMPACT MIRROR,221.25,129,16,0.0,0.0,0.0,0.0
22395,PAPERWEIGHT VINTAGE PAISLEY,220.04,152,33,0.0,0.0,0.0,0.0
35914,PINK CHICK EGG WARMER + EGG CUP,219.66,196,40,0.0,0.0,0.0,0.0
20868,SILVER FABRIC MIRROR,219.35000000000002,458,46,0.0,0.0,0.0,0.0
75178,ASSTD COL BUTTERFLY/CRYSTAL W/CHIME,218.87,459,13,0.0,0.0,0.0,0.0
21378,SMALL TALL CAMPHOR WOOD TOADSTOOL,217.89,142,34,0.0,0.0,0.0,0.0
21316,SMALL CHUNKY GLASS ROMAN  BOWL,217.68,160,15,2.95,1.0,1.0,0.006211180124223602
20847,ZINC HEART LATTICE CHARGER LARGE,217.57999999999998,52,18,0.0,0.0,0.0,0.0
20769,DAISY JOURNAL,217.55999999999997,80,34,0.0,0.0,0.0,0.0
21132,SILVER STANDING GNOME,217.35999999999999,44,22,0.0,0.0,0.0,0.0
84559B,3D SHEET OF CAT STICKERS,217.29,237,55,3.4,4.0,1.0,0.016597510373443983
47310M,"SMALL POP BOX,FUNKY MONKEY",216.47,152,34,0.0,0.0,0.0,0.0
23360,SET 8 CANDLES VINTAGE DOILEY,216.29999999999998,122,7,0.0,0.0,0.0,0.0
84051,ASS COLOUR GLOWING TIARAS,216.06,282,25,0.0,0.0,0.0,0.0
21377,SMALL CAMPHOR WOOD FIELD  MUSHROOM,215.67999999999998,121,41,0.0,0.0,0.0,0.0
90120C,GREEN MURANO TWIST BRACELET,215.20000000000002,51,22,0.0,0.0,0.0,0.0
21520,BOOZE & WOMEN GREETING CARD,214.19,504,58,0.84,2.0,1.0,0.003952569169960474
84510C,SET OF 4 POLKADOT COASTERS,213.82999999999998,134,54,0.0,0.0,0.0,0.0
22882,NUMBER TILE VINTAGE FONT 3,213.7,108,42,1.95,1.0,1.0,0.009174311926605505
20622,VIPPASSPORT COVER,211.76000000000002,143,34,0.0,0.0,0.0,0.0
90200C,BLUE SWEETHEART BRACELET,211.43,50,26,0.0,0.0,0.0,0.0
72127,COLUMBIAN CANDLE ROUND,210.61,169,30,0.0,0.0,0.0,0.0
84877B,GREEN ROUND COMPACT MIRROR,210.56,144,21,0.0,0.0,0.0,0.0
84707B,PINK JEWELLED MIRROR TRINKET TRAY,210.54999999999998,34,18,0.0,0.0,0.0,0.0
84926A,WAKE UP COCKEREL TILE COASTER,210.51999999999998,604,35,0.0,0.0,0.0,0.0
90175D,TIGRIS EYE CHUNKY CHARM BRACELET,210.04,23,20,0.0,0.0,0.0,0.0
22896,PEG BAG APPLE DESIGN,210.0,100,1,45.9,18.0,2.0,0.15254237288135594
90160B,RED BOUDICCA LARGE BRACELET,209.73000000000002,30,12,0.0,0.0,0.0,0.0
21750,LARGE SKULL WINDMILL,209.61,91,24,0.0,0.0,0.0,0.0
90192,JADE DROP EARRINGS W FILIGREE,209.10000000000002,42,25,9.9,2.0,1.0,0.045454545454545456
21651,HANGING GLASS ETCHED TEALIGHT,208.46999999999997,133,11,0.0,0.0,0.0,0.0
90119,METALIC LEAVES BAG CHARMS,207.60999999999999,84,36,0.0,0.0,0.0,0.0
79051A,SMOKEY GREY COLOUR D.O.F. GLASS,207.39,591,26,0.0,0.0,0.0,0.0
16048,TEATIME ROUND PENCIL SHARPENER,205.42,1461,67,0.0,0.0,0.0,0.0
20763,DAISY SKETCHBOOK,205.04,73,27,0.0,0.0,0.0,0.0
21726,MULTI HEARTS  STICKERS,204.69,237,42,0.0,0.0,0.0,0.0
22878,NUMBER TILE COTTAGE GARDEN No,204.19,75,33,2.1,1.0,1.0,0.013157894736842105
84875B,GREEN SQUARE COMPACT MIRROR,203.51,131,20,0.0,0.0,0.0,0.0
85230A,OPIUM SCENTED VOTIVE CANDLE,203.27999999999997,840,18,0.0,0.0,0.0,0.0
21911,GARDEN METAL SIGN,203.20999999999998,114,29,19.799999999999997,12.0,1.0,0.09523809523809523
84688,BEACH HUT DESIGN BLACKBOARD,203.07,41,15,55.25,13.0,2.0,0.24074074074074073
47578A,ENGLISH ROSE SMALL SCENTED FLOWER,202.53,219,45,0.0,0.0,0.0,0.0
90201A,PURPLE ENAMEL FLOWER RING,202.51000000000002,69,28,11.8,4.0,1.0,0.0547945205479452
22541,MINI JIGSAW LEAP FROG,202.37,504,35,0.0,0.0,0.0,0.0
85179C,PINK BITTY LIGHT CHAIN,201.31,106,36,0.0,0.0,0.0,0.0
22880,NUMBER TILE VINTAGE FONT 1,200.59,99,32,0.0,0.0,0.0,0.0
84968e,SET OF 16 VINTAGE BLACK CUTLERY,200.21,8,6,0.0,0.0,0.0,0.0
84828,JUNGLE POPSICLES ICE LOLLY HOLDERS,199.99,141,29,30.0,24.0,1.0,0.14545454545454545
47594A,CAROUSEL DESIGN WASHBAG,199.84,108,50,17.55,9.0,5.0,0.07692307692307693
22038,BOTANICAL LAVENDER GIFT WRAP,199.5,475,19,0.0,0.0,0.0,0.0
21367,MIRRORED WALL ART GENTS,199.48999999999998,171,43,0.0,0.0,0.0,0.0
22289,HANGING METAL CHICKEN DECORATION,198.52,152,34,0.0,0.0,0.0,0.0
21376,LARGE  TALL CAMPHOR WOOD TOADSTOOL,197.81,37,17,0.0,0.0,0.0,0.0
22881,NUMBER TILE VINTAGE FONT 2,197.56,102,34,0.0,0.0,0.0,0.0
90019A,SILVER M.O.P ORBIT BRACELET,197.09,38,27,0.0,0.0,0.0,0.0
22263,FELT EGG COSY LADYBIRD,196.82,327,51,32.34,49.0,1.0,0.13031914893617022
22044,CHRISTMAS CARD STACK OF PRESENTS,196.44,816,36,0.0,0.0,0.0,0.0
90013A,MIDNIGHT BLUE VINTAGE EARRINGS,195.32,52,32,30.0,8.0,1.0,0.13333333333333333
84926F,PSYCHEDELIC TILE COASTER,195.22,430,28,6.959999999999999,24.0,1.0,0.05286343612334802
20617,FIRST CLASS PASSPORT COVER,194.94,93,43,0.0,0.0,0.0,0.0
23697,A PRETTY THANK YOU CARD,194.58,456,35,0.0,0.0,0.0,0.0
22884,NUMBER TILE VINTAGE FONT 5,194.04999999999998,99,36,0.0,0.0,0.0,0.0
20654,FIRST CLASS LUGGAGE TAG,193.59,152,49,0.0,0.0,0.0,0.0
90018A,SILVER M.O.P ORBIT DROP EARRINGS,193.33,46,37,4.25,1.0,1.0,0.02127659574468085
90082A,DIAMANTE BOW BROOCH GREEN COLOUR,193.2,30,18,0.0,0.0,0.0,0.0
21306,SET/4 DAISY MIRROR MAGNETS,193.03,495,44,7.32,19.0,2.0,0.03696498054474708
84910A,PINK PAISLEY CUSHION COVER,192.14,26,17,0.0,0.0,0.0,0.0
22883,NUMBER TILE VINTAGE FONT 4,191.48,100,32,1.95,1.0,1.0,0.009900990099009901
47471,RAINBOW PEGS PHOTO CLIP STRING,191.18,292,39,0.0,0.0,0.0,0.0
85045,GREEN CHRISTMAS TREE STRING 20LIGHT,191.1,42,11,19.8,4.0,1.0,0.08695652173913043
90030B,RED KUKUI COCONUT SEED NECKLACE,190.73000000000002,122,25,0.0,0.0,0.0,0.0
90184C,BLACK CHUNKY BEAD BRACELET W STRAP,190.51999999999998,21,17,0.0,0.0,0.0,0.0
21027,NINJA RABBIT PINK,190.29,169,42,0.0,0.0,0.0,0.0
21418,STARFISH SOAP DISH,189.75,74,25,0.0,0.0,0.0,0.0
21196,ROUND WHITE CONFETTI IN TUBE,189.67999999999998,108,13,0.0,0.0,0.0,0.0
23229,DONKEY TAIL GAME,189.54000000000002,54,4,40.89,11.0,5.0,0.16923076923076924
21807,WHITE CHRISTMAS STAR DECORATION,189.42,439,30,0.0,0.0,0.0,0.0
21311,SET/4 BIRD MIRROR MAGNETS,188.86999999999998,485,51,7.83,27.0,2.0,0.052734375
85020,ROUND PINK HEART MIRROR,188.81,85,22,0.0,0.0,0.0,0.0
84804B,BLUE DELPHINIUM ARTIFICIAL FLOWER,188.37000000000003,99,6,0.0,0.0,0.0,0.0
20694,FLORAL PINK MONSTER,187.54,43,16,0.0,0.0,0.0,0.0
84711B,PINK OVAL SHAPE TRINKET BOX,186.64,20,13,0.0,0.0,0.0,0.0
84535A,ENGLISH ROSE NOTEBOOK A6 SIZE,186.56,399,21,0.0,0.0,0.0,0.0
21826,EIGHT PIECE DINOSAUR SET,186.43,126,35,5.0,4.0,1.0,0.03076923076923077
21402,RED  EGG  SPOON,185.51999999999998,1369,92,0.0,0.0,0.0,0.0
84429A,MEDIUM PINK BUDDHA HEAD,185.45000000000002,55,21,0.0,0.0,0.0,0.0
90201C,RED ENAMEL FLOWER RING,185.42000000000002,63,21,17.700000000000003,6.0,1.0,0.08695652173913043
78033,FLAG OF ST GEORGE CHAIR,185.3,38,8,17.85,3.0,2.0,0.07317073170731707
23436,GIFT BAG LARGE VINTAGE CHRISTMAS,185.0,148,9,18.75,15.0,2.0,0.09202453987730061
72801d,4 SKY BLUE DINNER CANDLES,184.7,75,44,0.0,0.0,0.0,0.0
23416,CHAMBRE HOOK,184.67999999999998,132,25,0.0,0.0,0.0,0.0
90016B,GOLD/M.O.P PENDANT ORBIT NECKLACE,184.66,22,19,0.0,0.0,0.0,0.0
85055,FRENCH ENAMEL UTENSIL HOLDER,183.71,45,16,0.0,0.0,0.0,0.0
84509E,SET OF 4 CAROUSEL PLACEMATS,183.45,91,23,0.0,0.0,0.0,0.0
84927F,PSYCHEDELIC TILE HOOK,182.95000000000002,299,44,1.9500000000000002,5.0,1.0,0.01644736842105263
79030G,"TUMBLER, NEW ENGLAND",182.29999999999998,142,14,0.0,0.0,0.0,0.0
71143,SILVER BOOK MARK WITH BEADS,182.25,161,34,0.0,0.0,0.0,0.0
22032,BOTANICAL LILY GREETING CARD,181.98,427,60,0.0,0.0,0.0,0.0
84907,PINK YELLOW PATCH CUSHION COVER,180.93,29,23,0.0,0.0,0.0,0.0
85215,ASSORTED CHEESE FRIDGE MAGNETS,180.71,223,18,0.0,0.0,0.0,0.0
72801C,4 ROSE PINK DINNER CANDLES,180.65,145,19,0.0,0.0,0.0,0.0
84804A,CREAM DELPHINIUM ARTIFICIAL FLOWER,180.58,70,8,0.0,0.0,0.0,0.0
84859C,PINK DISCO HANDBAG,180.51999999999998,84,22,0.0,0.0,0.0,0.0
22157,ANGEL DECORATION WITH LACE PADDED,180.2,212,11,0.0,0.0,0.0,0.0
21721,CANDY SHOP  STICKER SHEET,179.45999999999998,195,33,0.0,0.0,0.0,0.0
79190A,RETRO PLASTIC 70'S TRAY,179.35999999999999,384,63,1.26,3.0,1.0,0.007751937984496124
40003,WHITE BAMBOO RIBS LAMPSHADE,179.23,155,15,0.0,0.0,0.0,0.0
16258A,SWIRLY CIRCULAR RUBBERS IN BAG,178.97,472,59,0.42,1.0,1.0,0.0021141649048625794
21847,GREEN  DIAMANTE PEN IN GIFT BOX,178.89,76,33,0.0,0.0,0.0,0.0
85131C,BEADED CRYSTAL HEART BLUE ON STICK,178.85,193,50,0.0,0.0,0.0,0.0
85123A,CREAM HANGING HEART T-LIGHT HOLDER,178.51000000000002,61,9,6624.3,2578.0,42.0,0.9768851837817355
23126,DOLLCRAFT GIRL AMELIE,178.2,36,8,79.2,16.0,6.0,0.3076923076923077
22872,NUMBER TILE COTTAGE GARDEN 4,177.46,72,30,0.0,0.0,0.0,0.0
84685,BEACH HUT KEY CABINET,177.33,34,21,3.75,1.0,1.0,0.02857142857142857
21319,GLASS CHALICE GREEN  SMALL,175.78,161,19,1.65,1.0,1.0,0.006172839506172839
84507C,BLUE CIRCLES DESIGN MONKEY DOLL,175.73,66,28,17.849999999999998,7.0,2.0,0.0958904109589041
gift_0001_30,Dotcomgiftshop Gift Voucher £30.00,175.53,7,7,0.0,0.0,0.0,0.0
85211,S/4 GROOVY CAT MAGNETS,175.16,149,24,1.58,2.0,1.0,0.013245033112582781
22764,"RUSTIC WOODEN CABINET, GLASS DOORS",174.76999999999998,5,3,24.95,1.0,1.0,0.16666666666666666
90197B,BLACK GLASS BRACELET W HEART CHARMS,174.73000000000002,35,27,0.0,0.0,0.0,0.0
84691,PACK 20 DOLLY PEGS,174.5,242,4,0.0,0.0,0.0,0.0
84800M,MEDIUM WHITE/PINK ROSE ART FLOWER,174.31,127,11,5.07,3.0,1.0,0.023076923076923078
35810B,ENAMEL BLUE RIM COFFEE CONTAINER,174.09,152,26,10.79,13.0,2.0,0.07878787878787878
84905,PINK BUTTERFLY CUSHION COVER,173.48,35,20,0.0,0.0,0.0,0.0
22042,CHRISTMAS CARD SINGING ANGEL,173.37,411,39,5.04,12.0,1.0,0.028368794326241134
44235,ASS COL CIRCLE MOBILE,173.15999999999997,474,6,0.0,0.0,0.0,0.0
16168M,FUNKY MONKEY GIFT BAG MEDIUM,173.12,371,41,0.0,0.0,0.0,0.0
22885,NUMBER TILE VINTAGE FONT 6,172.78,96,28,1.95,1.0,1.0,0.010309278350515464
47481,50CM METAL STRING WITH  7 CLIPS,172.64,226,23,0.0,0.0,0.0,0.0
21030,SPACE CADET RED,172.2,141,33,0.0,0.0,0.0,0.0
82011C,BATHROOM SCALES FOOTPRINTS IN SAND,172.05,51,20,0.0,0.0,0.0,0.0
84963A,PINK PAINTED KASHMIRI CHAIR,171.8,4,1,0.0,0.0,0.0,0.0
62086A,PINK RETRO BIG FLOWER BAG,171.6,88,14,0.0,0.0,0.0,0.0
90082B,DIAMANTE BOW BROOCH RED COLOUR,171.45,27,10,0.0,0.0,0.0,0.0
85146,JARDIN ETCHED GLASS SMALL BELL JAR,171.11,45,9,0.0,0.0,0.0,0.0
21763,VINTAGE WOODEN BAR STOOL,169.75,6,4,0.0,0.0,0.0,0.0
85129B,BEADED CRYSTAL HEART GREEN SMALL,168.59,119,31,0.0,0.0,0.0,0.0
21333,CLASSIC WHITE FRAME,168.16000000000003,56,16,0.0,0.0,0.0,0.0
90145,SILVER HOOP EARRINGS WITH FLOWER,168.0,28,18,0.0,0.0,0.0,0.0
84661A,WHITE SQUARE TABLE CLOCK,167.79,104,20,0.0,0.0,0.0,0.0
85145,JARDIN ETCHED GLASS LARGE BELL JAR,167.70000000000002,38,13,0.0,0.0,0.0,0.0
gift_0001_50,Dotcomgiftshop Gift Voucher £50.00,167.56,4,4,0.0,0.0,0.0,0.0
90010A,MIDNIGHT BLUE GLASS/SILVER BRACELET,167.3,18,15,0.0,0.0,0.0,0.0
gift_0001_20,Dotcomgiftshop Gift Voucher £20.00,167.05,10,9,0.0,0.0,0.0,0.0
21457,2 PICTURE BOOK EGGS EASTER DUCKS,165.89,124,25,0.0,0.0,0.0,0.0
21280,VINTAGE KITCHEN PRINT VEGETABLES,165.75,65,12,0.0,0.0,0.0,0.0
21331,MOROCCAN BEATEN METAL DISH LARGE,165.74,12,8,0.0,0.0,0.0,0.0
72225C,LAVENDER SCENT CAKE CANDLE,165.6,624,17,0.0,0.0,0.0,0.0
23694,PAISLEY PARK CARD,165.07999999999998,376,41,0.0,0.0,0.0,0.0
BANK CHARGES,Bank Charges,165.001,12,11,7340.64,25.0,25.0,0.6756756756756757
22538,MINI JIGSAW GO TO THE FAIR,164.84,403,40,0.0,0.0,0.0,0.0
21698,MOCK LOBSTER FRIDGE MAGNET,164.17,296,45,0.0,0.0,0.0,0.0
90120B,BLUE MURANO TWIST BRACELET,164.12,39,15,0.0,0.0,0.0,0.0
90191,SILVER LARIAT 40CM,163.82,26,10,0.0,0.0,0.0,0.0
90209A,PURPLE ENAMEL+GLASS HAIR COMB,163.8,84,4,12.600000000000001,6.0,1.0,0.06666666666666667
22408,MONEY BOX CONFECTIONERY DESIGN,163.69,146,29,0.0,0.0,0.0,0.0
22871,NUMBER TILE COTTAGE GARDEN 3,163.35,67,25,0.0,0.0,0.0,0.0
16207A,PINK STRAWBERRY HANDBAG,163.1,60,34,0.0,0.0,0.0,0.0
90014A,SILVER/MOP ORBIT NECKLACE,162.79,16,15,0.0,0.0,0.0,0.0
21100,CHARLIE AND LOLA CHARLOTTE BAG,162.20999999999998,65,27,0.0,0.0,0.0,0.0
84683,CLASSICAL ROSE CANDLESTAND,162.20000000000002,194,12,0.0,0.0,0.0,0.0
85114a,BLACK ENCHANTED FOREST PLACEMAT,161.70000000000002,49,15,0.0,0.0,0.0,0.0
21369,MIRRORED WALL ART SPLODGES,161.49,101,16,0.0,0.0,0.0,0.0
85027L,FRENCH CHATEAU LARGE PLATTER,160.5,70,18,9.75,5.0,1.0,0.06666666666666667
84799,SPRIG LAVENDER ARTIFICIAL FLOWER,160.48,224,10,35.16,60.0,2.0,0.2112676056338028
21344,MOROCCAN BEATEN METAL DISH,160.09,15,6,29.849999999999998,3.0,1.0,0.16666666666666666
23305,SET 4 PICNIC CUTLERY BLUEBERRY,159.9,82,9,0.0,0.0,0.0,0.0
84993A,75 GREEN PETIT FOUR CASES,159.69,343,55,0.0,0.0,0.0,0.0
23545,WRAP RED DOILEY,159.6,380,16,0.0,0.0,0.0,0.0
84247G,"DECOUPAGE,GREETING CARD,",158.63,357,32,0.0,0.0,0.0,0.0
84997c,BLUE 3 PIECE POLKADOT CUTLERY SET,158.23,19,6,0.0,0.0,0.0,0.0
90013C,GREEN VINTAGE EARRINGS,158.08,39,28,0.0,0.0,0.0,0.0
17038,PORCELAIN BUDAH INCENSE HOLDER,158.06,1525,34,0.0,0.0,0.0,0.0
84508C,BLUE CIRCLES DESIGN TEDDY,157.5,57,25,0.0,0.0,0.0,0.0
23417,BATHROOM HOOK,157.5,146,27,0.0,0.0,0.0,0.0
90134,OLD ROSE COMBO BEAD NECKLACE,157.5,54,45,0.0,0.0,0.0,0.0
16156L,WRAP CAROUSEL,157.5,375,14,0.0,0.0,0.0,0.0
84882,GREEN WIRE STANDING CANDLE HOLDER,157.34,38,18,0.0,0.0,0.0,0.0
35649,VINTAGE BEAD COSMETIC BAG,156.85,57,35,0.0,0.0,0.0,0.0
23468,TUSCAN VILLA BIRD TABLE,156.75,19,11,0.0,0.0,0.0,0.0
84673B,BLUE FLY SWAT,156.63,179,66,0.0,0.0,0.0,0.0
44234,ASSORTED CIRCULAR MOBILE,155.82,698,33,0.42,2.0,1.0,0.002857142857142857
21349,IVY HEART WREATH,155.6,18,11,27.0,4.0,1.0,0.18181818181818182
22353,LUNCH BOX WITH CUTLERY FAIRY CAKES,155.54999999999998,61,24,0.0,0.0,0.0,0.0
23196,RETRO LEAVES MAGNETIC NOTEPAD,155.54,106,19,18.849999999999998,13.0,3.0,0.1092436974789916
84595E,LARGE TORTILLA DESIGN RED BOWL,154.67999999999998,78,22,3.29,1.0,1.0,0.012658227848101266
23496,PANTRY KITCHEN THERMOMETER,154.52,112,31,0.0,0.0,0.0,0.0
84827,ASS DES PHONE SPONGE CRAFT STICKER,154.39,511,14,0.0,0.0,0.0,0.0
21614,SET OF 12 ROSE BOTANICAL T-LIGHTS,153.29000000000002,51,9,0.0,0.0,0.0,0.0
17107D,FLOWER FAIRY 5 DRAWER LINERS,153.0,60,20,0.0,0.0,0.0,0.0
90014B,GOLD M PEARL  ORBIT NECKLACE,152.84,15,13,0.0,0.0,0.0,0.0
21145,ANTIQUE GLASS PLACE SETTING,152.5,122,8,0.0,0.0,0.0,0.0
90198B,VINTAGE ROSE BEAD BRACELET BLACK,152.4,36,17,0.0,0.0,0.0,0.0
23484,HEART TRELLISTRIPLE T-LIGHT HOLDER,152.24,56,5,0.0,0.0,0.0,0.0
84877D,BLUE ROUND COMPACT MIRROR,152.18,97,18,0.0,0.0,0.0,0.0
84865,NEW BAROQUE BLACK PHOTO ALBUM,152.11,29,14,0.0,0.0,0.0,0.0
72128,COLUMBIAN CANDLE ROUND,152.04999999999998,193,36,0.0,0.0,0.0,0.0
21401,BLUE PUDDING SPOON,151.19,1052,82,0.0,0.0,0.0,0.0
22415,WHITE TISSUE REAM,151.05,19,13,0.0,0.0,0.0,0.0
85135A,YELLOW DRAGONFLY HELICOPTER,151.05,19,8,0.0,0.0,0.0,0.0
22874,NUMBER TILE COTTAGE GARDEN 6,150.81,65,21,0.0,0.0,0.0,0.0
DCGSSBOY,BOYS PARTY BAG,150.54999999999998,47,11,0.0,0.0,0.0,0.0
21738,COSY SLIPPER SHOES SMALL  RED,150.48000000000002,48,21,0.0,0.0,0.0,0.0
21459,YELLOW EASTER EGG HUNT START POST,150.38,76,19,15.6,8.0,2.0,0.09523809523809523
84629,WHITE 3 FRAME BIRDS AND TREE,150.0,20,10,4.95,1.0,1.0,0.047619047619047616
84963B,BLUE PAINTED KASHMIRI CHAIR,149.85000000000002,3,1,0.0,0.0,0.0,0.0
90013B,BLACK VINTAGE EARRINGS,149.41000000000003,36,31,0.0,0.0,0.0,0.0
23254,KIDS CUTLERY DOLLY GIRL,149.4,36,8,83.0,20.0,8.0,0.35714285714285715
23256,KIDS CUTLERY SPACEBOY,149.4,36,8,338.0,88.0,8.0,0.7096774193548387
46000R,POLYESTER FILLER PAD 45x30cm,149.35,103,38,0.0,0.0,0.0,0.0
21117,BLOND DOLL DOORSTOP,149.25,115,14,0.0,0.0,0.0,0.0
22875,NUMBER TILE COTTAGE GARDEN 7,149.09,63,25,0.0,0.0,0.0,0.0
90185D,CRYSTAL DIAMANTE EXPANDABLE RING,148.63,35,11,0.0,0.0,0.0,0.0
23465,TUSCAN VILLA BIRD FEEDER,148.63,17,9,0.0,0.0,0.0,0.0
84576,BLUE CAT BISCUIT BARREL PINK HEART,148.32,66,17,0.0,0.0,0.0,0.0
21486,PINK HEART DOTS HOT WATER BOTTLE,147.88,36,11,0.0,0.0,0.0,0.0
37479P,CUBIC MUG FLOCK PINK ON BROWN,146.91,175,32,0.0,0.0,0.0,0.0
82011B,BATHROOM SCALES RUBBER DUCKS,146.85,43,21,0.0,0.0,0.0,0.0
22868,NUMBER TILE COTTAGE GARDEN 0,146.6,64,20,0.0,0.0,0.0,0.0
22886,NUMBER TILE VINTAGE FONT 7,146.43,87,25,0.0,0.0,0.0,0.0
84870B,BLUE GEISHA GIRL,146.07999999999998,44,25,3.75,1.0,1.0,0.022222222222222223
84870C,GREEN GEISHA GIRL,146.05,46,28,0.0,0.0,0.0,0.0
23292,SPACE BOY CHILDRENS CUP,145.76,131,6,26.25,21.0,6.0,0.13815789473684212
90116,FRUIT SALAD BAG CHARM,145.52,64,45,0.0,0.0,0.0,0.0
22873,NUMBER TILE COTTAGE GARDEN 5,145.5,60,26,0.0,0.0,0.0,0.0
84508B,STRIPES DESIGN TEDDY,145.35,57,30,15.299999999999999,6.0,1.0,0.09523809523809523
47343A,FUSCHIA FLOWER PURSE WITH BEADS,145.17,159,14,0.0,0.0,0.0,0.0
85118,HEART T-LIGHT HOLDER,144.52,146,10,16.25,13.0,2.0,0.08176100628930817
DCGSSGIRL,GIRLS PARTY BAG,144.43,47,13,0.0,0.0,0.0,0.0
20757,RED DAISY POCKET BOOK,144.29,167,33,0.0,0.0,0.0,0.0
21368,MIRRORED WALL ART LADIES,144.03,164,33,0.0,0.0,0.0,0.0
84192,ASSORTED COLOUR METAL CAT,143.75,115,25,0.0,0.0,0.0,0.0
21082,SET/20 FRUIT SALAD PAPER NAPKINS,143.44,88,25,0.0,0.0,0.0,0.0
20837,FRENCH FLORAL CUSHION COVER,142.47,141,15,0.0,0.0,0.0,0.0
22033,BOTANICAL ROSE GREETING CARD,141.95,337,22,0.0,0.0,0.0,0.0
20774,GREEN FERN NOTEBOOK,141.23999999999998,86,44,0.0,0.0,0.0,0.0
20661,BLUE POLKADOT PURSE,141.15,44,33,0.0,0.0,0.0,0.0
84796a,PINK HAWAIIAN PICNIC HAMPER FOR 2,141.10999999999999,17,12,0.0,0.0,0.0,0.0
20836,FRENCH PAISLEY CUSHION COVER,141.1,170,17,9.959999999999999,12.0,1.0,0.06593406593406594
90164B,WHITE  ROSEBUD PEARL BRACELET,140.98,38,15,0.0,0.0,0.0,0.0
16054,POPART RECT PENCIL SHARPENER ASST,140.52,1166,33,12.959999999999999,108.0,1.0,0.0847723704866562
90170,DAISY HAIR BAND,140.32999999999998,85,37,19.799999999999997,12.0,1.0,0.12371134020618557
84744,S/6 SEW ON CROCHET FLOWERS,140.02,110,20,0.0,0.0,0.0,0.0
22125,UNION JACK HOT WATER BOTTLE,139.86,13,3,0.0,0.0,0.0,0.0
23306,SET OF 36 PANTRY PAPER DOILIES,139.78,67,33,10.149999999999999,7.0,2.0,0.0945945945945946
23091,METAL HERB GERDEN CONTAINER,139.68,24,5,43.75,7.0,4.0,0.22580645161290322
23463,VINTAGE ZINC WATERING CAN,139.39999999999998,13,8,0.0,0.0,0.0,0.0
22876,NUMBER TILE COTTAGE GARDEN 8,138.81,61,20,0.0,0.0,0.0,0.0
75011,BLUE DAISY MOBILE,138.76,172,12,0.0,0.0,0.0,0.0
35922,EASTER BUNNY WREATH,138.6,28,10,0.0,0.0,0.0,0.0
23304,SET 4 PICNIC CUTLERY CHERRY,138.45,71,9,0.0,0.0,0.0,0.0
79191B,RETRO PLASTIC POLKA TRAY,138.29999999999998,159,30,10.2,12.0,1.0,0.07017543859649122
22877,NUMBER TILE COTTAGE GARDEN 9,138.10999999999999,63,19,1.95,1.0,1.0,0.015625
20758,ABSTRACT CIRCLES POCKET BOOK,137.7,162,42,0.0,0.0,0.0,0.0
90181B,AMETHYST GLASS/SHELL/PEARL NECKLACE,137.63,15,14,0.0,0.0,0.0,0.0
22602,CHRISTMAS RETROSPOT HEART WOOD,137.59,139,27,34.0,40.0,2.0,0.22346368715083798
21736,GOLD SCROLL GLASS T-LIGHT HOLDER,137.22000000000003,80,5,1.17,3.0,1.0,0.03614457831325301
21637,ASSORTED SANSKRIT MINI NOTEBOOK,136.25,109,6,0.0,0.0,0.0,0.0
84660c,PINK STITCHED WALL CLOCK,134.92,18,16,0.0,0.0,0.0,0.0
90073,VINTAGE ENAMEL & CRYSTAL EARRINGS,134.70000000000002,27,18,0.0,0.0,0.0,0.0
90115,SUMMER BUTTERFLIES BAG CHARM,134.53,54,31,0.0,0.0,0.0,0.0
21943,CAKES AND RABBITS DESIGN FLANNEL,134.48999999999998,119,50,0.0,0.0,0.0,0.0
90028,NEW BAROQUE LARGE NECKLACE BLK/WHIT,134.16,16,14,0.0,0.0,0.0,0.0
46000U,POLYESTER FILLER PAD 30CMx30CM,133.75,107,26,0.0,0.0,0.0,0.0
72130,COLUMBIAN CANDLE ROUND,133.34,219,27,0.0,0.0,0.0,0.0
35921,EASTER BUNNY HANGING GARLAND,133.23,68,23,1.25,1.0,1.0,0.014492753623188406
20823,GOLD WINE GOBLET,132.72,168,8,0.0,0.0,0.0,0.0
90208,PAIR OF PINK FLOWER CLUSTER SLIDE,132.7,53,37,15.299999999999999,6.0,1.0,0.1016949152542373
62096A,PINK/YELLOW FLOWERS HANDBAG,132.5,106,8,0.0,0.0,0.0,0.0
21518,BANK ACCOUNT  GREETING  CARD,132.44,318,38,0.0,0.0,0.0,0.0
90210D,PURPLE ACRYLIC FACETED BANGLE,132.05,107,8,0.0,0.0,0.0,0.0
23066,SMALL JEWELLERY STAND,132.0,16,6,8.25,1.0,1.0,0.058823529411764705
23081,GREEN METAL BOX TOP SECRET,132.0,16,4,49.5,6.0,3.0,0.2727272727272727
85039a,SET/4 RED MINI ROSE CANDLE IN BOWL,131.81,40,29,0.0,0.0,0.0,0.0
90185A,AMBER DIAMANTE EXPANDABLE RING,131.03,31,13,25.5,6.0,1.0,0.16216216216216217
90164A,PINK ROSEBUD PEARL BRACELET,130.67,27,14,0.0,0.0,0.0,0.0
90210C,RED   ACRYLIC FACETED BANGLE,130.51000000000002,99,10,0.0,0.0,0.0,0.0
84510a,SET OF 4 ENGLISH ROSE COASTERS,130.48,53,40,0.0,0.0,0.0,0.0
37467,PIG MUG IN TWO COLOUR DESIGNS,130.26999999999998,159,17,0.0,0.0,0.0,0.0
90000D,COPPER/OLIVE GREEN FLOWER NECKLACE,129.85,21,14,0.0,0.0,0.0,0.0
85185B,PINK HORSE SOCK PUPPET KIT,129.8,44,14,2.95,1.0,1.0,0.022222222222222223
21281,VINTAGE KITCHEN PRINT SEAFOOD,129.63,43,14,0.0,0.0,0.0,0.0
47590b,PINK HAPPY BIRTHDAY BUNTING,129.48,12,9,0.0,0.0,0.0,0.0
72799C,PINK PILLAR CANDLE SILVER FLOCK,129.47,81,19,0.0,0.0,0.0,0.0
21400,RED PUDDING SPOON,128.63,881,72,0.0,0.0,0.0,0.0
20826,SILVER APERITIF GLASS,128.4,276,8,0.0,0.0,0.0,0.0
35638B,PINK/BLUE STRING CURTAIN,128.32999999999998,57,5,0.0,0.0,0.0,0.0
84846A,SCENTED CANDLE IN DIGITALIS TIN,128.14000000000001,57,13,0.0,0.0,0.0,0.0
84800S,SMALL WHITE/PINK ROSE ART FLOWER,127.57000000000001,113,9,2.5,2.0,1.0,0.017391304347826087
90180A,BLACK+WHITE NECKLACE W TASSEL,127.24,17,9,0.0,0.0,0.0,0.0
85130A,BEADED PEARL HEART WHITE LARGE,127.04999999999998,77,10,0.0,0.0,0.0,0.0
79190D,RETRO PLASTIC DAISY TRAY,126.97999999999999,265,47,0.0,0.0,0.0,0.0
22887,NUMBER TILE VINTAGE FONT 8,126.78,78,23,0.0,0.0,0.0,0.0
23303,SET 4 PICNIC CUTLERY FONDANT,126.75,65,6,0.0,0.0,0.0,0.0
23020,GLASS SONGBIRD STORAGE JAR,126.7,11,3,73.65,6.0,6.0,0.35294117647058826
85067,CREAM SWEETHEART WALL CABINET,126.64999999999999,7,5,0.0,0.0,0.0,0.0
90199C,5 STRAND GLASS NECKLACE CRYSTAL,126.63999999999999,20,10,12.7,2.0,1.0,0.09090909090909091
23578,SNACK TRAY RED GINGHAM,125.72,60,14,0.0,0.0,0.0,0.0
84968a,SET OF 16 VINTAGE ROSE CUTLERY,125.32999999999998,5,3,0.0,0.0,0.0,0.0
23065,LARGE JEWELLERY STAND,125.0,10,4,12.5,1.0,1.0,0.09090909090909091
22888,NUMBER TILE VINTAGE FONT 9,124.97999999999999,76,21,0.0,0.0,0.0,0.0
21420,OYSTER TRINKET BOX,123.66,54,19,0.0,0.0,0.0,0.0
23477,WOODLAND LARGE BLUE FELT HEART,123.47,92,13,0.0,0.0,0.0,0.0
37343,POLKADOT MUG PINK,123.29999999999998,72,13,0.0,0.0,0.0,0.0
23454,SET OF 3 MINI HANGING PORTRAITS,123.2,32,2,8.3,2.0,1.0,0.058823529411764705
90058A,CRYSTAL STUD EARRINGS CLEAR DISPLAY,123.12,324,7,13.68,36.0,1.0,0.1
23457,LARGE PARLOUR FRAME,122.85,27,2,0.0,0.0,0.0,0.0
90195A,PURPLE GEMSTONE BRACELET,122.84,19,10,0.0,0.0,0.0,0.0
90070,RUBY GLASS CLUSTER BRACELET,122.64000000000001,20,14,17.85,3.0,1.0,0.13043478260869565
85086A,CANDY SPOT HEART DECORATION,122.08,146,50,0.0,0.0,0.0,0.0
90129B,TURQUOISE GLASS TASSLE BAG CHARM,121.38000000000001,57,20,0.0,0.0,0.0,0.0
37333,"RETRO ""TEA FOR ONE""",120.99,21,17,0.0,0.0,0.0,0.0
20845,ZINC HEART LATTICE 2 WALL PLANTER,120.64999999999999,19,11,0.0,0.0,0.0,0.0
90173,PAIR BUTTERFLY HAIR CLIPS,120.34,32,17,0.0,0.0,0.0,0.0
23467,VINTAGE ZINC PLANTER,120.08000000000001,32,11,0.0,0.0,0.0,0.0
35972,DAISY FOLKART HEART DECORATION,120.0,96,16,0.0,0.0,0.0,0.0
23438,GIFT BAG LARGE SPOT,120.0,96,6,0.0,0.0,0.0,0.0
90161A,ANT COPPER RED BOUDICCA BRACELET,119.91000000000001,24,21,0.0,0.0,0.0,0.0
90124B,BLUE MURANO TWIST NECKLACE,119.89,12,11,0.0,0.0,0.0,0.0
90003C,MIDNIGHT BLUE PAIR HEART HAIR SLIDE,119.84,32,24,15.0,4.0,1.0,0.1111111111111111
84569B,PACK 3 FIRE ENGINE/CAR PATCHES,119.65,86,19,0.0,0.0,0.0,0.0
23209,LUNCH BAG VINTAGE DOILEY,119.63,71,5,65.80000000000001,40.0,11.0,0.36036036036036034
90122C,TURQUOISE CRYSTAL+GLASS BRACELET,119.23,24,11,0.0,0.0,0.0,0.0
10080,GROOVY CACTUS INFLATABLE,119.08999999999999,303,22,0.0,0.0,0.0,0.0
21032,SPACE CADET WHITE,119.03,98,30,0.0,0.0,0.0,0.0
84709B,PINK OVAL JEWELLED MIRROR,119.0,20,11,0.0,0.0,0.0,0.0
23359,SET OF 12 T-LIGHTS VINTAGE DOILEY,118.94999999999999,61,6,0.0,0.0,0.0,0.0
23280,FOLDING MIRROR HOT PINK,118.91999999999999,156,5,1.66,2.0,1.0,0.012658227848101266
85114b,IVORY ENCHANTED FOREST PLACEMAT,118.86000000000001,36,14,0.0,0.0,0.0,0.0
84507B,STRIPES DESIGN MONKEY DOLL,118.72999999999999,39,22,0.0,0.0,0.0,0.0
21095,SET/6 POSIES PAPER PLATES,118.72999999999999,125,14,0.0,0.0,0.0,0.0
84228,HEN HOUSE W CHICK STANDING,118.21,283,24,0.42,1.0,1.0,0.0035211267605633804
90184A,AMBER CHUNKY BEAD BRACELET W STRAP,117.73,13,9,0.0,0.0,0.0,0.0
21814,HEART T-LIGHT HOLDER,117.57,78,15,0.0,0.0,0.0,0.0
90183A,AMBER DROP EARRINGS W LONG BEADS,117.24000000000001,40,23,17.700000000000003,6.0,1.0,0.13043478260869565
84741C,CITRUS GARLAND FELT FLOWERS,117.0,60,14,0.0,0.0,0.0,0.0
23244,STORAGE TIN VINTAGE LEAF,117.0,60,7,16.95,9.0,5.0,0.13043478260869565
23151,ZINC SWEETHEART SOAP DISH,116.82000000000001,62,21,0.0,0.0,0.0,0.0
23185,FRENCH STYLE STORAGE JAR JAM,116.58999999999999,323,30,0.29,1.0,1.0,0.0030864197530864196
72780,BLACK SILOUETTE CANDLE PLATE,116.44999999999999,137,20,0.0,0.0,0.0,0.0
51020A,SUMMER FUN DESIGN SHOWER CAP,116.32999999999998,325,18,0.58,2.0,1.0,0.0061162079510703364
72812,LARGE ZINC GLASS CANDLEHOLDER,116.06,34,11,0.0,0.0,0.0,0.0
84809A,WHITE CHRYSANTHEMUMS ART FLOWER,115.50000000000001,55,8,4.2,2.0,1.0,0.03508771929824561
16052,TEATIME PUSH DOWN RUBBER,115.3,479,13,0.0,0.0,0.0,0.0
90148,LONG SILVER NECKLACE PASTEL FLOWER,114.48,9,6,25.5,2.0,1.0,0.18181818181818182
23535,WALL ART BICYCLE SAFTEY,114.15,21,3,5.95,1.0,1.0,0.045454545454545456
90130B,TURQ STONE/CRYSTAL EARRINGS,113.97,39,31,0.0,0.0,0.0,0.0
47518F,ICON PLACEMAT POP ART ELVIS,113.64,827,28,0.0,0.0,0.0,0.0
84457,SET/3 RABBITS FLOWER SKIPPPING ROPE,113.41,127,26,0.0,0.0,0.0,0.0
72801D,4 SKY BLUE DINNER CANDLES,113.21,75,18,0.0,0.0,0.0,0.0
20795,LARGE BLUE PROVENCAL CERAMIC BALL,113.05000000000001,49,11,12.6,6.0,2.0,0.10909090909090909
47503H,ASS FLORAL PRINT SPIRIT LEVEL,112.81,101,37,0.0,0.0,0.0,0.0
84925F,PSYCHEDELIC WALL THERMOMETER,112.47999999999999,80,14,0.0,0.0,0.0,0.0
90003D,CRYSTAL PAIR HEART HAIR SLIDES,112.26,30,16,15.0,4.0,1.0,0.11764705882352941
90096,NECKLACE+BRACELET SET BLUE BLOSSOM,112.21,45,26,0.0,0.0,0.0,0.0
21678,PAISLEY PATTERN  STICKERS,111.86,125,32,0.0,0.0,0.0,0.0
90214A,"LETTER ""A"" BLING KEY RING",111.66,130,56,0.0,0.0,0.0,0.0
90036E,"FLOWER GLASS GARLD NECKL36""AMETHYST",110.95,14,11,0.0,0.0,0.0,0.0
90185C,BLACK DIAMANTE EXPANDABLE RING,110.09,26,10,68.0,16.0,3.0,0.38095238095238093
90125D,PURPLE BERTIE GLASS BEAD BAG CHARM,110.03,95,19,0.0,0.0,0.0,0.0
20731,POSY CANDY BAG,109.96,92,16,0.0,0.0,0.0,0.0
85167B,BLACK GRAND BAROQUE PHOTO FRAME,109.94,50,8,0.0,0.0,0.0,0.0
21278,VINTAGE KITCHEN PRINT PUDDINGS,109.64999999999999,43,7,0.0,0.0,0.0,0.0
90124C,GREEN MURANO TWIST NECKLACE,109.53999999999999,11,8,0.0,0.0,0.0,0.0
90122A,PINK CRYSTAL+GLASS BRACELET,109.48,22,14,0.0,0.0,0.0,0.0
85096,HILDA CANDY SPOT RABBIT,109.23,25,16,0.0,0.0,0.0,0.0
20894,HANGING BAUBLE T-LIGHT HOLDER LARGE,108.71000000000001,33,15,0.0,0.0,0.0,0.0
23041,PAPER LANTERN 6 POINT SNOW STAR,107.9,26,6,99.60000000000001,24.0,1.0,0.48
21372,MIRRORED WALL ART TABLE LAMP,107.75,75,33,0.0,0.0,0.0,0.0
35916C,PINK FELT HANGING HEART W FLOWER,107.72,106,20,0.0,0.0,0.0,0.0
17090A,LAVENDER INCENSE 40 CONES IN TIN,107.44999999999999,109,10,0.0,0.0,0.0,0.0
85129C,BEADED CRYSTAL HEART BLUE SMALL,107.31,80,15,0.0,0.0,0.0,0.0
21904,HOUSE WRECKING METAL SIGN,107.10000000000001,51,23,0.0,0.0,0.0,0.0
23626,SET 10 CARDS DINKY TREE 17076,107.07000000000001,43,16,0.0,0.0,0.0,0.0
23455,SMALL PARLOUR FRAME,106.98000000000002,42,2,0.0,0.0,0.0,0.0
35818P,"ACRYLIC JEWEL ICICLE, PINK",106.97,266,19,0.0,0.0,0.0,0.0
35819B,"ACRYLIC HANGING JEWEL,BLUE",106.81,270,24,0.0,0.0,0.0,0.0
90125A,PINK BERTIE GLASS BEAD BAG CHARM,106.24,115,10,0.0,0.0,0.0,0.0
20657,TROPICAL LUGGAGE TAG,105.91,73,33,0.0,0.0,0.0,0.0
20898,VINTAGE NOTEBOOK TRAVELOGUE,105.73,38,13,17.700000000000003,6.0,1.0,0.13636363636363635
90016A,SILVER/M.O.P PENDANT ORBIT NECKLACE,105.71000000000001,17,7,0.0,0.0,0.0,0.0
85040a,S/4 PINK FLOWER CANDLES IN BOWL,105.28,32,21,0.0,0.0,0.0,0.0
23574,PACKING CHARGE,105.0,14,14,15.0,2.0,2.0,0.125
22039,BOTANICAL LILY GIFT WRAP,105.0,250,7,10.5,25.0,1.0,0.09090909090909091
84661C,PINK SQUARE TABLE CLOCK,104.84,71,14,0.0,0.0,0.0,0.0
35920,FOUR RABBIT EASTER DECORATIONS,104.84,72,15,0.0,0.0,0.0,0.0
84461,12 PINK HEN+CHICKS IN BASKET,104.55,41,14,15.299999999999999,6.0,1.0,0.1276595744680851
17084P,DRAGONS BLOOD INCENSE,104.44,423,39,0.0,0.0,0.0,0.0
20796,SMALL BLUE PROVENCAL CERAMIC BALL,103.93999999999998,62,9,0.0,0.0,0.0,0.0
79144B,PAINTED LIGHTBULB STAR+ MOON,103.64999999999999,181,53,0.0,0.0,0.0,0.0
84247E,PACK/12 XMAS FUN CARD,103.25000000000001,35,11,67.85000000000001,23.0,2.0,0.39655172413793105
90032,IVORY SHELL HEART NECKLACE,103.13,21,8,0.0,0.0,0.0,0.0
22879,NUMBER TILE VINTAGE FONT 0,102.46,70,16,0.0,0.0,0.0,0.0
90063A,WHITE VINT ART DECO CRYSTAL NECKLAC,102.0,12,8,0.0,0.0,0.0,0.0
90196A,PURPLE GEMSTONE NECKLACE 45CM,102.0,8,5,0.0,0.0,0.0,0.0
21109,"LARGE CAKE TOWEL, CHOCOLATE SPOTS",101.53,11,8,0.0,0.0,0.0,0.0
20701,PINK CAT FLORAL CUSHION COVER,100.97,25,18,0.0,0.0,0.0,0.0
35637C,PINK STRING CURTAIN WITH POLE,100.86,30,9,0.0,0.0,0.0,0.0
16033,MINI HIGHLIGHTER PENS,100.79999999999998,840,4,0.0,0.0,0.0,0.0
35911B,PINK/FLOWER RABBIT EGG WARMER,100.76,119,15,0.0,0.0,0.0,0.0
gift_0001_40,Dotcomgiftshop Gift Voucher £40.00,100.69999999999999,3,3,0.0,0.0,0.0,0.0
21370,MIRRORED WALL ART FOXY,100.66000000000001,16,9,0.0,0.0,0.0,0.0
90010B,BLACK/WHITE GLASS/SILVER BRACELET,100.08999999999999,11,7,0.0,0.0,0.0,0.0
90081C,LILY BROOCH OLIVE COLOUR,99.60000000000001,20,15,0.0,0.0,0.0,0.0
23611,SET 10 CARDS RED RIDING HOOD 17214,99.60000000000001,40,16,0.0,0.0,0.0,0.0
17091A,LAVENDER INCENSE IN TIN,99.29,172,25,0.0,0.0,0.0,0.0
23464,VINTAGE ZINC WATERING CAN SMALL,99.2,18,8,0.0,0.0,0.0,0.0
23466,TUSCAN VILLA DOVECOTE,99.0,12,4,8.25,1.0,1.0,0.07692307692307693
23465,TUSCAN VILLA FEEDING STATION,99.0,12,7,0.0,0.0,0.0,0.0
23191,BUNDLE OF 3 RETRO EXERCISE BOOKS,98.99999999999999,60,5,4.949999999999999,3.0,2.0,0.047619047619047616
84510c,SET OF 4 POLKADOT COASTERS,98.7,40,23,0.0,0.0,0.0,0.0
84898F,YELLOW FLOWERS FELT HANDBAG KIT,98.63000000000001,46,19,0.0,0.0,0.0,0.0
79144C,PAINTED LIGHTBULB RAINBOW DESIGN,98.53999999999999,153,51,0.0,0.0,0.0,0.0
90101,WHITE FRANGIPANI NECKLACE,98.07,39,17,15.299999999999999,6.0,1.0,0.13333333333333333
84723,CHERRY BLOSSOM CANVAS ART PICTURE,97.95,41,6,0.0,0.0,0.0,0.0
47369B,BLUE GREEN EMBROIDERY COSMETIC BAG,97.13,35,22,0.0,0.0,0.0,0.0
90185B,AMETHYST DIAMANTE EXPANDABLE RING,97.02,23,12,38.25,9.0,2.0,0.28125
84806A,PINK CANDYSTUFT ARTIFICIAL FLOWER,96.88999999999999,137,11,0.0,0.0,0.0,0.0
90204,PAIR OF ENAMEL BUTTERFLY HAIRCLIP,96.86,29,18,13.4,4.0,1.0,0.12121212121212122
84801A,PINK HYDRANGEA ART FLOWER,96.60000000000001,46,5,0.0,0.0,0.0,0.0
90019B,GOLD M.O.P ORBIT BRACELET,96.52000000000001,18,18,0.0,0.0,0.0,0.0
72801c,4 ROSE PINK DINNER CANDLES,95.94,39,25,0.0,0.0,0.0,0.0
21722,SWEET PUDDING STICKER SHEET,95.52999999999999,98,36,0.85,1.0,1.0,0.010101010101010102
90174,BUTTERFLY HAIR BAND,95.41999999999999,38,21,30.599999999999998,12.0,2.0,0.24
21777,RECIPE BOX WITH METAL HEART,95.4,12,6,39.75,5.0,2.0,0.29411764705882354
90146,FINE SILVER NECKLACE W PASTEL FLOWE,95.35000000000001,17,7,0.0,0.0,0.0,0.0
90036D,"FLOWER GLASS GARLAND NECKL.36""BLACK",95.35000000000001,12,5,0.0,0.0,0.0,0.0
90178A,AMBER CHUNKY GLASS+BEAD NECKLACE,95.25,8,8,0.0,0.0,0.0,0.0
20653,CHERRY BLOSSOM LUGGAGE TAG,95.17999999999999,73,33,0.0,0.0,0.0,0.0
84527,FLAMES SUNGLASSES PINK LENSES,95.1,52,8,0.0,0.0,0.0,0.0
84666,SQUARE CHERRY BLOSSOM CABINET,94.80000000000001,24,4,0.0,0.0,0.0,0.0
90133,TEAL/FUSCHIA COL BEAD NECKLACE,94.43,19,13,0.0,0.0,0.0,0.0
20622,VIP PASSPORT COVER,94.04,43,17,0.0,0.0,0.0,0.0
23402,HOME SWEEET HOME 3 PEG HANGER,93.75,25,4,0.0,0.0,0.0,0.0
82613A,"METAL SIGN,CUPCAKE SINGLE HOOK",93.63,72,18,0.0,0.0,0.0,0.0
47369A,PINK GREEN EMBROIDERY COSMETIC BAG,93.19,33,20,0.0,0.0,0.0,0.0
20773,BLUE PAISLEY NOTEBOOK,92.39999999999999,56,23,0.0,0.0,0.0,0.0
90018B,GOLD M.O.P ORBIT DROP EARRINGS,92.28,22,17,0.0,0.0,0.0,0.0
35933,PINK STOCKING CHRISTMAS DECORATION,92.21000000000001,226,19,0.0,0.0,0.0,0.0
85132a,CHARLIE + LOLA BISCUITS TINS,92.19999999999999,8,8,0.0,0.0,0.0,0.0
82615,PINK MARSHMALLOW SCARF KNITTING KIT,91.8,36,1,0.0,0.0,0.0,0.0
90030C,BROWN KUKUI COCONUT SEED NECKLACE,91.7,77,11,0.0,0.0,0.0,0.0
90175B,PINK GLASS CHUNKY CHARM BRACELET,91.68,10,9,0.0,0.0,0.0,0.0
20901,VINTAGE KEEPSAKE BOX PINK FLOWER,91.48,20,15,12.7,2.0,1.0,0.09090909090909091
23075,DOUBLE CERAMIC PARLOUR HOOK,91.30000000000001,22,5,141.10000000000002,34.0,6.0,0.6071428571428571
20662,FIRST CLASS HOLIDAY PURSE,90.42,31,20,0.0,0.0,0.0,0.0
85230F,JASMINE VOTIVE CANDLE,90.33999999999999,338,12,0.0,0.0,0.0,0.0
90163A,PINK ROSEBUD & PEARL NECKLACE,90.32,12,9,0.0,0.0,0.0,0.0
90022,EDWARDIAN DROP EARRINGS JET BLACK,90.2,24,20,15.0,4.0,1.0,0.14285714285714285
21690,SILVER  CANDLEPOT JARDIN,90.0,24,7,0.0,0.0,0.0,0.0
72051S,BAG OF SILVER STONES,89.94999999999999,131,13,0.0,0.0,0.0,0.0
35833P,4 PINK FLOCK CHRISTMAS BALLS,89.72,50,22,0.0,0.0,0.0,0.0
35400,WOODEN BOX ADVENT CALENDAR,89.5,10,5,135.2,16.0,8.0,0.6153846153846154
20892,SET/3 TALL GLASS CANDLE HOLDER PINK,89.22,4,3,0.0,0.0,0.0,0.0
90123A,PINK HEART OF GLASS BRACELET,89.12,15,9,0.0,0.0,0.0,0.0
84984A,GREEN PEONY CUSHION COVER,88.35000000000001,19,6,0.0,0.0,0.0,0.0
84306,S/3 PINK SQUARE PLANTERS ROSES,88.22,10,9,0.0,0.0,0.0,0.0
90166,PINK & WHITE ROSEBUD RING,88.04,21,15,0.0,0.0,0.0,0.0
90129F,RED GLASS TASSLE BAG CHARM,88.03,40,16,0.0,0.0,0.0,0.0
84531B,BLUE KNITTED EGG COSY,87.56,156,28,0.0,0.0,0.0,0.0
84989a,75 GREEN FAIRY CAKE CASES,87.51,42,25,0.0,0.0,0.0,0.0
23442,12 HANGING EGGS HAND PAINTED,87.36,42,7,0.0,0.0,0.0,0.0
20869,GOLD FABRIC MIRROR,86.76,180,29,0.0,0.0,0.0,0.0
21038,SET/4 MODERN VINTAGE COTTON NAPKINS,86.75,77,23,5.9,2.0,1.0,0.02531645569620253
23614,SET 10 CARDS 12 DAYS WRAP  17058,86.58000000000001,26,11,0.0,0.0,0.0,0.0
90003E,GREEN PAIR HEART HAIR SLIDES,86.11,23,14,15.0,4.0,1.0,0.14814814814814814
79051A,SMOKEY GREY COLOUR GLASS,85.91999999999999,240,15,0.0,0.0,0.0,0.0
79403,FROSTED WHITE BASE,85.52,95,15,0.0,0.0,0.0,0.0
75172,PAINTED SEA SHELL METAL WINDCHIME,85.31,93,8,0.0,0.0,0.0,0.0
20821,GOLDIE LOOKING MIRROR,84.15,17,6,59.400000000000006,12.0,2.0,0.41379310344827586
23456,MEDIUM PARLOUR FRAME,84.1,22,2,8.3,2.0,1.0,0.08333333333333333
79030D,"TUMBLER, BAROQUE",84.03999999999999,56,7,0.39,1.0,1.0,0.017543859649122806
16169K,WRAP FOLK ART,84.0,200,8,0.0,0.0,0.0,0.0
20941,FROG CANDLE,83.78,64,19,2.5,2.0,1.0,0.030303030303030304
90072,RUBY DROP CHANDELIER EARRINGS,83.42,21,14,0.0,0.0,0.0,0.0
22016,Dotcomgiftshop Gift Voucher £100.00,83.33,1,1,0.0,0.0,0.0,0.0
90123C,GREEN HEART OF GLASS BRACELET,83.29,14,6,0.0,0.0,0.0,0.0
90129A,PINK GLASS TASSLE BAG CHARM,82.97999999999999,45,20,0.0,0.0,0.0,0.0
84881,BLUE WIRE SPIRAL CANDLE HOLDER,82.57,12,6,6.35,1.0,1.0,0.07692307692307693
35968,FOLK ART METAL HEART T-LIGHT HOLDER,82.1,163,19,0.0,0.0,0.0,0.0
35638A,PINK AND BLACK STRING CURTAIN,82.1,38,5,0.0,0.0,0.0,0.0
16049,TEATIME GEL PENS ASST,82.08,504,5,0.0,0.0,0.0,0.0
90108,BLUE BLOSSOM HAIR CLIP,81.96000000000001,70,12,10.5,10.0,1.0,0.125
21226,POCKET MIRROR WOODLAND,81.8,94,20,0.0,0.0,0.0,0.0
20664,TROPICAL HOLIDAY PURSE,81.66,32,18,0.0,0.0,0.0,0.0
71496A,A4 WALL TIDY BLUE OFFICE,80.96000000000001,127,12,0.0,0.0,0.0,0.0
90175C,BLUE GLASS CHUNKY CHARM BRACELET,80.55,9,6,0.0,0.0,0.0,0.0
84249A,"GREETING CARD,SQUARE, DOUGHNUTS",80.46,174,27,0.0,0.0,0.0,0.0
84927E,FLOWERS TILE HOOK,80.16000000000001,59,13,4.2,2.0,1.0,0.03278688524590164
23370,SET 36 COLOUR PENCILS DOILEY,80.0,64,3,1.25,1.0,1.0,0.015384615384615385
90129C,GREEN GLASS TASSLE BAG CHARM,79.76,35,16,0.0,0.0,0.0,0.0
90124A,PINK MURANO TWIST NECKLACE,79.66,8,6,0.0,0.0,0.0,0.0
90162B,ANT SILVER LIME GREEN BOUDICCA RING,79.65,27,10,2.95,1.0,1.0,0.03571428571428571
84984B,RED PEONY CUSHION COVER,79.05000000000001,17,5,0.0,0.0,0.0,0.0
72811,SMALL ZINC/GLASS CANDLEHOLDER,78.92999999999999,53,8,0.0,0.0,0.0,0.0
84847,FLORAL BATHROOM SET,78.75,21,11,0.0,0.0,0.0,0.0
90039D,FIRE POLISHED GLASS BRACELET GREEN,78.69,21,9,0.0,0.0,0.0,0.0
84906,PINK B'FLY C/COVER W BOBBLES,78.17,12,7,1.95,1.0,1.0,0.07692307692307693
37479B,CUBIC MUG FLOCK BLUE ON BROWN,78.09,131,21,0.0,0.0,0.0,0.0
90000A,RASPBERRY ANT COPPER FLOWER NECKLAC,77.91,13,8,0.0,0.0,0.0,0.0
90086,CRYSTAL FROG PHONE CHARM,77.78999999999999,102,28,0.0,0.0,0.0,0.0
23497,CLASSIC CROME BICYCLE BELL,77.4,60,2,17.4,12.0,1.0,0.16666666666666666
90129E,PURPLE GLASS TASSLE BAG CHARM,77.03999999999999,42,14,0.0,0.0,0.0,0.0
20980,36 PENCILS TUBE POSY,76.91,79,20,11.25,9.0,1.0,0.10227272727272728
84531A,PINK KNITTED EGG COSY,76.69,147,29,0.0,0.0,0.0,0.0
46000P,POLYESTER FILLER PAD 65CMx65CM,76.5,18,6,0.0,0.0,0.0,0.0
84840,SWEETHEART CARRY-ALL BASKET,76.44,6,6,17.0,2.0,1.0,0.25
90099,NECKLACE+BRACELET SET BLUE HIBISCUS,76.38,27,16,0.0,0.0,0.0,0.0
90063B,BLACK VINT ART DEC CRYSTAL NECKLACE,76.32,9,6,0.0,0.0,0.0,0.0
90177C,DROP DIAMANTE EARRINGS CRYSTAL,76.23,26,14,17.700000000000003,6.0,1.0,0.1875
16207B,PINK HEART RED HANDBAG,76.14,29,18,0.0,0.0,0.0,0.0
20798,CLEAR MILKSHAKE GLASS,75.60000000000001,36,5,6.6,4.0,1.0,0.1
22416,SET OF 36 SPACEBOY PAPER DOILIES,75.42,51,8,8.7,6.0,1.0,0.10526315789473684
21946,PARTY TIME DESIGN FLANNEL,75.35,86,25,0.0,0.0,0.0,0.0
21413,PERIWINKLE T-LIGHT HOLDER,75.02,48,17,0.0,0.0,0.0,0.0
23061,VINTAGE ENGRAVED HEART,75.0,60,4,3.75,3.0,1.0,0.047619047619047616
gift_0001_10,Dotcomgiftshop Gift Voucher £10.00,74.97,9,8,0.0,0.0,0.0,0.0
84968d,SET OF 16 VINTAGE RED CUTLERY,74.88,3,3,0.0,0.0,0.0,0.0
23044,PAPER LANTERN 9 POINT HOLLY STAR 23,74.7,18,5,0.0,0.0,0.0,0.0
23068,ALUMINIUM HEART,74.7,30,6,0.0,0.0,0.0,0.0
84251G,"GREETING CARD, OVERCROWDED POOL.",74.7,270,53,0.0,0.0,0.0,0.0
17012E,ORIGAMI OPIUM INCENSE/CANDLE SET,74.64,68,10,0.0,0.0,0.0,0.0
90118,PINK DAISY BAG CHARM,74.64,30,19,15.299999999999999,6.0,1.0,0.16666666666666666
85132b,CHARLIE AND LOLA TABLE TINS,74.60999999999999,9,9,0.0,0.0,0.0,0.0
85198,ASSORTED FARMYARD ANIMALS IN BUCKET,74.58,90,9,0.0,0.0,0.0,0.0
21087,SET/6 POSIES PAPER CUPS,74.57000000000001,141,16,0.0,0.0,0.0,0.0
90059A,DIAMANTE HAIR GRIP PACK/2 CRYSTAL,74.53,45,27,9.899999999999999,6.0,1.0,0.11764705882352941
22285,"DECORATION HEN ON NEST, HANGING",74.42999999999999,42,6,0.0,0.0,0.0,0.0
90081A,LILY BROOCH AMETHYST COLOUR,74.25,15,8,0.0,0.0,0.0,0.0
90098,NECKLACE+BRACELET PINK BUTTERFLY,73.95,29,10,15.299999999999999,6.0,1.0,0.17142857142857143
90177D,DROP DIAMANTE EARRINGS PURPLE,73.53,25,14,17.700000000000003,6.0,1.0,0.1935483870967742
85197,SET OF 12 MINI BUNNIES IN A BUCKET,73.5,35,19,0.0,0.0,0.0,0.0
90214C,"LETTER ""C"" BLING KEY RING",72.77,91,33,0.0,0.0,0.0,0.0
90103,PURPLE FRANGIPANI NECKLACE,72.66,29,16,0.0,0.0,0.0,0.0
84231,EASTER BUNNY WITH BASKET ON BACK,72.63,108,20,0.0,0.0,0.0,0.0
20960,WATERMELON BATH SPONGE,72.49,29,10,0.0,0.0,0.0,0.0
72801G,4 BURGUNDY WINE DINNER CANDLES,72.46,57,13,0.0,0.0,0.0,0.0
90030A,SPOTTED WHITE NATURAL SEED NECKLACE,72.0,72,7,0.0,0.0,0.0,0.0
90036C,"FLOWER GLASS GARLAND NECKL.36""BLUE",71.4,9,5,0.0,0.0,0.0,0.0
22950,SET OF 36 VINTAGE CHRISTMAS DOILIES,71.27,38,8,413.65,325.0,4.0,0.8953168044077136
17014A,ORIGAMI VANILLA INCENSE CONES,71.19,155,8,0.0,0.0,0.0,0.0
23413,DECROTIVEVINTAGE COFFEE GRINDER BOX,71.08,12,6,49.800000000000004,12.0,1.0,0.5
20933,YELLOW POT PLANT CANDLE,71.05,23,9,0.0,0.0,0.0,0.0
90214S,"LETTER ""S"" BLING KEY RING",71.0,94,41,0.0,0.0,0.0,0.0
90211A,DIAMOND LAS VEGAS NECKLACE 45CM,70.97,12,8,0.0,0.0,0.0,0.0
47589,CONGRATULATIONS BUNTING,70.85000000000001,13,3,0.0,0.0,0.0,0.0
84251B,"GREETING CARD, STICKY GORDON",70.78,245,53,2.2800000000000002,12.0,1.0,0.04669260700389105
51020B,STRIPY DESIGN SHOWER CAP,70.57,197,15,0.29,1.0,1.0,0.005050505050505051
84927A,WAKE UP COCKEREL TILE HOOK,70.45,50,18,0.39,1.0,1.0,0.0196078431372549
85026B,EAU DE NILE JEWELLED T-LIGHT HOLDER,70.27,79,11,0.0,0.0,0.0,0.0
90051,CRACKED GLAZE NECKLACE RED,70.16,10,7,0.0,0.0,0.0,0.0
16161G,WRAP BAD HAIR DAY,70.0,700,22,0.0,0.0,0.0,0.0
16020C,CLEAR STATIONERY BOX SET,69.89999999999999,84,17,0.0,0.0,0.0,0.0
90125C,TURQUOISE BERTIE GLASS BEAD CHARM,69.85,77,7,0.0,0.0,0.0,0.0
46126A,ELVIS WALLHANGING / CURTAIN,69.84,52,8,0.0,0.0,0.0,0.0
81952V,ROUND PURPLE CLOCK WITH SUCKER,69.73,367,24,0.0,0.0,0.0,0.0
22949,SET OF 36 DOLLY GIRL PAPER DOILIES,69.66,45,15,20.299999999999997,14.0,2.0,0.23728813559322035
90199A,5 STRAND GLASS NECKLACE BLACK,69.63,11,6,0.0,0.0,0.0,0.0
84549,CROCHET WHITE RABBIT KEYRING,69.38,38,7,0.0,0.0,0.0,0.0
90019C,SILVER BLACK ORBIT BRACELET,68.73,13,11,0.0,0.0,0.0,0.0
85188B,PINK METAL SWINGING BUNNY,68.69999999999999,78,10,0.0,0.0,0.0,0.0
90151,SILVER/NATURAL SHELL NECKLACE,68.0,8,4,0.0,0.0,0.0,0.0
22597,CHRISTMAS MUSICAL ZINC HEART,67.89999999999999,58,10,28.9,34.0,2.0,0.3695652173913043
90194,SILVER LARIAT BLACK STONE EARRINGS,67.87,16,10,0.0,0.0,0.0,0.0
84247K,"FOLK ART GREETING CARD,pack/12",67.85000000000001,23,9,32.45,11.0,1.0,0.3235294117647059
90000B,MIDNIGHT BLUE COPPER FLOWER NECKLAC,67.83,11,7,0.0,0.0,0.0,0.0
90155,RESIN NECKLACE W PASTEL BEADS,67.62,9,7,0.0,0.0,0.0,0.0
84874B,BLUE TRAVEL FIRST AID KIT,67.50999999999999,41,14,0.0,0.0,0.0,0.0
85049B,LUSH GREENS RIBBONS,67.5,54,13,0.0,0.0,0.0,0.0
82011A,"BATHROOM SCALES, TROPICAL BEACH",67.5,18,12,0.0,0.0,0.0,0.0
35916A,YELLOW FELT HANGING HEART W FLOWER,67.39,87,29,0.0,0.0,0.0,0.0
90144,SILVER DROP EARRINGS WITH FLOWER,67.36,18,14,0.0,0.0,0.0,0.0
90024B,NEW BAROQUE B'FLY NECKLACE RED,67.28,8,6,17.0,2.0,1.0,0.2
37444A,YELLOW BREAKFAST CUP AND SAUCER,67.13000000000001,55,18,0.0,0.0,0.0,0.0
84859B,BLUE DISCO HANDBAG,66.75999999999999,32,11,0.0,0.0,0.0,0.0
90040B,MURANO STYLE GLASS BRACELET BLACK,66.7,18,11,0.0,0.0,0.0,0.0
35819P,"ACRYLIC HANGING JEWEL,PINK",66.55,95,7,0.0,0.0,0.0,0.0
84686,BEACH HUT MIRROR,66.39,49,8,0.0,0.0,0.0,0.0
17011F,ORIGAMI SANDLEWOOD INCENSE+FLOWER,66.36000000000001,81,7,0.0,0.0,0.0,0.0
72807a,SET/3 ROSE CANDLE IN JEWELLED BOX,66.32,8,5,0.0,0.0,0.0,0.0
20663,QUEEN OF THE SKIES HOLIDAY PURSE,66.26,25,20,0.0,0.0,0.0,0.0
85008,SET OF 3 CONEY ISLAND OVAL BOXES,66.12,13,8,0.0,0.0,0.0,0.0
20835,FRENCH LATTICE CUSHION COVER,65.8,67,8,0.0,0.0,0.0,0.0
21031,SPACE CADET BLACK,65.49,53,19,0.0,0.0,0.0,0.0
90214L,"LETTER ""L"" BLING KEY RING",65.03999999999999,94,37,0.0,0.0,0.0,0.0
84247N,PACK/12 BLUE FOLKART CARDS,64.9,22,18,0.0,0.0,0.0,0.0
90186B,CRYSTAL HOOP EARRING FLORAL LEAF,64.58,22,15,0.0,0.0,0.0,0.0
23235,BISCUIT TIN VINTAGE LEAF,64.56,24,3,40.46,14.0,7.0,0.3684210526315789
90202D,PINK ENAMEL FLOWER HAIR TIE,64.46000000000001,22,11,17.700000000000003,6.0,1.0,0.21428571428571427
90082D,DIAMANTE BOW BROOCH BLACK COLOUR,64.38,10,5,0.0,0.0,0.0,0.0
90202A,PURPLE ENAMEL FLOWER HAIR TIE,64.28,22,15,17.700000000000003,6.0,1.0,0.21428571428571427
90036F,"FLOWER GLASS GARLD NECKL36""TURQUOIS",64.08,8,5,0.0,0.0,0.0,0.0
90181A,AMBER GLASS/SHELL/PEARL NECKLACE,64.04,7,7,0.0,0.0,0.0,0.0
23253,16 PC CUTLERY SET PANTRY DESIGN,63.8,4,1,31.9,2.0,2.0,0.3333333333333333
22407,MONEY BOX FIRST ADE DESIGN,63.75,51,13,0.0,0.0,0.0,0.0
84875D,BLUE SQUARE COMPACT MIRROR,63.75,51,8,0.0,0.0,0.0,0.0
21692,SILVER LATTICE VANILLA CANDLE POT,63.75,17,7,0.0,0.0,0.0,0.0
84673A,PINK FLY SWAT,63.720000000000006,92,43,0.0,0.0,0.0,0.0
72133,COLUMBIAN CANDLE RECTANGLE,63.51,45,16,0.0,0.0,0.0,0.0
90196B,BLACK GEMSTONE NECKLACE 45CM,63.480000000000004,5,5,0.0,0.0,0.0,0.0
35815P,"ACRYLIC JEWEL SNOWFLAKE, PINK",63.28000000000001,162,5,0.0,0.0,0.0,0.0
62094B,TURQ ICE CREAM BUM BAG,63.209999999999994,19,8,0.0,0.0,0.0,0.0
90141A,GREEN PENDANT TRIPLE SHELL NECKLACE,63.11,12,10,0.0,0.0,0.0,0.0
S,SAMPLES,63.05,2,2,3112.44,61.0,17.0,0.9682539682539683
22145,CHRISTMAS CRAFT HEART STOCKING,63.0,30,1,0.0,0.0,0.0,0.0
84452,METAL RABBIT LADDER EASTER,62.9,74,16,3.4,4.0,1.0,0.05128205128205128
40046A,RED DAISY PAPER LAMPSHADE,62.5,50,6,0.0,0.0,0.0,0.0
84760S,SMALL HANGING GLASS+ZINC LANTERN,62.349999999999994,43,8,0.0,0.0,0.0,0.0
72351a,SET/6 TURQUOISE BUTTERFLY T-LIGHTS,62.269999999999996,15,12,0.0,0.0,0.0,0.0
85160B,BLACK BIRD GARDEN DESIGN MUG,62.239999999999995,106,16,0.78,2.0,1.0,0.018518518518518517
84247L,FAWN AND MUSHROOM GREETING CARD,62.06,128,19,0.0,0.0,0.0,0.0
20848,ZINC HEART LATTICE CHARGER SMALL,61.95,21,8,0.0,0.0,0.0,0.0
90210B,CLEAR ACRYLIC FACETED BANGLE,61.56,41,7,0.0,0.0,0.0,0.0
90087,CRYSTAL SEA HORSE PHONE CHARM,61.459999999999994,107,25,0.0,0.0,0.0,0.0
16151A,FLOWERS HANDBAG blue and orange,61.25,49,3,0.0,0.0,0.0,0.0
23541,"WALL ART ,PUDDINGS",61.2,8,2,16.5,2.0,1.0,0.2
90183B,AMETHYST DROP EARRINGS W LONG BEADS,61.08,21,17,0.0,0.0,0.0,0.0
71495B,CD WALL TIDY RED FLOWERS,61.05,163,8,0.0,0.0,0.0,0.0
84985A,SET OF 72 GREEN PAPER DOILIES,60.9,42,18,7.25,5.0,1.0,0.10638297872340426
21655,HANGING RIDGE GLASS T-LIGHT HOLDER,60.84,36,2,60.84,36.0,3.0,0.5
90065A,WHITE VINTAGE CRYSTAL BRACELET,60.75,9,4,0.0,0.0,0.0,0.0
90214K,"LETTER ""K"" BLING KEY RING",60.699999999999996,78,38,0.0,0.0,0.0,0.0
84984D,ORIENTAL RED CUSHION COVER,60.45,13,4,0.0,0.0,0.0,0.0
84805A,CREAM CLIMBING HYDRANGA ART FLOWER,60.0,32,4,0.0,0.0,0.0,0.0
90031,BILI NUT AND WOOD NECKLACE,59.89,50,7,0.0,0.0,0.0,0.0
90206A,GOLD DIAMANTE STAR BROOCH,59.800000000000004,12,9,0.0,0.0,0.0,0.0
22849,"BREAD BIN, DINER STYLE, MINT",59.8,4,1,234.25,15.0,8.0,0.7894736842105263
22847,"BREAD BIN, DINER STYLE, IVORY",59.8,4,1,711.8,44.0,31.0,0.9166666666666666
23629,SET 10 CARDS DRESSING UP 17077,59.760000000000005,24,10,0.0,0.0,0.0,0.0
23537,I LOVE LONDON WALL ART,59.400000000000006,12,2,0.0,0.0,0.0,0.0
21910,WAY OUT METAL SIGN,59.39999999999999,36,8,0.0,0.0,0.0,0.0
23325,RUSTIC STRAWBERRY JAMPOT SMALL,59.39999999999999,36,3,29.699999999999996,18.0,3.0,0.3333333333333333
79071B,ENGLISH ROSE METAL WASTE BIN,59.0,20,11,0.0,0.0,0.0,0.0
90202C,GREEN ENAMEL FLOWER HAIR TIE,58.71,20,14,17.700000000000003,6.0,1.0,0.23076923076923078
20760,GARDEN PATH POCKET BOOK,58.65,69,21,0.0,0.0,0.0,0.0
84798A,PINK FOXGLOVE ARTIIFCIAL FLOWER,58.64999999999999,23,4,30.599999999999998,12.0,1.0,0.34285714285714286
72134,COLUMBIAN  CUBE CANDLE,58.62,105,11,0.0,0.0,0.0,0.0
90190C,SILVER/AMETHYST DROP EARRINGS LEAF,58.43,20,19,0.0,0.0,0.0,0.0
84877A,PINK ROUND COMPACT MIRROR,58.16,40,4,0.0,0.0,0.0,0.0
72802a,ROSE SCENT CANDLE IN JEWELLED BOX,58.029999999999994,7,2,0.0,0.0,0.0,0.0
71406C,BLACK ORANGE SQUEEZER,57.96,138,21,0.0,0.0,0.0,0.0
16046,TEATIME PEN CASE & PENS,57.8,68,14,0.0,0.0,0.0,0.0
90210A,GREY ACRYLIC FACETED BANGLE,57.55,34,10,0.0,0.0,0.0,0.0
84466,TOP SECRET PEN SET,57.5,46,10,0.0,0.0,0.0,0.0
84597C,RETRO PINK BALL ASHTRAY,57.5,46,13,0.0,0.0,0.0,0.0
85006,SET 4 NURSERY DES ROUND BOXES,57.25,55,9,0.0,0.0,0.0,0.0
90214J,"LETTER ""J"" BLING KEY RING",57.21,71,41,0.0,0.0,0.0,0.0
21460,GREEN EASTER EGG HUNT START POST,56.779999999999994,28,11,0.0,0.0,0.0,0.0
90199B,5 STRAND GLASS NECKLACE AMETHYST,56.59,9,8,0.0,0.0,0.0,0.0
44236,PINK/PURPLE CIRCLE CURTAIN,56.52,52,6,0.0,0.0,0.0,0.0
90003B,ROSE COLOUR PAIR HEART HAIR SLIDES,56.31,15,10,15.0,4.0,1.0,0.21052631578947367
47341B,BLUE TABLE RUN FLOWER,56.25,45,11,0.0,0.0,0.0,0.0
90038A,GLASS AND PAINTED BEADS BRACELET TO,56.15,15,10,0.0,0.0,0.0,0.0
90050,CRACKED GLAZE NECKLACE IVORY,55.72,8,4,13.9,2.0,1.0,0.2
84679,CLASSICAL ROSE TABLE LAMP,55.7,6,2,0.0,0.0,0.0,0.0
90023,FILIGREE DIAMANTE EARRINGS,55.02,13,9,0.0,0.0,0.0,0.0
84750B,BLACK SMALL GLASS CAKE STAND,54.99,61,12,0.39,1.0,1.0,0.016129032258064516
90014A,SILVER M.O.P. ORBIT NECKLACE,54.800000000000004,11,6,0.0,0.0,0.0,0.0
90071,RUBY GLASS CLUSTER EARRINGS,54.62,44,33,0.0,0.0,0.0,0.0
72132,COLUMBIAN CUBE CANDLE,54.599999999999994,28,12,0.0,0.0,0.0,0.0
21336,GOLD WASHBAG,54.57,27,10,0.0,0.0,0.0,0.0
90040C,MURANO STYLE GLASS BRACELET GOLD,54.42,15,10,0.0,0.0,0.0,0.0
20759,CHRYSANTHEMUM POCKET BOOK,54.4,64,20,0.0,0.0,0.0,0.0
90040A,MURANO STYLE GLASS BRACELET RED,54.290000000000006,14,5,0.0,0.0,0.0,0.0
79323B,BLACK CHERRY LIGHTS,54.0,8,1,54.0,8.0,2.0,0.5
20793,BLUE TILED TRAY,54.0,8,4,33.75,5.0,1.0,0.38461538461538464
23389,SPACEBOY MINI RUCKSACK,53.95,13,4,8.3,2.0,1.0,0.13333333333333333
84251C,"GREETING CARD, TWO SISTERS.",53.88,127,40,0.0,0.0,0.0,0.0
90012A,MIDNIGHT BLUE DROP CRYSTAL NECKLACE,53.760000000000005,11,5,0.0,0.0,0.0,0.0
90035A,"PEARL & SHELL 42""NECKL. GREEN",53.62,5,3,0.0,0.0,0.0,0.0
20851,ZINC HEART LATTICE TRAY OVAL,53.550000000000004,9,7,0.0,0.0,0.0,0.0
20697,LITTLE GREEN MONSTER SOFT TOY,53.55,21,11,0.0,0.0,0.0,0.0
20756,GREEN FERN POCKET BOOK,53.55,63,22,0.0,0.0,0.0,0.0
47586A,PINK FAIRY CAKE CUSHION COVER,53.55,21,8,0.0,0.0,0.0,0.0
90123B,TURQUOISE HEART OF GLASS BRACELET,53.42,9,5,0.0,0.0,0.0,0.0
90211B,JET BLACK LAS VEGAS NECKLACE 45CM,53.260000000000005,9,6,11.9,2.0,1.0,0.18181818181818182
90214E,"LETTER ""E"" BLING KEY RING",53.199999999999996,72,30,0.0,0.0,0.0,0.0
20857,BLUE ROSE PATCH PURSE PINK BUTTERFL,52.8,32,8,24.75,15.0,1.0,0.3191489361702128
90163B,WHITE ROSEBUD & PEARL NECKLACE,52.72,7,5,0.0,0.0,0.0,0.0
90168,2 DAISIES HAIR COMB,52.56,18,12,17.700000000000003,6.0,1.0,0.25
90176D,DIAMANTE NECKLACE PURPLE,52.5,7,4,7.5,1.0,1.0,0.125
84805B,BLUE CLIMBING HYDRANGA ART FLOWER,52.5,38,3,0.0,0.0,0.0,0.0
84842,HELLO SAILOR BATHROOM SET,52.5,14,9,0.0,0.0,0.0,0.0
90138,WHITE/PINK MINI CRYSTALS NECKLACE,52.42,10,7,0.0,0.0,0.0,0.0
90141C,TURQ PENDANT TRIPLE SHELL NECKLACE,52.31,10,8,0.0,0.0,0.0,0.0
84927D,LA PALMIERA TILE HOOK,52.25,48,14,4.2,2.0,1.0,0.04
35265,COLOURFUL FLOWER FRUIT BOWL,52.2,17,12,0.0,0.0,0.0,0.0
23196,RETO LEAVES MAGNETIC SHOPPING LIST,52.199999999999996,36,3,18.849999999999998,13.0,3.0,0.2653061224489796
23035,DOORKNOB CERAMIC IVORY,52.199999999999996,36,1,13.049999999999999,9.0,2.0,0.2
85028S,FRENCH CHATEAU SMALL FRUITBOWL,51.599999999999994,24,8,0.0,0.0,0.0,0.0
90205A,LARGE MINT DIAMANTE HAIRSLIDE,51.51,31,16,0.0,0.0,0.0,0.0
84597B,RETRO BROWN BALL ASHTRAY,51.25,41,5,0.0,0.0,0.0,0.0
20910,VINTAGE PHOTO ALBUM PARIS DAYS,50.8,8,3,0.0,0.0,0.0,0.0
84534B,FAIRY CAKE NOTEBOOK A5 SIZE,50.72,53,10,0.0,0.0,0.0,0.0
35916B,BLUE FELT HANGING HEART WITH FLOWER,50.57,75,30,0.0,0.0,0.0,0.0
90018C,SILVER BLACK ORBIT DROP EARRINGS,50.400000000000006,12,9,4.25,1.0,1.0,0.07692307692307693
17007B,S/3 POT POURI CUSHIONS BLUE COLOURS,50.400000000000006,24,2,0.0,0.0,0.0,0.0
47348A,FUSCHIA VOILE POINTY SHOE DEC,50.31,97,15,0.0,0.0,0.0,0.0
44242B,PINK FEATHERS CURTAIN,50.28,52,3,0.0,0.0,0.0,0.0
90214D,"LETTER ""D"" BLING KEY RING",49.9,68,32,0.0,0.0,0.0,0.0
90214M,"LETTER ""M"" BLING KEY RING",49.82,60,28,0.0,0.0,0.0,0.0
90180B,PURPLE AMETHYST NECKLACE W TASSEL,49.81,5,5,0.0,0.0,0.0,0.0
23603,SET 10 CARD KRAFT REINDEER 17084,49.800000000000004,20,14,0.0,0.0,0.0,0.0
23197,VEGETABLE MAGNETIC  SHOPPING LIST,49.8,36,3,36.25,25.0,7.0,0.4098360655737705
90079,VINTAGE ENAMEL & CRYSTAL NECKLACE,49.760000000000005,10,4,0.0,0.0,0.0,0.0
20667,CHERRY BLOSSOM PURSE,49.69,20,16,0.0,0.0,0.0,0.0
90202B,WHITE ENAMEL FLOWER HAIR TIE,49.65,17,10,17.700000000000003,6.0,1.0,0.2608695652173913
90142D,MOP PENDANT SHELL NECKLACE,49.64,10,4,0.0,0.0,0.0,0.0
90157,RIVIERA NECKLACE,49.59,10,5,0.0,0.0,0.0,0.0
23015,CORDIAL JUG,49.5,6,2,57.75,7.0,3.0,0.5384615384615384
21816,CHRISTMAS TREE T-LIGHT HOLDER,49.3,34,7,0.0,0.0,0.0,0.0
21089,SET/6 GREEN SPRING PAPER CUPS,48.99,233,25,0.0,0.0,0.0,0.0
90038B,GLASS AND PAINTED BEADS BRACELET OL,48.77,13,8,0.0,0.0,0.0,0.0
84497,BUTTONS AND STRIPES NOTEBOOK,48.75,13,7,0.0,0.0,0.0,0.0
90002D,FLOWER BURST SILVER RING CRYSTAL,48.71,13,9,0.0,0.0,0.0,0.0
21720,CAKE SHOP  STICKER SHEET,48.449999999999996,57,8,0.0,0.0,0.0,0.0
DCGS0076,SUNJAR LED NIGHT NIGHT LIGHT,48.39,3,2,0.0,0.0,0.0,0.0
84559a,3D SHEET OF DOG STICKERS,48.379999999999995,29,22,0.0,0.0,0.0,0.0
84510E,SET OF 4 GREEN CAROUSEL COASTERS,48.29,34,16,0.0,0.0,0.0,0.0
90205C,LARGE CRYSTAL DIAMANTE HAIRSLIDE,48.209999999999994,29,15,0.0,0.0,0.0,0.0
84402B,PURPLE DRESS JEWELLERY STAND,48.19,61,3,0.0,0.0,0.0,0.0
90125B,AQUA BERTIE GLASS BEAD BAG CHARM,48.06,30,12,0.0,0.0,0.0,0.0
90169,DAISY HAIR COMB,47.839999999999996,19,11,15.299999999999999,6.0,1.0,0.24
90036A,FLOWER GARLAND NECKLACE RED,47.7,6,4,0.0,0.0,0.0,0.0
23539,"WALL ART , LOVES' SECRET",47.6,8,2,0.0,0.0,0.0,0.0
90165B,WHITE ROSEBUD  PEARL EARRINGS,47.43,19,18,0.0,0.0,0.0,0.0
17084J,LOVE POTION MASALA INCENSE,47.25,225,8,0.0,0.0,0.0,0.0
84706F,RED PEONY TABLE CLOCK,47.2,16,10,0.0,0.0,0.0,0.0
84086B,YELLOW/BLUE RETRO RADIO,47.2,16,7,2.95,1.0,1.0,0.058823529411764705
84715,SET OF 6 ICE CREAM SKITTLES,47.2,16,3,0.0,0.0,0.0,0.0
84857B,BLUE MONTE CARLO HANDBAG,46.8,24,1,3.9,2.0,1.0,0.07692307692307693
84750A,PINK SMALL GLASS CAKE STAND,46.8,24,1,52.65,27.0,2.0,0.5294117647058824
90190A,SILVER/CRYSTAL DROP EARRINGS W LEAF,46.76,16,10,0.0,0.0,0.0,0.0
21392,RED POLKADOT PUDDING BOWL,46.39,34,7,0.0,0.0,0.0,0.0
23107,WHITE WIRE PLANT POT HOLDER,46.24,16,2,0.0,0.0,0.0,0.0
84801B,WHITE HYDRANGEA ART FLOWER,46.2,22,3,0.0,0.0,0.0,0.0
23047,PAPER LANTERN 5 POINT STUDDED STAR,46.0,8,4,0.0,0.0,0.0,0.0
85031A,ROMANTIC IMAGES SCRAP BOOK SET,45.9,16,7,0.0,0.0,0.0,0.0
90012B,BLACK DROP CRYSTAL NECKLACE,45.35000000000001,13,3,0.0,0.0,0.0,0.0
90064B,BLACK VINTAGE  CRYSTAL EARRINGS,45.0,12,7,3.75,1.0,1.0,0.07692307692307693
23625,SET 6 CARDS SPARKLY REINDEER 17262,44.910000000000004,9,4,0.0,0.0,0.0,0.0
90141B,IVORY PENDANT TRIPLE SHELL NECKLACE,44.86,9,5,0.0,0.0,0.0,0.0
84906,PINK BUTTERFLY CUSHION COVER,44.849999999999994,23,5,1.95,1.0,1.0,0.041666666666666664
85185D,FROG SOCK PUPPET,44.25000000000001,15,8,0.0,0.0,0.0,0.0
20670,VIP HOLIDAY PURSE,44.04,14,11,0.0,0.0,0.0,0.0
47344B,BLUE FLOWER DES PURSE,43.66,44,6,0.0,0.0,0.0,0.0
79063C,"RETRO PILL BOX KEY CHAIN,THE KING",43.65,235,14,0.0,0.0,0.0,0.0
90056,CHUNKY CRACKED GLAZE NECKLACE IVORY,43.510000000000005,4,4,0.0,0.0,0.0,0.0
20698,LITTLE PINK MONSTER SOFT TOY,43.349999999999994,17,8,0.0,0.0,0.0,0.0
46138B,BLUE CHENILLE SHAGGY CUSHION COVER,43.15,43,12,11.05,13.0,2.0,0.23214285714285715
37444C,PINK BREAKFAST CUP AND SAUCER,43.050000000000004,23,9,0.0,0.0,0.0,0.0
23038,T-LIGHT HOLDER SILVER SAUCER,42.919999999999995,44,8,0.0,0.0,0.0,0.0
84539,KNITTED RABBIT DOLL,42.9,26,2,0.0,0.0,0.0,0.0
22987,WRAP SUMMER ROSE DESIGN,42.84,102,5,0.0,0.0,0.0,0.0
20818,GOLD TEDDY BEAR,42.7,15,5,0.0,0.0,0.0,0.0
16254,TRANSPARENT ACRYLIC TAPE DISPENSER,42.58,40,17,0.0,0.0,0.0,0.0
84922,PINK BUTTERFLY WASHBAG,42.29,9,6,0.0,0.0,0.0,0.0
90029,NEW BAROQUE SMALL NECKLACE BLACK,42.14,5,4,0.0,0.0,0.0,0.0
90024F,NEW BAROQUE B'FLY NECKLACE CRYSTAL,42.13,5,4,0.0,0.0,0.0,0.0
47570b,TEA TIME TABLE CLOTH,42.019999999999996,2,2,0.0,0.0,0.0,0.0
16156L,"WRAP, CAROUSEL",42.0,100,4,0.0,0.0,0.0,0.0
23231,WRAP  VINTAGE DOILEY,42.0,100,2,0.0,0.0,0.0,0.0
17084A,TRANQUILITY MASALA INCENSE,42.0,200,7,0.0,0.0,0.0,0.0
90120D,WHITE MURANO TWIST BRACELET,41.790000000000006,10,5,0.0,0.0,0.0,0.0
20666,ECONOMY HOLIDAY PURSE,41.53,30,17,0.0,0.0,0.0,0.0
23045,PAPER LANTERN 5 POINT STAR MOON 30,41.5,10,5,83.0,20.0,1.0,0.6666666666666666
15030,FAN BLACK FRAME,41.47,143,12,0.0,0.0,0.0,0.0
90059D,DIAMANTE HAIR GRIP PACK/2 PERIDOT,41.449999999999996,25,19,9.899999999999999,6.0,1.0,0.1935483870967742
72807c,SET/3 VANILLA SCENTED CANDLE IN BOX,41.449999999999996,5,5,0.0,0.0,0.0,0.0
84997a,GREEN 3 PIECE POLKADOT CUTLERY SET,41.449999999999996,5,5,0.0,0.0,0.0,0.0
90059E,DIAMANTE HAIR GRIP PACK/2 RUBY,41.37,25,15,9.899999999999999,6.0,1.0,0.1935483870967742
90039B,FIRE POLISHED GLASS BRACELET MONTAN,41.31,11,6,0.0,0.0,0.0,0.0
90162C,ANT SILVER FUSCHIA BOUDICCA RING,41.300000000000004,14,7,0.0,0.0,0.0,0.0
85089,CANDY SPOT BUNNY,41.300000000000004,14,5,0.0,0.0,0.0,0.0
84921,CREAM AND PINK FLOWERS PONY,41.25,11,5,0.0,0.0,0.0,0.0
23448,CREAM BUNNY EASTER EGG BASKET,41.24999999999999,25,3,0.0,0.0,0.0,0.0
75013B,"STRING OF 8 BUTTERFLIES,PINK",41.24999999999999,25,6,0.0,0.0,0.0,0.0
90067A,PINK VINTAGE VICTORIAN EARRINGS,41.150000000000006,14,7,0.0,0.0,0.0,0.0
90177E,DROP DIAMANTE EARRINGS GREEN,41.080000000000005,14,9,17.700000000000003,6.0,1.0,0.3
90177B,DROP DIAMANTE EARRINGS BLACK DIAMON,41.010000000000005,14,7,0.0,0.0,0.0,0.0
90182C,BLACK 3 BEAD DROP EARRINGS,40.96,14,9,17.700000000000003,6.0,1.0,0.3
90130C,GREEN STONE/CRYSTAL EARRINGS,40.95,14,13,0.0,0.0,0.0,0.0
90177A,CLASSIC DIAMANTE EARRINGS JET,40.900000000000006,14,9,17.700000000000003,6.0,1.0,0.3
23148,MINITURE ANTIQUE ROSE HOOK IVORY,40.8,48,4,10.79,13.0,7.0,0.21311475409836064
10120,DOGGY RUBBER,40.53,193,29,0.0,0.0,0.0,0.0
71495A,CD WALL TIDY BLUE OFFICE,40.379999999999995,103,8,0.0,0.0,0.0,0.0
90214G,"LETTER ""G"" BLING KEY RING",40.199999999999996,60,30,0.0,0.0,0.0,0.0
85092,CANDY SPOT TEA COSY,40.05,27,2,0.0,0.0,0.0,0.0
90187B,GREEN DROP EARRINGS W BEAD CLUSTER,40.03,12,8,0.0,0.0,0.0,0.0
90165A,PINK ROSEBUD PEARL EARRINGS,39.98,16,15,0.0,0.0,0.0,0.0
72369A,PINK CLEAR GLASS CANDLE PLATE,39.92,30,5,0.0,0.0,0.0,0.0
23462,ROCOCO WALL MIROR,39.9,2,1,350.09999999999997,18.0,12.0,0.9
90135,ORANGE/WHT/FUSCHIA STONES NECKLACE,39.660000000000004,8,2,0.0,0.0,0.0,0.0
84725,FREESTYLE CANVAS ART PICTURE,39.65,41,18,0.0,0.0,0.0,0.0
22972,CHILDRENS SPACEBOY MUG,39.599999999999994,24,2,56.099999999999994,34.0,8.0,0.5862068965517241
84596f,SMALL MARSHMALLOWS PINK BOWL,39.36,16,12,0.0,0.0,0.0,0.0
84575A,PINK DOG CANNISTER,39.3,14,4,5.95,1.0,1.0,0.06666666666666667
21307,SET/4 BUTTERFLY MIRROR MAGNETS,39.199999999999996,79,13,0.0,0.0,0.0,0.0
35910A,MULTICOLOUR EASTER RABBIT,39.0,20,4,0.0,0.0,0.0,0.0
47341A,FUSCHIA TABLE RUN FLOWER,38.75,27,5,0.0,0.0,0.0,0.0
90064A,WHITE VINTAGE CRYSTAL EARRINGS,38.7,10,6,0.0,0.0,0.0,0.0
84751B,BLACK MEDIUM GLASS CAKE STAND,38.69,19,8,0.79,1.0,1.0,0.05
21393,BLUE POLKADOT PUDDING BOWL,38.67,29,7,0.0,0.0,0.0,0.0
47420,ASSORTED COLOUR SUCTION CUP HOOK,38.38,202,13,0.0,0.0,0.0,0.0
84559b,3D SHEET OF CAT STICKERS,38.33,23,20,0.0,0.0,0.0,0.0
84746,PINK EASTER HENS+FLOWER,38.31,14,9,0.0,0.0,0.0,0.0
84617,NEW BAROQUE BLACK BOXES,38.25,3,3,0.0,0.0,0.0,0.0
84925D,LA PALMIERA WALL THERMOMETER,38.25,15,10,0.0,0.0,0.0,0.0
90190B,GOLD/AMBER DROP EARRINGS W LEAF,38.18,13,7,0.0,0.0,0.0,0.0
81952B,ROUND BLUE CLOCK WITH SUCKER,38.0,200,9,0.0,0.0,0.0,0.0
84033,FLAG OF ST GEORGE,37.95,23,7,0.0,0.0,0.0,0.0
84809B,PINK CHRYSANTHEMUMS ART FLOWER,37.800000000000004,18,1,0.0,0.0,0.0,0.0
90075,MONTANA DIAMOND CLUSTER NECKLACE,37.66,4,3,0.0,0.0,0.0,0.0
90199D,5 STRAND GLASS NECKLACE AMBER,37.620000000000005,6,6,0.0,0.0,0.0,0.0
90212B,JET BLACK LAS VEGAS BRACELET ROUND,37.62,10,8,0.0,0.0,0.0,0.0
79191D,RETRO PLASTIC DAISY TRAY,37.61,35,16,10.2,12.0,1.0,0.2553191489361702
23043,PAPER LANTERN 9 POINT HOLLY STAR 40,37.5,6,3,0.0,0.0,0.0,0.0
72709,IVORY SCULPTED RND CANDLE,37.4,44,7,0.0,0.0,0.0,0.0
35809a,ENAMEL PINK TEA CONTAINER,37.33,9,9,0.0,0.0,0.0,0.0
84509b,SET OF 4 FAIRY CAKE PLACEMATS,37.3,5,4,0.0,0.0,0.0,0.0
90074,BLACK DIAMOND CLUSTER NECKLACE,37.239999999999995,4,3,0.0,0.0,0.0,0.0
22837,HOT WATER BOTTLE BABUSHKA LARGE,37.2,8,1,157.65,37.0,2.0,0.8222222222222222
22407,MONEY BOX FIRST AID DESIGN,36.78,44,11,0.0,0.0,0.0,0.0
84522,PINK PARTY SUNGLASSES,36.76,20,12,0.0,0.0,0.0,0.0
90214H,"LETTER ""H"" BLING KEY RING",36.76,48,30,0.0,0.0,0.0,0.0
90085,CRYSTAL STILETTO PHONE CHARM,36.76,34,10,0.0,0.0,0.0,0.0
71510,SQUARE METAL CANDLEHOLDER BASE,36.519999999999996,52,8,0.0,0.0,0.0,0.0
35913B,WHITE/PINK CHICK EASTER DECORATION,36.33,37,10,0.0,0.0,0.0,0.0
84548,CROCHET BEAR RED/BLUE  KEYRING,36.3,22,4,0.0,0.0,0.0,0.0
17090D,VANILLA INCENSE 40 CONES IN TIN,36.25,29,12,0.0,0.0,0.0,0.0
84226,HEN HOUSE W FAMILY IN BARN & NEST,36.21,51,10,0.0,0.0,0.0,0.0
85216,ASSORTED CAKES FRIDGE MAGNETS,35.75,55,8,0.0,0.0,0.0,0.0
90094,NECKLACE+BRACELET SET FRUIT SALAD,35.699999999999996,14,13,0.0,0.0,0.0,0.0
90179C,BLACK FINE BEAD NECKLACE W TASSEL,35.44,6,6,0.0,0.0,0.0,0.0
79063D,"RETRO PILL BOX , REVOLUTIONARY",35.33,190,11,0.0,0.0,0.0,0.0
90123D,WHITE HEART OF GLASS BRACELET,35.31,6,5,0.0,0.0,0.0,0.0
90179A,AMBER FINE BEAD NECKLACE W TASSEL,35.31,6,5,0.0,0.0,0.0,0.0
90011B,BLACK CRYSTAL DROP EARRINGS,35.27,12,7,0.0,0.0,0.0,0.0
90060F,FIRE POLISHED GLASS NECKL GREEN,35.160000000000004,6,6,0.0,0.0,0.0,0.0
90186A,AMETHYST HOOP EARRING FLORAL LEAF,35.11,12,9,0.0,0.0,0.0,0.0
90131,PINK/AMETHYST/GOLD NECKLACE,34.870000000000005,5,2,0.0,0.0,0.0,0.0
23196,LEAVES MAGNETIC  SHOPPING LIST,34.8,24,2,18.849999999999998,13.0,3.0,0.35135135135135137
90049,IVORY GOLD METAL BAG CHARM,34.77,5,3,0.0,0.0,0.0,0.0
90059F,DIAMANTE HAIR GRIP PACK/2 LT ROSE,34.69,21,14,9.899999999999999,6.0,1.0,0.2222222222222222
20827,GOLD APERITIF GLASS,34.32,88,2,0.0,0.0,0.0,0.0
79406,FROSTED WHITE BASE,34.12,144,8,0.0,0.0,0.0,0.0
81950B,FLOWER BLUE CLOCK WITH SUCKER,33.93,117,8,0.0,0.0,0.0,0.0
84873A,FUNKY FLOWER PICNIC BAG FOR 4,33.9,2,2,0.0,0.0,0.0,0.0
90026C,GLASS BEAD HOOP NECKLACE GREEN,33.82,4,3,0.0,0.0,0.0,0.0
90024C,NEW BAROQUE B'FLY NECKLACE GREEN,33.81,4,3,0.0,0.0,0.0,0.0
17136A,BLUE STONES ON WIRE FOR CANDLE,33.75,404,17,0.0,0.0,0.0,0.0
90038C,GLASS AND BEADS BRACELET IVORY,33.69,9,4,0.0,0.0,0.0,0.0
72783,BLACK SIL'T SQU CANDLE PLATE,33.6,16,2,0.0,0.0,0.0,0.0
90129D,AMBER GLASS TASSLE BAG CHARM,33.440000000000005,14,7,0.0,0.0,0.0,0.0
23390,DOLLY GIRL MINI RUCKSACK,33.2,8,2,4.15,1.0,1.0,0.1111111111111111
37423,WHITE WITH BLACK CATS PLATE,33.18,78,3,0.0,0.0,0.0,0.0
72807b,SET/3 OCEAN SCENT CANDLE JEWEL BOX,33.16,4,4,0.0,0.0,0.0,0.0
35610C,WHITE CHRISTMAS FLOCK DROPLET,32.51,25,2,0.0,0.0,0.0,0.0
37468,HARDMAN MUG 3 ASSORTED,32.42,65,13,0.0,0.0,0.0,0.0
17109D,FLOWER FAIRY INCENSE BOUQUET,32.349999999999994,61,5,0.0,0.0,0.0,0.0
84824,DANISH ROSE UMBRELLA STAND,31.9,2,2,0.0,0.0,0.0,0.0
90036B,"FLOWER GLASS GARLAND NECKL.36""GREEN",31.8,4,2,0.0,0.0,0.0,0.0
20878,SET/9 CHRISTMAS T-LIGHTS SCENTED,31.25,25,7,0.0,0.0,0.0,0.0
23366,SET 12 COLOUR PENCILS DOILEY,31.200000000000003,48,3,0.0,0.0,0.0,0.0
23632,SET 10 CARDS CHEERFUL ROBIN 17065,31.200000000000003,15,10,0.0,0.0,0.0,0.0
44228,CANNABIS LEAF BEAD CURTAIN,30.599999999999998,36,2,0.0,0.0,0.0,0.0
85018D,YULETIDE IMAGES S/6 PAPER BOXES,30.599999999999998,12,7,0.0,0.0,0.0,0.0
22937,BAKING MOULD CHOCOLATE CUP CAKES,30.599999999999998,12,2,33.15,13.0,2.0,0.52
22937,BAKING MOULD CUPCAKE CHOCOLATE,30.599999999999998,12,1,33.15,13.0,2.0,0.52
37471,MULTICOLOUR POLKADOT PLATE,30.43,29,3,0.0,0.0,0.0,0.0
90176B,DIAMANTE NECKLACE BLACK,30.12,4,3,0.0,0.0,0.0,0.0
23250,ENAMEL BOWL PANTRY,30.0,24,2,141.8,121.0,8.0,0.8344827586206897
23396,BUTTERFLY CUSHION COVER,30.0,8,2,15.0,4.0,1.0,0.3333333333333333
35610B,BLACK CHRISTMAS FLOCK DROPLET,30.0,24,1,0.0,0.0,0.0,0.0
22953,BIRTHDAY BANNER TAPE,30.0,24,1,0.0,0.0,0.0,0.0
23252,ENAMEL JUG PANTRY,30.0,8,2,123.75,33.0,7.0,0.8048780487804879
23437,GIFT BAG LARGE 50'S CHRISTMAS,30.0,24,2,2.5,2.0,1.0,0.07692307692307693
90195B,BLACK GEMSTONE BRACELET,29.98,4,4,0.0,0.0,0.0,0.0
90176E,DIAMANTE NECKLACE GREEN,29.98,4,3,0.0,0.0,0.0,0.0
90039A,FIRE POLISHED GLASS BRACELET RED,29.96,8,3,0.0,0.0,0.0,0.0
21310,CAPIZ CHANDELIER,29.95,1,1,0.0,0.0,0.0,0.0
90122B,JADE CRYSTAL+GLASS BRACELET,29.93,6,6,0.0,0.0,0.0,0.0
21667,GLASS CAKE COVER AND PLATE,29.9,2,1,29.9,2.0,1.0,0.5
90136,PALE PINK/AMETHYST STONE NECKLACE,29.849999999999998,3,2,0.0,0.0,0.0,0.0
90014C,SILVER/BLACK ORBIT NECKLACE,29.849999999999998,3,2,0.0,0.0,0.0,0.0
84660a,WHITE STITCHED WALL CLOCK,29.84,4,2,0.0,0.0,0.0,0.0
90159,COTE D'AZURE NECKLACE,29.790000000000003,6,5,0.0,0.0,0.0,0.0
90001D,ANTIQUE OLIVE GREEN FLOWER EARRINGS,29.73,7,5,0.0,0.0,0.0,0.0
90120A,PINK MURANO TWIST BRACELET,29.73,7,3,0.0,0.0,0.0,0.0
23530,"WALL ART,ONLY ONE PERSON",29.700000000000003,6,1,0.0,0.0,0.0,0.0
21757,LIGHTHOUSE PRINTED METAL SIGN,29.700000000000003,6,3,0.0,0.0,0.0,0.0
21040,MODERN VINTAGE COTTON SHOPPING BAG,29.7,22,8,0.0,0.0,0.0,0.0
35816P,"ACRYLIC JEWEL ANGEL,PINK",29.64,78,2,0.0,0.0,0.0,0.0
90214I,"LETTER ""I"" BLING KEY RING",29.619999999999997,38,13,0.0,0.0,0.0,0.0
84706D,CHERRY BLOSSOM TABLE CLOCK,29.599999999999998,8,4,0.0,0.0,0.0,0.0
90162D,ANT SILVER PURPLE BOUDICCA RING,29.500000000000004,10,5,0.0,0.0,0.0,0.0
84465,15 PINK FLUFFY CHICKS IN BOX,29.5,10,7,0.0,0.0,0.0,0.0
82605,OLD DOC RUSSEL METAL SIGN,29.400000000000002,14,3,0.0,0.0,0.0,0.0
84558a,3D DOG PICTURE PLAYING CARDS,29.310000000000002,5,5,0.0,0.0,0.0,0.0
85030,FRENCH CHATEAU OVAL PLATTER,29.25,15,6,0.0,0.0,0.0,0.0
90214N,"LETTER ""N"" BLING KEY RING",29.23,41,24,0.0,0.0,0.0,0.0
84199,GLOW IN DARK DOLPHINS,29.19,139,31,0.0,0.0,0.0,0.0
21011,GLITTER SNOW PEAR TREE DECORATION,28.999999999999996,20,3,0.0,0.0,0.0,0.0
46776f,WOVEN ROSE GARDEN CUSHION COVER,28.91,7,1,0.0,0.0,0.0,0.0
90152A,SILVER/NAT SHELL NECKLACE W PENDANT,28.76,5,5,0.0,0.0,0.0,0.0
84803B,WHITE ALLIUM  ARTIFICIAL FLOWER,28.73,17,4,5.07,3.0,1.0,0.15
90093,CLEAR CRYSTAL STAR PHONE CHARM,28.569999999999997,52,10,0.0,0.0,0.0,0.0
90027D,GLASS BEAD HOOP EARRINGS AMETHYST,28.4,9,6,0.0,0.0,0.0,0.0
17165D,ASS COL LARGE SAND FROG P'WEIGHT,28.35,27,7,0.0,0.0,0.0,0.0
23380,PACK OF 12 DOILEY TISSUES,28.08,72,2,14.04,36.0,2.0,0.3333333333333333
84798B,PURPLE FOXGLOVE ARTIIFCIAL FLOWER,28.049999999999997,11,3,10.2,4.0,1.0,0.26666666666666666
90005A,JADE GREEN ENAMEL HAIR COMB,28.02,14,10,0.0,0.0,0.0,0.0
90214R,"LETTER ""R"" BLING KEY RING",28.009999999999998,41,25,0.0,0.0,0.0,0.0
84613A,PINK NEW BAROQUE FLOCK CANDLESTICK,27.900000000000002,6,3,0.0,0.0,0.0,0.0
79066k,RETRO MOD TRAY,27.77,17,10,0.0,0.0,0.0,0.0
23637,SET 10 CARDS OUT OF ORDER 17216,27.39,11,9,0.0,0.0,0.0,0.0
23613,SET 10 XMAS CARDS & BADGES 17070,27.39,11,6,0.0,0.0,0.0,0.0
44235,ASSORTED COLOURED CIRCLE MOBILE,27.3,65,7,0.0,0.0,0.0,0.0
85126,LARGE ROUND CUTGLASS CANDLESTICK,27.14,2,1,6.75,1.0,1.0,0.3333333333333333
85017C,ENVELOPE 50 CURIOUS IMAGES,27.02,50,10,0.0,0.0,0.0,0.0
79323P,PINK CHERRY LIGHTS,27.0,4,1,54.0,8.0,2.0,0.6666666666666666
23702,High Resolution Image,27.0,4,3,0.0,0.0,0.0,0.0
84993a,75 GREEN PETIT FOUR CASES,26.56,32,19,0.0,0.0,0.0,0.0
35598A,DUSTY PINK CHRISTMAS TREE 60CM,26.550000000000004,9,2,0.0,0.0,0.0,0.0
84675,FROG KING WATERING CAN,26.55,9,2,0.0,0.0,0.0,0.0
90059B,DIAMANTE HAIR GRIP PACK/2 BLACK DIA,26.52,16,10,9.899999999999999,6.0,1.0,0.2727272727272727
21836,GINGHAM OVEN GLOVE RED HEART,26.490000000000002,5,3,0.0,0.0,0.0,0.0
72140E,BEST DAD CANDLE LETTERS,26.349999999999998,31,8,0.85,1.0,1.0,0.03125
90212C,PURPLE LAS VEGAS BRACELET ROUND,26.25,7,3,0.0,0.0,0.0,0.0
23636,SET 10 CARDS WISHING TREE 17116,26.19,9,7,0.0,0.0,0.0,0.0
90183C,BLACK DROP EARRINGS W LONG BEADS,26.15,9,9,0.0,0.0,0.0,0.0
35916B,BLUE FELT HANGING HEART W FLOWER,26.11,16,2,0.0,0.0,0.0,0.0
21461,BLUE EASTER EGG HUNT START POST,25.81,11,6,3.9,2.0,2.0,0.15384615384615385
84968B,SET OF 16 VINTAGE IVORY CUTLERY,25.5,2,2,0.0,0.0,0.0,0.0
90026D,GLASS BEAD HOOP NECKLACE AMETHYST,25.5,3,3,0.0,0.0,0.0,0.0
84968f,SET OF 16 VINTAGE SKY BLUE CUTLERY,25.49,1,1,0.0,0.0,0.0,0.0
35910B,PINK FLOWERS RABBIT EASTER,25.349999999999998,13,3,0.0,0.0,0.0,0.0
90026B,GLASS BEAD HOOP NECKLACE MONTANA,25.32,3,3,0.0,0.0,0.0,0.0
90037B,TINY CRYSTAL BRACELET GREEN,25.279999999999998,10,5,0.0,0.0,0.0,0.0
90013D,PURPLE VINTAGE EARRINGS,25.17,6,3,0.0,0.0,0.0,0.0
90188,DROP EARRINGS W FLOWER & LEAF,25.13,10,7,0.0,0.0,0.0,0.0
84596e,SMALL LICORICE DES PINK BOWL,25.099999999999998,10,6,0.0,0.0,0.0,0.0
90033,IVORY SHELL HEART EARRINGS,25.07,10,9,0.0,0.0,0.0,0.0
23104,IVORY PANTRY HANGING LAMP,25.0,2,1,0.0,0.0,0.0,0.0
22135,LADLE LOVE HEART PINK,24.98,39,13,0.0,0.0,0.0,0.0
23214,BELL HEART ANTIQUE GOLD,24.96,12,1,0.0,0.0,0.0,0.0
90016C,SILVER/BLACK PENDANT ORBIT NECKLACE,24.96,3,3,0.0,0.0,0.0,0.0
23620,SET 10 CARDS PERFECT POST 17090,24.900000000000002,10,7,0.0,0.0,0.0,0.0
23240,SET OF 4 KNICK KNACK TINS  DOILEY,24.900000000000002,6,1,206.70000000000002,50.0,17.0,0.8928571428571429
85034a,3 GARDENIA MORRIS BOXED CANDLES,24.869999999999997,3,3,0.0,0.0,0.0,0.0
15060b,FAIRY CAKE DESIGN UMBRELLA,24.869999999999997,3,3,0.0,0.0,0.0,0.0
85132c,CHARLIE AND LOLA FIGURES TINS,24.869999999999997,3,3,0.0,0.0,0.0,0.0
85115B,S/4 BLACK DISCO PARTITION PANEL,24.869999999999997,3,1,0.0,0.0,0.0,0.0
90043,COPPER AND BRASS BAG CHARM,24.810000000000002,4,2,0.0,0.0,0.0,0.0
90059C,DIAMANTE HAIR GRIP PACK/2 MONTANA,24.79,15,10,9.899999999999999,6.0,1.0,0.2857142857142857
90214B,"LETTER ""B"" BLING KEY RING",24.77,37,22,0.0,0.0,0.0,0.0
20820,SILVER LOOKING MIRROR,24.75,5,2,0.0,0.0,0.0,0.0
20778,GARDEN PATH NOTEBOOK,24.75,15,8,0.0,0.0,0.0,0.0
90141E,ORANGE PENDANT TRIPLE SHELL NECKLAC,24.75,5,2,0.0,0.0,0.0,0.0
84854,GIRLY PINK TOOL SET,24.75,5,1,0.0,0.0,0.0,0.0
84993B,75 BLACK PETIT FOUR CASES,24.36,58,18,0.0,0.0,0.0,0.0
90076,MONTANA DIAMOND CLUSTER EARRINGS,24.119999999999997,9,4,2.55,1.0,1.0,0.1
84562A,PINK/WHITE RIBBED MELAMINE JUG,23.85,3,3,0.0,0.0,0.0,0.0
47503J,SET/3 FLORAL GARDEN TOOLS IN BAG,23.85,3,2,0.0,0.0,0.0,0.0
21357,TOAST ITS - DINOSAUR,23.75,19,10,0.0,0.0,0.0,0.0
35909A,RABBIT EASTER DECORATION,23.6,8,3,0.0,0.0,0.0,0.0
35909B,PINK FLOWERS RABBIT EASTER,23.6,8,2,0.0,0.0,0.0,0.0
90083,CRYSTAL CZECH CROSS PHONE CHARM,23.47,25,9,0.0,0.0,0.0,0.0
23244,CANNISTER VINTAGE LEAF DESIGN,23.4,12,2,16.95,9.0,5.0,0.42857142857142855
22246,"GARLAND, MAGIC GARDEN 1.8M",23.4,12,1,23.4,12.0,1.0,0.5
90176C,DIAMANTE NECKLACE,23.32,3,2,0.0,0.0,0.0,0.0
23623,SET 10 CARD CHRISTMAS WELCOME 17112,23.28,8,6,0.0,0.0,0.0,0.0
90182A,AMBER 3 BEAD DROP EARRINGS,23.2,8,8,0.0,0.0,0.0,0.0
90104,PURPLE FRANGIPANI HAIRCLIP,23.16,28,12,0.0,0.0,0.0,0.0
23236,STORAGE TIN VINTAGE DOILEY,23.13,7,2,95.37,33.0,17.0,0.825
23106,ZINC PLANT POT HOLDER,23.12,8,1,34.68,12.0,1.0,0.6
85195,HANGING HEART BASKET,23.1,11,3,0.0,0.0,0.0,0.0
85206B,PINK FELT EASTER EGG BASKET,23.099999999999998,14,4,0.0,0.0,0.0,0.0
22351,DOTCOMGIFTSHOP TEA TOWEL,23.089999999999996,13,2,0.0,0.0,0.0,0.0
90214Y,"LETTER ""Y"" BLING KEY RING",22.839999999999996,66,8,0.0,0.0,0.0,0.0
23145,ZINC T-LIGHT HOLDER STARS LARGE,22.799999999999997,24,2,10.45,11.0,2.0,0.3142857142857143
90054,CRACKED GLAZE EARRINGS RED,22.58,9,9,0.0,0.0,0.0,0.0
90039C,FIRE POLISHED GLASS BRACELET BLACK,22.48,6,6,0.0,0.0,0.0,0.0
90176A,CLASSIC DIAMANTE NECKLACE JET,22.48,3,2,7.5,1.0,1.0,0.25
23645,SET 10 CHRISTMAS CARDS HOHOHO 16956,22.410000000000004,9,4,0.0,0.0,0.0,0.0
23640,SET 10 CARDS SCOTTIE DOG 17211,22.410000000000004,9,8,0.0,0.0,0.0,0.0
21018,BIRD BOX CHRISTMAS TREE DECORATION,22.06,24,6,0.0,0.0,0.0,0.0
90035C,"PEARL & SHELL 42""NECKL. IVORY",21.5,2,1,0.0,0.0,0.0,0.0
84387A,BIRD ON BRANCH CANVAS SCREEN,21.45,11,1,0.0,0.0,0.0,0.0
84551,CROCHET DOG KEYRING,21.449999999999996,13,2,0.0,0.0,0.0,0.0
20695,FLORAL BLUE MONSTER,21.25,5,4,0.0,0.0,0.0,0.0
90001B,ANTIQUE MID BLUE FLOWER EARRINGS,21.15,5,3,0.0,0.0,0.0,0.0
90001C,ANTIQUE OPAL WHITE FLOWER EARRINGS,21.130000000000003,5,5,0.0,0.0,0.0,0.0
90125E,AMBER BERTIE GLASS BEAD BAG CHARM,21.05,11,10,0.0,0.0,0.0,0.0
23691,KEEP CALM BIRTHDAY WRAP,21.0,50,2,0.0,0.0,0.0,0.0
23692,WRAP A PRETTY THANK YOU,21.0,50,2,0.0,0.0,0.0,0.0
16169P,WRAP GREEN RUSSIAN FOLKART,21.0,50,2,0.0,0.0,0.0,0.0
90001A,ANTIQUE RASPBERRY FLOWER EARRINGS,20.950000000000003,5,4,0.0,0.0,0.0,0.0
17001,HEAVENS SCENT FRAGRANCE OILS ASSTD,20.88,72,1,0.0,0.0,0.0,0.0
23388,WOODLAND MINI RUCKSACK,20.75,5,2,0.0,0.0,0.0,0.0
47518f,ICON PLACEMAT POP ART ELVIS,20.73,5,5,0.0,0.0,0.0,0.0
46776a,WOVEN BUBBLE GUM CUSHION COVER,20.65,5,1,0.0,0.0,0.0,0.0
90141D,ROSE PENDANT TRIPLE SHELL NECKLACE,20.36,4,2,0.0,0.0,0.0,0.0
90214P,"LETTER ""P"" BLING KEY RING",20.229999999999997,39,16,0.0,0.0,0.0,0.0
90034,WHITE SILVER NECKLACE SHELL GLASS,20.17,2,2,0.0,0.0,0.0,0.0
84415B,BLUE FLOCK CUSHION COVER,20.0,8,3,0.0,0.0,0.0,0.0
23646,SET 10 CARDS JINGLE BELLS 16957,19.92,8,5,0.0,0.0,0.0,0.0
23616,SET 10 CARDS JINGLE BELLS 17217,19.92,8,7,0.0,0.0,0.0,0.0
23601,SET 10 CARDS SNOWY SNOWDROPS  17100,19.92,8,4,0.0,0.0,0.0,0.0
21681,GIANT MEDINA STAMPED METAL BOWL,19.9,2,2,0.0,0.0,0.0,0.0
22776,"CAKESTAND, 3 TIER, LOVEHEART",19.9,2,1,863.0,93.0,40.0,0.9789473684210527
37491A,YELLOW/PINK CERAMIC CANDLE HOLDER,19.81,6,4,0.0,0.0,0.0,0.0
90156,RESIN BRACELET W PASTEL BEADS,19.8,4,3,0.0,0.0,0.0,0.0
23031,DOORKNOB CRACKED GLAZE PINK,19.799999999999997,12,2,33.0,20.0,9.0,0.625
85024C,PINK SMALL JEWELLED PHOTOFRAME,19.799999999999997,12,9,1.65,1.0,1.0,0.07692307692307693
23029,DOORKNOB CRACKED GLAZE GREEN,19.799999999999997,12,2,46.199999999999996,28.0,8.0,0.7
23249,ENAMEL DINNER PLATE PANTRY,19.799999999999997,12,1,87.71,55.0,7.0,0.8208955223880597
37487B,YELLOW/ORANGE FLOWER DESIGN PLATE,19.72,68,2,0.0,0.0,0.0,0.0
85028L,FRENCH CHATEAU LARGE FRUIT BOWL,19.5,10,4,0.0,0.0,0.0,0.0
79062D,"RETRO TIN ASHTRAY,REVOLUTIONARY",19.4,52,4,0.0,0.0,0.0,0.0
85047,WHITE BEADED GARLAND STRING 20LIGHT,19.049999999999997,3,2,18.25,3.0,2.0,0.5
21538,DAIRY MAID  PUDDING BOWL,18.75,5,2,0.0,0.0,0.0,0.0
21416,CLAM SHELL LARGE,18.75,5,4,0.0,0.0,0.0,0.0
23056,CRYSTAL CHANDELIER T-LIGHT HOLDER,18.75,3,1,1859.07,579.0,7.0,0.9948453608247423
44092C,PURPLE/COPPER HANGING LAMPSHADE,18.7,22,8,0.0,0.0,0.0,0.0
84856S,SMALL TAHITI BEACH BAG,18.6,4,1,3.81,1.0,1.0,0.2
90041,PEARL AND CHERRY QUARTZ BRACLET,18.27,5,4,0.0,0.0,0.0,0.0
35607B,BLACK FEATHER CHRISTMAS DECORATION,18.240000000000002,96,7,0.0,0.0,0.0,0.0
72821,CUPID SCENTED CANDLE IN GLASS,18.15,11,4,0.0,0.0,0.0,0.0
21661,VINTAGE GLASS TEA CADDY,17.85,3,3,0.0,0.0,0.0,0.0
90060D,FIRE POLISHED GLASS NECKL BRONZE,17.85,3,3,0.0,0.0,0.0,0.0
84856L,LARGE TAHITI BEACH BAG,17.82,2,2,0.0,0.0,0.0,0.0
22134,LADLE LOVE HEART RED,17.82,24,9,0.0,0.0,0.0,0.0
20935,ROUND CACTUS CANDLE,17.700000000000003,6,4,0.0,0.0,0.0,0.0
90162A,ANT SILVER TURQUOISE BOUDICCA RING,17.700000000000003,6,1,0.0,0.0,0.0,0.0
90027A,GLASS BEAD HOOP EARRINGS BLACK,17.66,6,3,0.0,0.0,0.0,0.0
90179B,PURPLE FINE BEAD NECKLACE W TASSEL,17.59,3,3,0.0,0.0,0.0,0.0
84596b,SMALL DOLLY MIX DESIGN ORANGE BOWL,17.57,7,5,0.0,0.0,0.0,0.0
90011A,MIDNIGHT BLUE CRYSTAL DROP EARRINGS,17.509999999999998,6,6,0.0,0.0,0.0,0.0
90130A,WHITE STONE/CRYSTAL EARRINGS,17.5,6,6,0.0,0.0,0.0,0.0
79331,PINK FLOCK GLASS CANDLEHOLDER,17.5,26,3,0.0,0.0,0.0,0.0
35597D,PINK/WHITE CHRISTMAS TREE 30CM,17.48,46,2,0.0,0.0,0.0,0.0
23627,SET 10 CARDS XMAS GRAPHIC  17218,17.43,7,2,0.0,0.0,0.0,0.0
22963,JAM JAR WITH BLUE LID,17.28,24,1,90.86,115.0,12.0,0.8273381294964028
37489D,PINK/GREEN FLOWER DESIGN BIG MUG,17.16,40,16,0.0,0.0,0.0,0.0
47574B,ENGLISH ROSE SCENTED HANGING HEART,17.0,4,2,0.0,0.0,0.0,0.0
85084,HOLLY TOP CHRISTMAS STOCKING,17.0,20,7,0.0,0.0,0.0,0.0
90026A,GLASS BEAD HOOP NECKLACE BLACK,17.0,2,1,0.0,0.0,0.0,0.0
23342,MINT DINER CLOCK,17.0,2,1,8.5,1.0,1.0,0.3333333333333333
22777,GLASS BELL JAR LARGE,17.0,2,1,41.65,5.0,4.0,0.7142857142857143
35645,VINTAGE BEAD PINK JEWEL BOX,17.0,4,3,0.0,0.0,0.0,0.0
21120,*Boombox Ipod Classic,16.98,1,1,0.0,0.0,0.0,0.0
21595,Dad's Cab Electronic Meter,16.94,2,2,0.0,0.0,0.0,0.0
85035a,GARDENIA 3 WICK MORRIS BOXED CANDLE,16.94,2,2,0.0,0.0,0.0,0.0
20954,*USB Office Mirror Ball,16.94,2,2,0.0,0.0,0.0,0.0
90024D,NEW BAROQUE B'FLY NECKLACE PINK,16.82,2,2,0.0,0.0,0.0,0.0
90024E,NEW BAROQUE B'FLY NECKLACE MONTANA,16.810000000000002,2,2,0.0,0.0,0.0,0.0
21144,PINK POODLE HANGING DECORATION,16.8,5,2,4.5600000000000005,12.0,1.0,0.7058823529411765
37489B,BLUE/YELLOW FLOWER DESIGN BIG MUG,16.77,31,12,0.0,0.0,0.0,0.0
23644,SET 10 CARDS CHRISTMAS TREE 16955,16.65,5,5,0.0,0.0,0.0,0.0
84031a,CHARLIE+LOLA RED HOT WATER BOTTLE,16.63,1,1,0.0,0.0,0.0,0.0
DCGS0004,HAYNES CAMPER SHOULDER BAG,16.63,1,1,0.0,0.0,0.0,0.0
84031b,CHARLIE LOLA BLUE HOT WATER BOTTLE,16.63,1,1,0.0,0.0,0.0,0.0
85036a,GARDENIA 1 WICK MORRIS BOXED CANDLE,16.58,2,1,0.0,0.0,0.0,0.0
90137,PINK COMBO MINI CRYSTALS NECKLACE,16.310000000000002,3,3,0.0,0.0,0.0,0.0
35647,VINTAGE BEAD PINK SHADE,16.25,13,2,0.0,0.0,0.0,0.0
16248B,BLUE HOLE PUNCH,16.25,13,7,0.0,0.0,0.0,0.0
23502,PLAYING CARDS VINTAGE DOILEY,16.25,13,2,0.0,0.0,0.0,0.0
90089,PINK CRYSTAL SKULL PHONE CHARM,16.22,32,9,0.0,0.0,0.0,0.0
85160a,WHITE BIRD GARDEN DESIGN MUG,16.13,1,1,0.0,0.0,0.0,0.0
90214V,"LETTER ""V"" BLING KEY RING",15.979999999999999,26,14,0.0,0.0,0.0,0.0
72815,3 WICK CHRISTMAS BRIAR CANDLE,15.97,3,2,15.0,4.0,1.0,0.5714285714285714
85136B,BLUE SHARK HELICOPTER,15.9,2,2,0.0,0.0,0.0,0.0
84795C,OCEAN STRIPE HAMMOCK,15.9,2,1,0.0,0.0,0.0,0.0
22778,GLASS BELL JAR SMALL,15.8,4,1,223.12,64.0,18.0,0.9411764705882353
DCGS0069,OOH LA LA DOGS COLLAR,15.79,1,1,0.0,0.0,0.0,0.0
78034B,BLUE NETTING STORAGE HANGER,15.6,8,6,0.0,0.0,0.0,0.0
20816,GOLD FLOWER CUSHION COVER,15.6,8,2,0.0,0.0,0.0,0.0
90214F,"LETTER ""F"" BLING KEY RING",15.429999999999998,27,15,0.0,0.0,0.0,0.0
84989A,75 GREEN FAIRY CAKE CASES,15.400000000000002,28,17,0.0,0.0,0.0,0.0
35817P,"ACRYLIC JEWEL SNOWFLAKE,PINK",15.299999999999999,6,1,0.0,0.0,0.0,0.0
22932,BAKING MOULD TOFFEE CUP  CHOCOLATE,15.299999999999999,6,1,262.8,120.0,2.0,0.9523809523809523
17107D,FLOWER FAIRY 5 SUMMER DRAW LINERS,15.299999999999999,6,1,0.0,0.0,0.0,0.0
90132,LIGHT TOPAZ TEAL/AQUA COL NECKLACE,15.16,3,3,0.0,0.0,0.0,0.0
90140,PINK SWEETIE NECKLACE,15.120000000000001,2,2,0.0,0.0,0.0,0.0
72024U,LILAC VOTIVE CANDLE,15.120000000000001,72,3,0.0,0.0,0.0,0.0
84660b,BLACK STITCHED WALL CLOCK,15.08,2,2,0.0,0.0,0.0,0.0
35610A,PINK CHRISTMAS FLOCK DROPLET,15.02,10,3,0.0,0.0,0.0,0.0
84462,3 PINK HEN+CHICKS IN BASKET,15.0,12,6,0.0,0.0,0.0,0.0
84705C,PINK FLOCK PHOTO FRAME,15.0,12,1,0.0,0.0,0.0,0.0
23449,SET OF 6 EASTER RAINBOW CHICKS,15.0,12,1,0.0,0.0,0.0,0.0
90078,PINK/WHITE GLASS DEMI CHOKER,15.0,2,1,0.0,0.0,0.0,0.0
23251,ENAMEL MUG PANTRY,15.0,12,1,72.5,58.0,5.0,0.8285714285714286
17191A,ROSE FLOWER CANDLE+INCENSE 16X16CM,15.0,4,2,0.0,0.0,0.0,0.0
84415A,PINK FLOCK SUEDE CUSHION COVER,15.0,12,2,0.0,0.0,0.0,0.0
90069,RUBY GLASS CLUSTER NECKLACE,15.0,2,1,0.0,0.0,0.0,0.0
23212,PAINTED HEART WREATH WITH BELL,15.0,12,1,75.0,60.0,3.0,0.8333333333333334
90189A,SILVER 2 STRAND NECKLACE-LEAF CHARM,15.0,2,2,0.0,0.0,0.0,0.0
90025F,BAROQUE BUTTERFLY EARRINGS CRYSTAL,14.96,4,4,0.0,0.0,0.0,0.0
23621,SET 10 CARDS DAVID'S MADONNA 17074,14.940000000000001,6,4,0.0,0.0,0.0,0.0
23282,FOLDING MIRROR IVORY,14.939999999999998,18,2,0.0,0.0,0.0,0.0
23281,FOLDING MIRROR RED,14.939999999999998,18,2,0.0,0.0,0.0,0.0
84509g,SET OF 4 FAIRY CAKE PLACEMATS,14.92,2,2,0.0,0.0,0.0,0.0
90048,GREEN WITH METAL BAG CHARM,14.850000000000001,3,1,0.0,0.0,0.0,0.0
85031C,CURIOUS IMAGES SCRAP BOOK SET,14.850000000000001,3,1,0.0,0.0,0.0,0.0
90046,WHITE WITH METAL BAG CHARM,14.850000000000001,3,1,0.0,0.0,0.0,0.0
84593,CROCHET ROSE DES CLOTHES HANGER,14.750000000000002,5,1,0.0,0.0,0.0,0.0
23634,SET 10 CARDS XMAS CHOIR 17068,14.55,5,5,0.0,0.0,0.0,0.0
90182B,AMETHYST 3 BEAD DROP EARRINGS,14.5,5,5,0.0,0.0,0.0,0.0
16202B,PASTEL BLUE PHOTO ALBUM,14.5,29,2,0.0,0.0,0.0,0.0
90027C,GLASS BEAD HOOP EARRINGS GREEN,14.5,5,5,0.0,0.0,0.0,0.0
37489A,YELLOW/PINK FLOWER DESIGN BIG MUG,14.43,33,14,0.0,0.0,0.0,0.0
47593A,CAROUSEL PONIES BABY BIB,14.37,33,12,0.0,0.0,0.0,0.0
90052,CRACKED GLAZE NECKLACE BROWN,14.14,2,2,0.0,0.0,0.0,0.0
62043B,BLUE CHECK BAG W HANDLE 34X20CM,14.11,17,5,0.83,1.0,1.0,0.05555555555555555
71143,ANTIQUE SILVER BOOK MARK WITH BEADS,14.11,17,3,0.0,0.0,0.0,0.0
23540,"WALL ART , THE MAGIC FOREST",13.9,2,1,0.0,0.0,0.0,0.0
79336,LIGHT PINK FLOCK GLASS CANDLEHOLDER,13.680000000000003,36,3,0.0,0.0,0.0,0.0
37489C,GREEN/BLUE FLOWER DESIGN BIG MUG,13.65,23,8,0.0,0.0,0.0,0.0
85017A,ENVELOPE 50 ROMANTIC IMAGES,13.58,16,8,0.0,0.0,0.0,0.0
90065B,BLACK VINT ART DEC CRYSTAL BRACELET,13.5,2,2,0.0,0.0,0.0,0.0
90214T,"LETTER ""T"" BLING KEY RING",13.459999999999999,24,11,0.0,0.0,0.0,0.0
84745A,PINK HANGING GINGHAM EASTER HEN,13.44,32,5,0.0,0.0,0.0,0.0
84745B,BLUE HANGING GINGHAM EASTER HEN,13.44,32,5,0.0,0.0,0.0,0.0
90014C,SILVER AND BLACK ORBIT NECKLACE,13.350000000000001,2,2,0.0,0.0,0.0,0.0
23639,SET 10 CARDS MAGICAL TREE 17086,13.32,4,4,0.0,0.0,0.0,0.0
23607,SET 10 CARDS HATS & STOCKINGS 17081,13.28,8,7,0.0,0.0,0.0,0.0
23271,CHRISTMAS TABLE CANDLE SILVER SPIKE,13.28,16,1,0.0,0.0,0.0,0.0
22952,72 CAKE CASES VINTAGE CHRISTMAS,13.200000000000001,24,1,140.4,312.0,4.0,0.9285714285714286
37491C,GREEN/BLUE CERAMIC CANDLE HOLDER,13.2,8,1,0.0,0.0,0.0,0.0
84388,WISE MAN STAR SHAPE EGG PAN,13.14,24,6,0.0,0.0,0.0,0.0
37462E,"PET MUG, GOLDFISH",13.1,36,12,0.0,0.0,0.0,0.0
16162L,THE KING GIFT BAG,13.0,20,8,0.0,0.0,0.0,0.0
47013C,WINE BOTTLE DRESSING DARK BLUE,12.969999999999999,52,12,1.44,12.0,1.0,0.1875
18097A,PINK TALL PORCELAIN T-LIGHT HOLDER,12.75,5,4,0.0,0.0,0.0,0.0
21895,POTTING SHED SOW 'N' GROW SET,12.72,2,2,0.0,0.0,0.0,0.0
DCGS0070,CAMOUFLAGE DOG COLLAR,12.72,1,1,0.0,0.0,0.0,0.0
90042C,FRESHWATER PEARL BRACELET IVORY,12.7,5,5,0.0,0.0,0.0,0.0
90055,CRACKED GLAZE EARRINGS BROWN,12.53,5,5,0.0,0.0,0.0,0.0
90037C,TINY CRYSTAL BRACELET BLUE,12.52,5,5,0.0,0.0,0.0,0.0
23071,MARIE ANTOIENETT TRINKET BOX GOLD,12.5,1,1,434.0,76.0,4.0,0.987012987012987
20671,BLUE TEATIME PRINT BOWL,12.5,10,2,0.0,0.0,0.0,0.0
23635,SET 10 CARDS CHRISTMAS HOLLY  17259,12.48,3,3,0.0,0.0,0.0,0.0
90020,FILIGREE DIAMANTE CHAIN,12.48,1,1,0.0,0.0,0.0,0.0
23654,SET 10 CARD SNOWMAN 16965,12.450000000000001,5,4,0.0,0.0,0.0,0.0
82613c,"METAL SIGN,CUPCAKE SINGLE HOOK",12.399999999999999,5,4,0.0,0.0,0.0,0.0
17164B,ASS COL SMALL SAND GECKO P'WEIGHT,12.18,29,9,0.0,0.0,0.0,0.0
79329,PINK FLOCK GLASS CANDLEHOLDER,12.18,12,2,0.0,0.0,0.0,0.0
84016,FLAG OF ST GEORGE CAR FLAG,12.16,27,2,0.0,0.0,0.0,0.0
90021,LASER CUT MULTI STRAND NECKLACE,11.95,1,1,0.0,0.0,0.0,0.0
90178B,PURPLE CHUNKY GLASS+BEAD NECKLACE,11.95,1,1,0.0,0.0,0.0,0.0
84620,BLUE GINGHAM ROSE CUSHION COVER,11.9,2,1,0.0,0.0,0.0,0.0
84614A,PINK BAROQUE FLOCK CANDLE HOLDER,11.9,2,1,0.0,0.0,0.0,0.0
44092B,BLUE WHITE PLASTIC RINGS LAMPSHADE,11.899999999999999,14,5,0.0,0.0,0.0,0.0
90214Z,"LETTER ""Z"" BLING KEY RING",11.84,22,10,0.0,0.0,0.0,0.0
37444B,BLUE BREAKFAST CUP AND SAUCER,11.8,4,3,0.0,0.0,0.0,0.0
35818B,"ACRYLIC JEWEL ICICLE, BLUE",11.780000000000001,31,3,0.0,0.0,0.0,0.0
16162M,THE KING GIFT BAG 25x24x12cm,11.76,28,8,0.0,0.0,0.0,0.0
16043,POP ART PUSH DOWN RUBBER,11.759999999999998,98,2,0.0,0.0,0.0,0.0
23608,SET 10 CARDS RUDOLPHS NOSE 17097,11.64,4,3,0.0,0.0,0.0,0.0
23605,SET 10 CARDS 12 DAYS OF XMAS 17059,11.64,4,1,0.0,0.0,0.0,0.0
85184c,SET 4 VALENTINE DECOUPAGE HEART BOX,11.58,2,2,0.0,0.0,0.0,0.0
71050,SMALL SINGLE FLAME CANDLE HOLDER,11.549999999999999,33,6,0.0,0.0,0.0,0.0
72798C,SET/4 GARDEN ROSE DINNER CANDLE,11.549999999999999,7,3,0.0,0.0,0.0,0.0
90152B,BLUE/GREEN SHELL NECKLACE W PENDANT,11.46,2,2,0.0,0.0,0.0,0.0
23299,"FOOD COVER WITH BEADS , SET 2 SIZES",11.25,3,1,30.0,8.0,2.0,0.7272727272727273
90025D,BAROQUE BUTTERFLY EARRINGS PINK,11.19,3,3,0.0,0.0,0.0,0.0
84536a,ENGLISH ROSE NOTEBOOK A7 SIZE,11.060000000000002,14,4,0.0,0.0,0.0,0.0
37488A,YELLOW PINK FLOWER DESIGN BIG BOWL,10.92,28,3,0.0,0.0,0.0,0.0
79026B,"S/4 ICON COASTER,ELVIS LIVES",10.61,25,9,0.0,0.0,0.0,0.0
16169N,WRAP BLUE RUSSIAN FOLKART,10.5,25,1,0.0,0.0,0.0,0.0
16161M,WRAP  PINK FLOCK,10.5,25,1,0.0,0.0,0.0,0.0
35966,FOLKART CHRISTMAS TREE T-LIGHT HOLD,10.260000000000002,27,2,0.0,0.0,0.0,0.0
40005B,BLUE ORGANDY ROUND LAMPSHADE W BEA,10.2,12,4,0.0,0.0,0.0,0.0
85109,PINK BOUDOIR T-LIGHT HOLDER,10.2,12,1,0.0,0.0,0.0,0.0
35958,FOLKART ZINC STAR CHRISTMAS DEC,10.2,12,3,0.0,0.0,0.0,0.0
44089C,LILAC GAUZE BUTTERFLY LAMPSHADE,10.08,24,6,0.0,0.0,0.0,0.0
23086,ZINC STAR T-LIGHT HOLDER,10.0,8,1,20.0,16.0,1.0,0.6666666666666666
90053,CRACKED GLAZE EARRINGS IVORY,9.99,4,4,0.0,0.0,0.0,0.0
23650,SET 10 CARDS FILIGREE BAUBLE 16961,9.96,4,4,0.0,0.0,0.0,0.0
23615,SET 10 CARDS PRINTED GRAPHIC 17219,9.96,4,4,0.0,0.0,0.0,0.0
23619,SET 10 CARDS POINSETTIA 17093,9.96,4,2,0.0,0.0,0.0,0.0
23624,SET 10 CARD PERFECT NATIVITY 17089,9.96,4,4,0.0,0.0,0.0,0.0
84689,S/2 BEACH HUT TREASURE CHESTS,9.95,3,2,0.0,0.0,0.0,0.0
37474,SET/4 2 TONE EGG SHAPE MIXING BOWLS,9.95,1,1,0.0,0.0,0.0,0.0
DCGS0003,BOXED GLASS ASHTRAY,9.94,4,4,0.0,0.0,0.0,0.0
82613b,"METAL SIGN,CUPCAKE SINGLE HOOK",9.94,4,4,0.0,0.0,0.0,0.0
37491D,PURPLE/BLUE CERAMIC CANDLE HOLDER,9.879999999999999,4,2,0.0,0.0,0.0,0.0
85231g,ORANGE SCENTED SET/9 T-LIGHTS,9.78,6,6,0.0,0.0,0.0,0.0
44242A,LILAC FEATHERS CURTAIN,9.48,12,1,0.0,0.0,0.0,0.0
23441,HAND PAINTED HANGING EASTER EGG,9.24,22,3,0.0,0.0,0.0,0.0
35809B,ENAMEL BLUE RIM TEA CONTAINER,9.18,8,3,0.0,0.0,0.0,0.0
90181C,BLACK GLASS/SHELL/PEARL NECKLACE,9.15,1,1,0.0,0.0,0.0,0.0
90184c,BLACK CHUNKY BEAD BRACELET W STRAP,9.15,1,1,0.0,0.0,0.0,0.0
37351,ORANGE FLOWER MUG,9.06,10,2,0.0,0.0,0.0,0.0
20906,VINTAGE NOTEBOOK BEAUTY GIRL,8.850000000000001,3,2,0.0,0.0,0.0,0.0
45013,FOLDING SHOE TIDY,8.850000000000001,3,2,0.0,0.0,0.0,0.0
84773,RED ROSE AND LACE C/COVER,8.850000000000001,3,1,0.0,0.0,0.0,0.0
90077,BLACK DIAMOND CLUSTER EARRINGS,8.82,3,3,0.0,0.0,0.0,0.0
90011D,PURPLE CRYSTAL DROP EARRINGS,8.76,3,3,0.0,0.0,0.0,0.0
90027B,GLASS BEAD HOOP EARRINGS MONTANA,8.76,3,3,0.0,0.0,0.0,0.0
90011E,AMBER CRYSTAL DROP EARRINGS,8.76,3,3,0.0,0.0,0.0,0.0
16206B,RED PURSE WITH PINK HEART,8.75,7,2,0.0,0.0,0.0,0.0
90130D,RED STONE/CRYSTAL EARRINGS,8.7,3,3,0.0,0.0,0.0,0.0
84732B,CUTE BIRD CEATURE SCREEN,8.58,22,2,0.0,0.0,0.0,0.0
44265,M/COLOUR POM-POM CURTAIN,8.5,2,1,0.0,0.0,0.0,0.0
90167,BEADED LOVE HEART JEWELLERY SET,8.5,10,1,0.0,0.0,0.0,0.0
90102,WHITE FRANGIPANI HAIR CLIP,8.5,10,1,0.0,0.0,0.0,0.0
21410,COUNTRY COTTAGE  DOORSTOP GREEN,8.47,1,1,0.0,0.0,0.0,0.0
72803b,OCEAN SCENT CANDLE JEWELLED DRAWER,8.47,1,1,0.0,0.0,0.0,0.0
85035c,ROSE 3 WICK MORRIS BOX CANDLE,8.47,1,1,0.0,0.0,0.0,0.0
85036b,CHOCOLATE 1 WICK MORRIS BOX CANDLE,8.47,1,1,0.0,0.0,0.0,0.0
85035b,CHOCOLATE 3 WICK MORRIS BOX CANDLE,8.47,1,1,0.0,0.0,0.0,0.0
84975,HEART SHAPED MIRROR,8.45,5,2,0.0,0.0,0.0,0.0
20871,OPULENT VELVET SET/3 CANDLES,8.42,2,1,0.0,0.0,0.0,0.0
21594,Dr. Jam's Arouzer Stress Ball,8.34,2,2,0.0,0.0,0.0,0.0
23612,SET 10 MINICARDS CUTE SNOWMAN 17071,8.299999999999999,5,2,0.0,0.0,0.0,0.0
72802c,VANILLA SCENT CANDLE JEWELLED BOX,8.29,1,1,0.0,0.0,0.0,0.0
85034b,3 WHITE CHOC MORRIS BOXED CANDLES,8.29,1,1,0.0,0.0,0.0,0.0
84924F,PSYCHEDELIC METAL SIGN CALENDAR,7.9,10,3,0.0,0.0,0.0,0.0
16244B,MAXWELL 2 TONE BLUE 60 PAGE PHOTO A,7.85,7,2,0.0,0.0,0.0,0.0
35607A,PINK FLUFFY CHRISTMAS DECORATION,7.82,26,2,0.0,0.0,0.0,0.0
85189,HANGING BUTTERFLY  EGG,7.6499999999999995,9,3,0.0,0.0,0.0,0.0
90042A,FRESHWATER PEARL BRACELET GOLD,7.6499999999999995,3,2,0.0,0.0,0.0,0.0
79149B,SILICON STAR BULB  BLUE,7.56,18,8,0.0,0.0,0.0,0.0
21827,EIGHT PIECE CREEPY CRAWLIE SET,7.5,6,3,0.0,0.0,0.0,0.0
16202E,BLACK PHOTO ALBUM,7.5,15,3,5.55,1.0,1.0,0.0625
90025A,BAROQUE BUTTERFLY EARRINGS BLACK,7.5,2,2,0.0,0.0,0.0,0.0
90068,"RUBY GLASS NECKLACE 42""",7.5,1,1,0.0,0.0,0.0,0.0
85160A,WHITE BIRD GARDEN DESIGN MUG,7.5,6,1,0.0,0.0,0.0,0.0
37379A,PINK CHERRY BLOSSOM CUP & SAUCER,7.5,6,1,0.0,0.0,0.0,0.0
23633,SET 10 CARDS WORLD CHILDREN 17067,7.470000000000001,3,3,0.0,0.0,0.0,0.0
62097B,BLUE STRIPES SHOULDER BAG,7.469999999999999,9,3,0.0,0.0,0.0,0.0
90128A,PINK LEAVES AND BEADS PHONE CHARM,7.43,3,2,0.0,0.0,0.0,0.0
84596g,SMALL CHOCOLATES PINK BOWL,7.38,3,1,0.0,0.0,0.0,0.0
71496B,A4 WALL TIDY RED FLOWERS,7.37,13,4,0.0,0.0,0.0,0.0
85144,JARDIN ETCHED GLASS BUTTER DISH,7.25,1,1,0.0,0.0,0.0,0.0
10124G,ARMY CAMO BOOKCOVER TAPE,7.14,17,4,0.0,0.0,0.0,0.0
90214W,"LETTER ""W"" BLING KEY RING",6.819999999999999,16,5,0.0,0.0,0.0,0.0
90214O,"LETTER ""O"" BLING KEY RING",6.819999999999999,16,5,0.0,0.0,0.0,0.0
35443,RASTA IN BATH W SPLIFF ASHTRAY,6.8,8,6,0.0,0.0,0.0,0.0
84802B,PURPLE ANEMONE ARTIFICIAL FLOWER,6.76,4,1,0.0,0.0,0.0,0.0
10124A,SPOTS ON RED BOOKCOVER TAPE,6.72,16,5,0.0,0.0,0.0,0.0
62074B,ELEPHANT CLIP W SUCTION CUP,6.72,16,4,0.0,0.0,0.0,0.0
35833G,4 GOLD FLOCK CHRISTMAS BALLS,6.72,2,1,0.0,0.0,0.0,0.0
21186,WHITE DOVE HONEYCOMB PAPER GARLAND,6.72,2,1,0.0,0.0,0.0,0.0
23604,SET 10 MINI SANTA & SNOWMAN  17087,6.64,4,2,0.0,0.0,0.0,0.0
20678,LARGE BLACK DIAMANTE HAIRSLIDE,6.6,4,1,0.0,0.0,0.0,0.0
37491B,BLUE/YELLOW CERAMIC CANDLE HOLDER,6.6,4,1,0.0,0.0,0.0,0.0
90126C,AMBER BERTIE MOBILE PHONE CHARM,6.58,2,1,0.0,0.0,0.0,0.0
85224,ASSORTED COLOUR SILK GLASSES CASE,6.300000000000001,3,1,0.0,0.0,0.0,0.0
44089A,PINK GAUZE BUTTERFLY LAMPSHADE,6.3,15,4,0.0,0.0,0.0,0.0
35591T,TURQUOISE CHRISTMAS TREE,6.25,5,4,0.0,0.0,0.0,0.0
85225,BLING KEY RING STAND,6.25,6,3,0.0,0.0,0.0,0.0
21228,"POCKET MIRROR ""GLAMOROUS""",6.25,5,2,0.0,0.0,0.0,0.0
23610,SET 10 CARDS CHRISTMAS ROBIN 17095,6.24,3,3,0.0,0.0,0.0,0.0
90152C,BLUE/NAT SHELL NECKLACE W PENDANT,5.95,1,1,0.0,0.0,0.0,0.0
90060B,FIRE POLISHED GLASS NECKL GOLD,5.95,1,1,0.0,0.0,0.0,0.0
84499,BLACK FLOWER CANDLE PLATE,5.949999999999999,7,2,0.0,0.0,0.0,0.0
90014B,GOLD M.O.P. ORBIT NECKLACE,5.9,2,2,0.0,0.0,0.0,0.0
79161A,ST GEORGE SET OF 10 PARTY LIGHTS,5.9,2,2,0.0,0.0,0.0,0.0
35598C,WHITE CHRISTMAS TREE 60CM,5.9,2,2,0.0,0.0,0.0,0.0
84228,HEN HOUSE WITH CHICK STANDING,5.88,14,3,0.42,1.0,1.0,0.06666666666666667
23617,SET 10 CARDS SWIRLY XMAS TREE 17104,5.82,2,1,0.0,0.0,0.0,0.0
23638,SET 10 CARDS ROBIN WATERPUMP  17096,5.82,2,2,0.0,0.0,0.0,0.0
23652,SET 10 CARD CHRISTMAS STAMPS 16963,5.82,2,1,0.0,0.0,0.0,0.0
90011C,GREEN CRYSTAL DROP EARRINGS,5.8,2,2,0.0,0.0,0.0,0.0
90067B,BROWN VINTAGE VICTORIAN EARRINGS,5.8,2,2,0.0,0.0,0.0,0.0
23630,SET 10 CARDS HANGING BAUBLES 17080,5.48,2,2,2.99,1.0,1.0,0.3333333333333333
21839,MUMMY MOUSE RED GINGHAM RIBBON,5.45,1,1,0.0,0.0,0.0,0.0
35004P,SET OF 3 PINK FLYING DUCKS,5.45,1,1,0.0,0.0,0.0,0.0
81953P,ROUND ARTICULATED PINK CLOCK W/SUCK,5.32,28,3,0.0,0.0,0.0,0.0
37509,NEW ENGLAND MUG W GIFT BOX,5.1,2,2,0.0,0.0,0.0,0.0
20964,POLYESTER FILLER PAD 60x40cm,5.1,2,1,0.0,0.0,0.0,0.0
90142A,GREEN PENDANT SHELL NECKLACE,5.09,1,1,0.0,0.0,0.0,0.0
84803A,PINK ALLIUM  ARTIFICIAL FLOWER,5.07,3,1,0.0,0.0,0.0,0.0
22034,ROBIN CHRISTMAS CARD,5.02,10,4,5.04,12.0,1.0,0.5454545454545454
90135A,ORANGE/FUSCHIA STONES NECKLACE,4.98,1,1,0.0,0.0,0.0,0.0
23649,SET 10 CARDS DECK THE HALLS 16960,4.98,2,2,0.0,0.0,0.0,0.0
47593b,SCOTTIE DOGS BABY BIB,4.9799999999999995,6,1,0.0,0.0,0.0,0.0
90128D,PURPLE LEAVES AND BEADS PHONE CHAR,4.97,2,2,0.0,0.0,0.0,0.0
90128C,GREEN LEAVES AND BEADS PHONE CHARM,4.97,2,2,0.0,0.0,0.0,0.0
84661a,WHITE SQUARE TABLE CLOCK,4.96,1,1,0.0,0.0,0.0,0.0
84661b,BLACK SQUARE TABLE CLOCK,4.96,1,1,0.0,0.0,0.0,0.0
35650,VINTAGE BEAD PINK JEWEL STAND,4.95,1,1,0.0,0.0,0.0,0.0
90081B,LILY BROOCH WHITE/SILVER COLOUR,4.95,1,1,0.0,0.0,0.0,0.0
85031B,BLOSSOM IMAGES SCRAP BOOK SET,4.95,1,1,0.0,0.0,0.0,0.0
85049b,LUSH GREENS RIBBONS,4.92,2,2,0.0,0.0,0.0,0.0
85049d,BRIGHT BLUES RIBBONS,4.92,2,2,0.0,0.0,0.0,0.0
84971l,LARGE HEART FLOWERS HOOK,4.92,2,1,0.0,0.0,0.0,0.0
85231b,CINAMMON SET OF 9 T-LIGHTS,4.92,3,3,0.0,0.0,0.0,0.0
90127A,PINK BEADS+HAND PHONE CHARM,4.92,2,1,0.0,0.0,0.0,0.0
84613C,BLUE NEW BAROQUE FLOCK CANDLESTICK,4.65,1,1,0.0,0.0,0.0,0.0
81950V,FLOWER PURPLE CLOCK WITH SUCKER,4.64,16,3,0.0,0.0,0.0,0.0
71215,METAL BASE FOR CANDLES,4.62,11,2,0.0,0.0,0.0,0.0
79151B,"SILICON CUBE 25W, BLUE",4.62,11,2,0.0,0.0,0.0,0.0
35817P,PINK ACRYLIC JEWEL SNOWFLAKE,4.5600000000000005,12,1,0.0,0.0,0.0,0.0
84206A,3 BLACK CATS W HEARTS BLANK CARD,4.5600000000000005,24,3,0.0,0.0,0.0,0.0
84732D,CUTE RABBIT CEATURE SCREEN,4.29,11,2,0.0,0.0,0.0,0.0
81950V,FLOWER PURPLE CLOCK W/SUCKER,4.25,5,3,0.0,0.0,0.0,0.0
22218,CAKE STAND LACE WHITE,4.25,1,1,0.0,0.0,0.0,0.0
22199,FRYING PAN RED POLKADOT,4.25,1,1,34.0,8.0,2.0,0.8888888888888888
79157V,UBO-LIGHT TRIOBASE PURPLE,4.25,5,3,0.0,0.0,0.0,0.0
20703,BLUE PADDED SOFT MOBILE,4.25,1,1,29.75,7.0,3.0,0.875
47016,LIGHT DECORATION BATTERY OPERATED,4.2,2,1,0.0,0.0,0.0,0.0
20861,GOLD COSMETIC BAG PINK STAR,4.2,2,2,0.0,0.0,0.0,0.0
22206,"MUG , DOTCOMGIFTSHOP.COM",4.17,5,5,0.0,0.0,0.0,0.0
23391,I LOVE LONDON MINI RUCKSACK,4.15,1,1,0.0,0.0,0.0,0.0
46776e,WOVEN CANDY CUSHION COVER,4.13,1,1,0.0,0.0,0.0,0.0
46776b,WOVEN BERRIES CUSHION COVER,4.13,1,1,0.0,0.0,0.0,0.0
47591b,SCOTTIES CHILDRENS APRON,4.13,1,1,0.0,0.0,0.0,0.0
84536b,FAIRY CAKES NOTEBOOK A7 SIZE,4.050000000000001,5,1,0.0,0.0,0.0,0.0
17174,ASSTD RASTA KEY-CHAINS,3.7800000000000002,9,3,0.0,0.0,0.0,0.0
44091A,BLUE CRUSOE CHECK LAMPSHADE,3.78,9,3,0.0,0.0,0.0,0.0
90128B,BLUE LEAVES AND BEADS PHONE CHARM,3.76,2,2,0.0,0.0,0.0,0.0
37464,ROBOT MUG IN DISPLAY BOX,3.75,3,2,0.0,0.0,0.0,0.0
79192A,RETRO PLASTIC 70'S TRAY,3.75,3,2,0.0,0.0,0.0,0.0
90025B,BAROQUE BUTTERFLY EARRINGS RED,3.73,1,1,0.0,0.0,0.0,0.0
90025E,BAROQUE BUTTERFLY EARRINGS MONTANA,3.73,1,1,0.0,0.0,0.0,0.0
35271S,GOLD PRINT PAPER BAG,3.6100000000000003,19,2,0.0,0.0,0.0,0.0
16010,FOLDING CAMPING SCISSOR W/KNIF & S,3.5999999999999996,30,3,0.0,0.0,0.0,0.0
84270,ASSTD DESIGN BUBBLE GUM RING,3.5700000000000003,17,4,0.0,0.0,0.0,0.0
16202A,PASTEL PINK PHOTO ALBUM,3.5,7,2,0.0,0.0,0.0,0.0
90214U,"LETTER ""U"" BLING KEY RING",3.4799999999999995,12,1,0.0,0.0,0.0,0.0
79157B,UBO-LIGHT TRIOBASE BLUE,3.4,4,2,0.0,0.0,0.0,0.0
84802A,WHITE ANEMONE ARTIFICIAL FLOWER,3.38,2,1,0.0,0.0,0.0,0.0
90126A,PINK BERTIE MOBILE PHONE CHARM,3.36,1,1,0.0,0.0,0.0,0.0
21160,KEEP OUT GIRLS DOOR HANGER,3.36,1,1,0.0,0.0,0.0,0.0
22528,GARDENERS KNEELING PAD,3.36,1,1,0.0,0.0,0.0,0.0
85119,WATERING CAN SINGLE HOOK PISTACHIO,3.36,1,1,0.0,0.0,0.0,0.0
23643,SET 10 CARDS CHRISTMAS BAUBLE 16954,3.33,1,1,0.0,0.0,0.0,0.0
84534b,FAIRY CAKE NOTEBOOK A5 SIZE,3.32,2,2,0.0,0.0,0.0,0.0
90187A,BLUE DROP EARRINGS W BEAD CLUSTER,3.32,1,1,0.0,0.0,0.0,0.0
10123C,HEARTS WRAPPING TAPE,3.25,5,3,0.0,0.0,0.0,0.0
47013A,WINE BOTTLE DRESSING LT.BLUE,3.0399999999999996,14,4,0.0,0.0,0.0,0.0
23602,SET 10 CARDS 3 WISE MEN 17107,2.91,1,1,0.0,0.0,0.0,0.0
23609,SET 10 CARDS SNOWY ROBIN 17099,2.91,1,1,0.0,0.0,0.0,0.0
23628,SET 10 CARDS TRIANGLE ICONS  17220,2.91,1,1,0.0,0.0,0.0,0.0
90183c,BLACK DROP EARRINGS W LONG BEADS,2.9,1,1,0.0,0.0,0.0,0.0
m,Manual,2.55,1,1,0.0,0.0,0.0,0.0
90100,NECKLACE+BRACELET SET PINK DAISY,2.55,1,1,0.0,0.0,0.0,0.0
17028J,INCENSE BAZAAR PEACH,2.52,6,1,0.0,0.0,0.0,0.0
35609A,PINK FEATHER CHRISTMAS DECORATION,2.51,1,1,0.0,0.0,0.0,0.0
62096B,PURPLE/TURQ FLOWERS HANDBAG,2.5,2,1,0.0,0.0,0.0,0.0
90037A,TINY CRYSTAL BRACELET RED,2.48,1,1,0.0,0.0,0.0,0.0
84201B,HAPPY BIRTHDAY CARD STRIPEY TEDDY,2.47,13,2,0.0,0.0,0.0,0.0
85179a,GREEN BITTY LIGHT CHAIN,2.46,1,1,0.0,0.0,0.0,0.0
84510e,SET OF 4 GREEN CAROUSEL COASTERS,2.46,1,1,0.0,0.0,0.0,0.0
82613a,"METAL SIGN,CUPCAKE SINGLE HOOK",2.46,1,1,0.0,0.0,0.0,0.0
85049c,ROMANTIC PINKS RIBBONS,2.46,1,1,0.0,0.0,0.0,0.0
84596l,BISCUITS SMALL BOWL LIGHT BLUE,2.46,1,1,0.0,0.0,0.0,0.0
37330,BIG POLKADOT MUG,2.34,6,1,0.0,0.0,0.0,0.0
46115B,GREEN POP ART MAO CUSHION COVER,2.2800000000000002,12,2,0.0,0.0,0.0,0.0
77079,DOLPHIN WINDMILL,2.12,1,1,0.0,0.0,0.0,0.0
85170A,SET/6 IVORY BIRD T-LIGHT CANDLES,2.1,1,1,0.0,0.0,0.0,0.0
90112,PINK DOLLY HAIR CLIPS,2.1,2,1,0.0,0.0,0.0,0.0
20860,GOLD COSMETICS BAG WITH BUTTERFLY,2.1,1,1,0.0,0.0,0.0,0.0
21414,SCALLOP SHELL SOAP DISH,2.1,1,1,0.0,0.0,0.0,0.0
47579,TEA TIME BREAKFAST BASKET,2.1,1,1,0.0,0.0,0.0,0.0
81953B,ROUND BLUE CLOCK WITH SUCKER,2.09,11,3,0.0,0.0,0.0,0.0
84731,3 BIRDS CANVAS SCREEN,2.04,2,2,0.0,0.0,0.0,0.0
21491,SET OF THREE VINTAGE GIFT WRAPS,1.95,1,1,0.0,0.0,0.0,0.0
22323,PINK POLKADOT KIDS BAG,1.95,1,1,0.0,0.0,0.0,0.0
22146,EASTER CRAFT IVY WREATH WITH CHICK,1.95,1,1,0.0,0.0,0.0,0.0
90092,BLUE CRYSTAL BOOT PHONE CHARM,1.66,1,1,0.0,0.0,0.0,0.0
84550,CROCHET LILAC/RED BEAR KEYRING,1.65,1,1,0.0,0.0,0.0,0.0
23664,FLOWER SHOP DESIGN MUG,1.65,1,1,0.0,0.0,0.0,0.0
84206C,CHAMPAGNE TRAY BLANK CARD,1.52,8,2,0.0,0.0,0.0,0.0
84569C,PACK 4 FLOWER/BUTTERFLY PATCHES,1.25,1,1,0.0,0.0,0.0,0.0
21009,ETCHED GLASS STAR TREE DECORATION,1.25,1,1,0.0,0.0,0.0,0.0
23370,SET 36 COLOURING PENCILS DOILEY,1.25,1,1,1.25,1.0,1.0,0.5
84743C,ORANGE FELT VASE + FLOWERS,1.25,1,1,0.0,0.0,0.0,0.0
37461,FUNKY MONKEY MUG,1.25,1,1,0.0,0.0,0.0,0.0
35597A,DUSTY PINK CHRISTMAS TREE 30CM,1.25,1,1,0.0,0.0,0.0,0.0
35597B,BLACKCHRISTMAS TREE 30CM,1.25,1,1,0.0,0.0,0.0,0.0
84977,WIRE FLOWER T-LIGHT HOLDER,1.25,1,1,0.0,0.0,0.0,0.0
84990,60 GOLD AND SILVER FAIRY CAKE CASES,1.1,2,2,0.0,0.0,0.0,0.0
84206B,CAT WITH SUNGLASSES BLANK CARD,0.95,5,1,0.0,0.0,0.0,0.0
84201C,HAPPY BIRTHDAY CARD TEDDY/CAKE,0.95,5,1,0.0,0.0,0.0,0.0
90084,PINK CRYSTAL GUITAR PHONE CHARM,0.85,1,1,0.0,0.0,0.0,0.0
21268,VINTAGE BLUE TINSEL REEL,0.84,2,1,0.0,0.0,0.0,0.0
51014c,"FEATHER PEN,COAL BLACK",0.83,1,1,0.0,0.0,0.0,0.0
23366,SET 12 COLOURING PENCILS DOILEY,0.65,1,1,0.0,0.0,0.0,0.0
84227,HEN HOUSE W CHICK IN NEST,0.42,1,1,0.0,0.0,0.0,0.0
PADS,PADS TO MATCH ALL CUSHIONS,0.003,3,3,0.0,0.0,0.0,0.0
